"County","District Number","District Name","District Type","Activity Status","Affiliation","First Name","Last Name","Job Title","Organization","Address Line 1","Address Line 2","City","State","Zip Code","Zip Code Extension","Phone Number","Phone Extension","District Address 1","District Building Suite","District Address 2","District City","District State","District Zip Code","District Zip Code Extension","District Coordinates (Decimal Degrees)"
"FORT BEND","3071000","FORT BEND COUNTY LID 2","Levee Improvement District","Active","RESPONSIBLE PARTY","RASHID","KHOKHAR","PRESIDENT","FORT BEND COUNTY LID 2","4007 MT VERNON AVE",,"SUGAR LAND","TX","77479","3833","(713)574-5261",,"3200 SOUTHWEST FWY","STE 2600","ALLEN BOONE HUMPHRIES ROBINSON LLP","HOUSTON","TX","77027","7537","POINT (-95.428917993 29.730799994)"
"FORT BEND","2286742","CINCO MUD 14","Municipal Utility District","Active","RESPONSIBLE PARTY","JAMES","REUSS","PRESIDENT","CINCO MUD 14","3200 SOUTHWEST FWY STE 2600",,"HOUSTON","TX","77027","7537","(713)860-6400",,"3200 SOUTHWEST FREEWAY","STE 2600","ALLEN BOONE HUMPHRIES ROBINSON LLP","HOUSTON","TX","77027","7537","POINT (-95.428917993 29.730799994)"
"FORT BEND","3090213","FORT BEND COUNTY MUD 211","Municipal Utility District","Active",,,,,,,,,,,,,,,,,,,,,
"FORT BEND","2286734","CINCO MUD 10","Municipal Utility District","Active","RESPONSIBLE PARTY","CHARLES","MOORE","PRESIDENT","CINCO MUD 10","3200 SOUTHWEST FWY STE 2600",,"HOUSTON","TX","77027","7537","(713)860-6400",,"3200 SOUTHWEST FREEWAY","STE 2600","ALLEN BOONE HUMPHRIES ROBINSON LLP","HOUSTON","TX","77027","7537","POINT (-95.428917993 29.730799994)"
"FORT BEND","8019000","TWINWOOD MUD 1","Municipal Utility District","Active","RESPONSIBLE PARTY","LOUIS","PAINE","BOARD PRESIDENT","TWINWOOD MUD 1","1600 FIRST INTERSTATE BANK PLAZA","1000 LOUISIANA","HOUSTON","TX","77002",,,,"1301 MCKINNEY ST","STE 5100","FULBRIGHT AND JAWORSKI","HOUSTON","TX","77010","3034","POINT (-95.36188 29.75512)"
"FORT BEND","2286726","CINCO MUD 6","Municipal Utility District","Active","RESPONSIBLE PARTY","DUSTIN","HANNAH","PRESIDENT","CINCO MUD 6","3200 SOUTHWEST FWY STE 2600",,"HOUSTON","TX","77027","7537","(713)860-6400",,"3200 SOUTHWEST FWY","STE 2600","ALLEN BOONE HUMPHRIES ROBINSON LLP","HOUSTON","TX","77027","7537","POINT (-95.428917993 29.730799994)"
"FORT BEND","9000056","FORT BEND COUNTY MUD 237C","Municipal Utility District","Active",,,,,,,,,,,,,,,,,,,,,
"FORT BEND","3079982","FORT BEND COUNTY MUD 46","Municipal Utility District","Active","RESPONSIBLE PARTY","RAJNEESH","RAYNIYAR","PRESIDENT","FORT BEND COUNTY MUD 46","1401 ENCLAVE PKWY STE 625",,"HOUSTON","TX","77077","2874","(346)440-1147",,"1401 ENCLAVE PKWY","STE 625",,"HOUSTON","TX","77077","2874","POINT (-95.61794 29.75773)"
"FORT BEND","3081223","FORT BEND COUNTY MUD 134F","Municipal Utility District","Active","RESPONSIBLE PARTY","TERRY","DELASALLE","PRESIDENT","FORT BEND COUNTY MUD 134F","9 GREENWAY PLAZA","STE 1000","HOUSTON","TX","77046","0900","(713)651-0111",,"9 GREENWAY PLAZA",,"STE 1000","HOUSTON","TX","77046","0900","POINT (-95.434491036 29.732207986)"
"FORT BEND","3081988","FORT BEND COUNTY MUD 129","Municipal Utility District","Active","RESPONSIBLE PARTY","BRIAN","GRAY","PRESIDENT","FORT BEND COUNTY MUD 129","202 CENTURY SQUARE BOULEVARD",,"SUGAR LAND","TX","77478","3796","(281)500-9464",,"202 CENTURY SQUARE BOULEVARD",,,"SUGAR LAND","TX","77478","3796","POINT (-95.607059 29.624115005)"
"FORT BEND","9000025","FORT BEND COUNTY MUD 250B","Municipal Utility District","Active","RESPONSIBLE PARTY","WESLEY","ALVEY","BOARD PRESIDENT","FORT BEND COUNTY MUD 250B","3200 SOUTHWEST FREEWAY","STE 2600","HOUSTON","TX","77027","7537","(713)860-6400",,"3200 SOUTHWEST FREEWAY",,"STE 2600","HOUSTON","TX","77027","7537","POINT (-95.428917993 29.730799994)"
"FORT BEND","3081215","FORT BEND COUNTY MUD 134E","Municipal Utility District","Active","RESPONSIBLE PARTY","JASON","KIRBY","BOARD PRESIDENT","FORT BEND COUNTY MUD 134E","9 GREENWAY PLZ STE 1000",,"HOUSTON","TX","77046","0900","(713)651-0111",,"9 GREENWAY PLZ","STE 1000","c/o COATS ROSE","HOUSTON","TX","77046","0900","POINT (-95.434491036 29.732207986)"
"FORT BEND","3079988","FORT BEND COUNTY MUD 49","Municipal Utility District","Active","RESPONSIBLE PARTY","BILL","QUINN","PRESIDENT","FORT BEND COUNTY MUD 49","1155 DAIRY ASHFOR RD STE 875",,"HOUSTON","TX","77079","3034","(713)864-5466",,"1155 DAIRY ASHFORD RD","STE 875",,"HOUSTON","TX","77079","3034","POINT (-95.60716 29.78143)"
"FORT BEND","3071500","FORT BEND COUNTY LID 20","Levee Improvement District","Active","RESPONSIBLE PARTY","JOSEPH","SHEETS","PRESIDENT","FORT BEND COUNTY LID 20","3200 SOUTHWEST FREEWAY","STE 2600","HOUSTON","TX","77027","7537","(713)860-6400",,"3200 SOUTHWEST FWY","STE 2600",,"HOUSTON","TX","77027","7537","POINT (-95.428917993 29.730799994)"
"FORT BEND","6450000","PALMER PLANTATION MUD 1","Municipal Utility District","Active","RESPONSIBLE PARTY","TARA","WAGNER","BOARD PRESIDENT","PALMER PLANTATION MUD 1","6363 WOODWAY DR STE 800",,"HOUSTON","TX","77057","1762","(713)739-1060",,"6363 WOODWAY DR","STE 800","BACON, WALLACE & PHILBIN, LLP","HOUSTON","TX","77057","1799","POINT (-95.496281001 29.755662018)"
"FORT BEND","7573400","SIENNA REGIONAL MUD","Municipal Utility District","Active","RESPONSIBLE PARTY","CARL","BOWLES","PRESIDENT","SIENNA REGIONAL MUD","202 CENTURY SQUARE BOULEVARD",,"SUGAR LAND","TX","77478","3796","(281)500-6050",,"202 CENTURY SQUARE BOULEVARD",,,"SUGAR LAND","TX","77478","3796","POINT (-95.60705899999994 29.62411500500008)"
"FORT BEND","3084949","FORT BEND COUNTY MUD 141","Municipal Utility District","Active",,,,,,,,,,,,,,"3200 SOUTHWEST FWY","STE 2600","ALLEN BOONE HUMPHRIES ROBINSON LLP","HOUSTON","TX","77027","7537","POINT (-95.42891799299997 29.73079999400005)"
"FORT BEND","3077250","FORT BEND COUNTY MUD 190","Municipal Utility District","Active","RESPONSIBLE PARTY","RANDY","YOUNG","BOARD PRESIDENT","FORT BEND COUNTY MUD 190","3200 SOUTHWEST FWY STE 2600",,"HOUSTON","TX","77027","7537","(713)860-6400",,"3200 SOUTHWEST FWY","STE 2600","ALLEN BOONE HUMPHRIES ROBINSON LLP","HOUSTON","TX","77027","7537","POINT (-95.42891799299997 29.73079999400005)"
"FORT BEND","3036000","FIRST COLONY LID","Levee Improvement District","Active","RESPONSIBLE PARTY","SCOTT","JACOBSON","PRESIDENT","FIRST COLONY LID","3200 SOUTHWEST FREEWAY","STE 2600","HOUSTON","TX","77027","7537","(713)860-6400",,"3200 SOUTHWEST FWY","STE 2600","ALLEN BOONE HUMPHRIES ROBINSON LLP","HOUSTON","TX","77027","7537","POINT (-95.42891799299997 29.73079999400005)"
"FORT BEND","3082824","FORT BEND COUNTY MUD 139","Municipal Utility District","Active","RESPONSIBLE PARTY","TAYLOR","BAUMGARTNER","PRESIDENT","FORT BEND COUNTY MUD 139","3200 SOUTHWEST FWY STE 2600",,"HOUSTON","TX","77027","7537","(713)860-6400",,"3200 SOUTHWEST FWY","STE 2600","ALLEN BOONE HUMPHRIES ROBINSON LLP","HOUSTON","TX","77027","7537","POINT (-95.42891799299997 29.73079999400005)"
"FORT BEND","3079929","FORT BEND COUNTY MUD 268","Municipal Utility District","Active","RESPONSIBLE PARTY","VIRGINIA","DEDEN","PRESIDENT","FORT BEND COUNTY MUD 268","3200 SOUTHWEST FWY STE 2600",,"HOUSTON","TX","77027","7537","(713)860-6400",,"3200 SOUTHWEST FWY","STE 2600",,"HOUSTON","TX","77027","7537","POINT (-95.42861 29.730405)"
"FORT BEND","3081762","FORT BEND COUNTY MUD 138","Municipal Utility District","Active",,,,,,,,,,,,,,"3200 SOUTHWEST FWY","STE 2600","ALLEN BOONE HUMPHRIES ROBINSON LLP","HOUSTON","TX","77027","7537","POINT (-95.42891799299997 29.73079999400005)"
"FORT BEND","3081231","FORT BEND COUNTY MUD 136","Municipal Utility District","Active",,,,,,,,,,,,,,"3200 SOUTHWEST FWY","STE 2600","ALLEN BOONE HUMPHRIES ROBINSON LLP","HOUSTON","TX","77027","7537","POINT (-95.42891799299997 29.73079999400005)"
"FORT BEND","3079923","FORT BEND COUNTY MUD 253","Municipal Utility District","Active","RESPONSIBLE PARTY","KAYVON","TABRIZI","BOARD PRESIDENT","FORT BEND COUNTY MUD 253","202 CENTURY SQUARE BLVD",,"SUGAR LAND","TX","77478","3796","(281)500-6050",,"202 CENTURY SQUARE BLVD",,,"SUGAR LAND","TX","77478","3796","POINT (-95.60593 29.62551)"
"FORT BEND","3079920","FORT BEND COUNTY MUD 250","Municipal Utility District","Active","RESPONSIBLE PARTY","DARRIN","FENTRESS","PRESIDENT","FORT BEND COUNTY MUD 250","3200 SOUTHWEST FWY STE 2600",,"HOUSTON","TX","77027","7537","(713)860-6400",,"3200 SOUTHWEST FWY","STE 2600",,"HOUSTON","TX","77027","7537","POINT (-95.428917993 29.730799994)"
"FORT BEND","3080046","FORT BEND COUNTY MUD 77","Municipal Utility District","Inactive","RESPONSIBLE PARTY","ANIL","JEWANEE","BOARD PRESIDENT","FORT BEND COUNTY MUD 77","1300 POST OAK BLVD STE 2400",,"HOUSTON","TX","77056","3044","(713)623-4531",,"1300 POST OAK BLVD","STE 2400",,"HOUSTON","TX","77056","3044","POINT (-95.46004 29.75322)"
"FORT BEND","7108500","PLANTATION MUD","Municipal Utility District","Active","RESPONSIBLE PARTY","JODY","RICCO","PRESIDENT","PLANTATION MUD","1300 POST OAK BLVD","STE 2400","HOUSTON","TX","77056","3044","(713)623-4531",,"1300 POST OAK BLVD","STE 2400","SCHWARTZ PAGE & HARDING LLP","HOUSTON","TX","77056","3078","POINT (-95.460133038 29.753514994)"
"FORT BEND","3079964","FORT BEND COUNTY MUD 37","Municipal Utility District","Active","RESPONSIBLE PARTY","GREG","MURRAY","PRESIDENT","FORT BEND COUNTY MUD 37","2929 ALLEN PKWY STE 3150",,"HOUSTON","TX","77019","7100","(713)489-8977",,"2929 ALLEN PKWY","STE 3150","JOHNSON PETROV LLP","HOUSTON","TX","77019","7100","POINT (-95.396718995 29.759934987)"
"FORT BEND","3079488","FORT BEND COUNTY MUD 185","Municipal Utility District","Active","RESPONSIBLE PARTY","EDWIN","THOMAS","PRESIDENT","FORT BEND COUNTY MUD 185","9 GREENWAY PLZ STE 1000",,"HOUSTON","TX","77046","3653","(713)651-0111",,"9 GREENWAY PLZ","STE 1000","COATS ROSE YALE RYMAN & LEE PC","HOUSTON","TX","77046","3653","POINT (-95.43449103599994 29.73220798600005)"
"FORT BEND","3079921","FORT BEND COUNTY MUD 250A","Municipal Utility District","Active","RESPONSIBLE PARTY","CARA","HELMRICH","PRESIDENT","FORT BEND COUNTY MUD 250A","3200 SOUTHWEST FWY STE 2600",,"HOUSTON","TX","77027","7537","(713)860-6400",,"3200 SOUTHWEST FWY","STE 2600","c/o ABHR","HOUSTON","TX","77027","7537","POINT (-95.428917993 29.730799994)"
"FORT BEND","3075282","FORT BEND COUNTY MUD 198","Municipal Utility District","Active","RESPONSIBLE PARTY","BURKE","SUNDAY","PRESIDENT","FORT BEND COUNTY MUD 198","3200 SOUTHWEST FWY STE 2600",,"HOUSTON","TX","77027","7537","(713)860-6400",,"3200 SOUTHWEST FWY","STE 2600",,"HOUSTON","TX","77027","7537","POINT (-95.42891799299997 29.73079999400005)"
"FORT BEND","2286724","CINCO MUD 5","Municipal Utility District","Active","RESPONSIBLE PARTY","BRUCE","THORNTON","PRESIDENT","CINCO MUD 5","2727 ALLEN PKWY STE 1100",,"HOUSTON","TX","77019","2191","(713)652-6500",,"2727 ALLEN PARKWAY","STE 1100","SMITH MURDAUGH LITTLE & BONHAM LLP","HOUSTON","TX","77019","2191","POINT (-95.39588 29.75926)"
"FORT BEND","3079986","FORT BEND COUNTY MUD 48","Municipal Utility District","Active","RESPONSIBLE PARTY","MEGAN","ROBERTSON","PRESIDENT","FORT BEND COUNTY MUD 48","1401 ENCLAVE PKWY STE 625",,"HOUSTON","TX","77077","2052","(346)440-1147",,"1401 ENCLAVE PKWY","STE 625",,"HOUSTON","TX","77077","2052","POINT (-95.617598992 29.757472006)"
"FORT BEND","3079597","FORT BEND COUNTY MUD 208","Municipal Utility District","Inactive",,,,,,,,,,,,,,,,,,,,,
"FORT BEND","4418000","HARRIS FORT BEND COUNTIES MUD 1","Municipal Utility District","Active","RESPONSIBLE PARTY","DAVID","BEYER","PRESIDENT","HARRIS FORT BEND COUNTIES MUD 1","1300 POST OAK BLVD","STE 2400","HOUSTON","TX","77056","3044","(713)623-4531",,"1300 POST OAK BLVD","STE 1400","SCHWARTZ PAGE & HARDING LLP","HOUSTON","TX","77056","3078","POINT (-95.46013303799998 29.753514994000057)"
"FORT BEND","3075000","FORT BEND COUNTY MUD 2","Municipal Utility District","Active","RESPONSIBLE PARTY","PAM","KELLEY","PRESIDENT","FORT BEND COUNTY MUD 2","3200 SOUTHWEST FREEWAY","STE 2600","HOUSTON","TX","77027","7537","(713)860-6400",,"3200 SOUTHWEST FWY","STE 2600","ALLEN BOONE HUMPHRIES ROBINSON LLP","HOUSTON","TX","77027","7537","POINT (-95.4288 29.73021)"
"FORT BEND","3079326","FORT BEND COUNTY MUD 157","Municipal Utility District","Active","RESPONSIBLE PARTY","LARRY","SHULTZ","PRESIDENT","FORT BEND COUNTY MUD 157","3200 SOUTHWEST FWY","STE 2600","HOUSTON","TX","77027","7537","(713)860-6400",,,,,,,,,
"FORT BEND","3079945","FORT BEND COUNTY MUD 289","Municipal Utility District","Inactive",,,,,,,,,,,,,,,,,,,,,
"FORT BEND","3079900","FORT BEND COUNTY MUD 24","Municipal Utility District","Active","RESPONSIBLE PARTY","BRANDYN","COTTINGHAM","PRESIDENT","FORT BEND COUNTY MUD 24","3200 SOUTHWEST FWY STE 2600",,"HOUSTON","TX","77027","7537","(713)860-6400",,"3200 SOUTHWEST FWY","STE 2600","ALLEN BOONE HUMPHRIES ROBINSON LLP","HOUSTON","TX","77027","7537","POINT (-95.42891799299997 29.73079999400005)"
"FORT BEND","7573700","SIENNA MUD 4","Municipal Utility District","Active","RESPONSIBLE PARTY","RAY","SICK","PRESIDENT","SIENNA PLANTATION MUD 4","3200 SOUTHWEST FRWY","STE 2600","HOUSTON","TX","77027","7537","(713)860-6400",,"3200 SOUTHWEST FWY","STE 2600","ALLEN BOONE HUMPHRIES ROBINSON LLP","HOUSTON","TX","77027","7537","POINT (-95.42861 29.730405)"
"FORT BEND","9000062","FORT BEND COUNTY MUD 253B","Municipal Utility District","Active","RESPONSIBLE PARTY","CHANCE","JONES","DIRECTOR","FORT BEND COUNTY MUD 253B",,,,,,,,,,,,,,,,
"FORT BEND","3073626","FORT BEND COUNTY MMD 1","Municipal Management District","Active","RESPONSIBLE PARTY","RICKY","GARZA","PRESIDENT","FORT BEND COUNTY MMD 1","9 GREENWAY PLAZA","STE 1000","HOUSTON","TX","77046","0900","(713)651-0111",,"9 GREENWAY PLAZA","STE 1100","COATS ROSE","HOUSTON","TX","77046","3653","POINT (-95.434491036 29.732207986)"
"FORT BEND","3073450","FORT BEND COUNTY LID 11","Levee Improvement District","Active","RESPONSIBLE PARTY","MICHAEL","ROZELL","PRESIDENT","FORT BEND COUNTY LID 11","3200 SOUTHWEST FREEWAY","STE 2600","HOUSTON","TX","77027","7537","(713)860-6400",,"3200 SOUTHWEST FWY","STE 2600","ALLEN BOONE HUMPHRIES ROBINSON LLP","HOUSTON","TX","77027","7537","POINT (-95.428917993 29.730799994)"
"FORT BEND","3073750","FORT BEND COUNTY LID 14","Levee Improvement District","Active","RESPONSIBLE PARTY","SUJEETH","DRAKSHARAM","PRESIDENT","FORT BEND COUNTY LID 14","600 Travis St Suite 2350",,"HOUSTON","TX","77002","2629","(713)647-6800",,"600 TRAVIS ST","STE 2350",,"HOUSTON","TX","77002","2629","POINT (-95.364007026 29.760398003)"
"FORT BEND","3079591","FORT BEND COUNTY MUD 206","Municipal Utility District","Active","RESPONSIBLE PARTY","ROBIN","STONER","PRESIDENT","FORT BEND COUNTY MUNICIPAL UTILITY DISTRICT 206","3200 SOUTHWEST FREEWAY","STE 2600","HOUSTON","TX","77027","7537","(713)860-6400",,"3200 SOUTHWEST FWY","STE 2600",,"HOUSTON","TX","77027","7537","POINT (-95.4288 29.73021)"
"FORT BEND","3081497","FORT BEND COUNTY MUD 137","Municipal Utility District","Active","RESPONSIBLE PARTY","VICKI","WARREN","PRESIDENT","FORT BEND COUNTY MUD 137","3200 SOUTHWEST FREEWAY","STE 2600","HOUSTON","TX","77027","7537","(713)860-6400",,"3200 SOUTHWEST FWY","STE 2600","ALLEN BOONE HUMPHRIES ROBINSON LLP","HOUSTON","TX","77027","7537","POINT (-95.4288 29.73021)"
"FORT BEND","3068050","FORT BEND COUNTY IMPROVEMENT DISTRICT 24","Municipal Management District","Active","RESPONSIBLE PARTY","SCOTT","LEAFE","CHAIRMAN","FORT BEND COUNTY IMPROVEMENT DISTRICT 24","PO BOX 22167",,"HOUSTON","TX","77277","2167","(713)595-1200",,"711 LUISIANA ST","STE 2300","c/o BRACEWELL LLP","HOUSTON","TX","77002","2770","POINT (-95.365618027 29.76012798)"
"FORT BEND","3819956","FORT BEND COUNTY MUD 279","Municipal Utility District","Inactive",,,,,,,,,,,,,,,,,,,,,
"FORT BEND","3073200","FORT BEND COUNTY LID 7","Levee Improvement District","Active","RESPONSIBLE PARTY","CINDY","PICAZO","BOARD PRESIDENT","FORT BEND COUNTY LID 7","1300 POST OAK BLVD STE 2400",,"HOUSTON","TX","77056","3044","(713)623-4531",,"1300 POST OAK BLVD","STE 2400","C/O SCHWARTZ PAGE & HARDING LLP","HOUSTON","TX","77056","3078","POINT (-95.460133038 29.753514994)"
"FORT BEND","3073758","FORT BEND COUNTY LID 17","Levee Improvement District","Active","RESPONSIBLE PARTY","DAVID","GORNET","PRESIDENT","FORT BEND COUNTY LID 17","3200 SOUTHWEST FREEWAY","STE 2600","HOUSTON","TX","77027","7537","(713)860-6400",,"3200 SOUTHWEST FWY","STE 2600","ALLEN BOONE HUMPHRIES ROBINSON LLP","HOUSTON","TX","77027","7537","POINT (-95.428917993 29.730799994)"
"FORT BEND","8674000","WILLOW FORK DRAINAGE DISTRICT","Water Control and Improvement District","Active","RESPONSIBLE PARTY","JOHN","SAVAGE","PRESIDENT","WILLOW FORK DRAINAGE DISTRICT","3200 SOUTHWEST FWY STE 2600",,"HOUSTON","TX","77027","7537","(713)860-6400",,"3200 SOUTHWEST FWY","STE 2600",,"HOUSTON","TX","77027","7537","POINT (-95.42891799299997 29.73079999400005)"
"FORT BEND","3081198","FORT BEND COUNTY MUD 134D","Municipal Utility District","Active","RESPONSIBLE PARTY","ROBERT","HERNANDEZ","BOARD PRESIDENT","FORT BEND COUNTY MUD 134D","9 GREENWAY PLZ STE 1000",,"HOUSTON","TX","77046","0900","(713)651-0111",,"9 GREENWAY PLZ","STE 1100","COATS ROSE","HOUSTON","TX","77046","3653","POINT (-95.43449103599994 29.73220798600005)"
"FORT BEND","988500","ALIANA MANAGEMENT DISTRICT","Municipal Management District","Active","RESPONSIBLE PARTY","JEFF","GILMAN","PRESIDENT","ALIANA MANAGEMENT DISTRICT","9 GREENWAY PLAZA","STE 1000","HOUSTON","TX","77046","0900","(713)651-0111",,"9 GREENWAY PLZ","STE 1100","COATS ROSE TALE RYMAN & LEE PC","HOUSTON","TX","77046","0990","POINT (-95.43449103599994 29.73220798600005)"
"FORT BEND","3084500","FORT BEND COUNTY MUD 116","Municipal Utility District","Active","RESPONSIBLE PARTY","CHAD","MILLIS","BOARD PRESIDENT","FORT BEND COUNTY MUD 116","3200 SOUTHWEST FWY STE 2600",,"HOUSTON","TX","77027","7537","(713)860-6400",,"3200 SOUTHWEST FWY","STE 2600","ALLEN BOONE HUMPHRIES ROBINSON LLP","HOUSTON","TX","77027","7597","POINT (-95.428917993 29.730799994)"
"FORT BEND","1542000","BIG OAKS MUD","Municipal Utility District","Active","RESPONSIBLE PARTY","MICHAEL","ABSHIRE","PRESIDENT","BIG OAKS MUD","9 GREENWAY PLAZA","STE 1000","HOUSTON","TX","77046","0900","(713)651-0111",,"9 GREENWAY PLAZA","STE 1100","C/O COATS ROSE PC","HOUSTON","TX","77046","0900","POINT (-95.434491036 29.732207986)"
"FORT BEND","3079972","FORT BEND COUNTY MUD 41","Municipal Utility District","Active","RESPONSIBLE PARTY","JUAN","VILLARREAL","PRESIDENT","FORT BEND COUNTY MUD 41","1300 POST OAK BLVD STE 2400",,"HOUSTON","TX","77056","3044","(713)623-4531",,"1300 POST OAK BLVD","STE 2400","SCHWARTZ PAGE & HARDING LLP","HOUSTON","TX","77056","3044","POINT (-95.460133038 29.753514994)"
"FORT BEND","3079960","FORT BEND COUNTY MUD 35","Municipal Utility District","Active","RESPONSIBLE PARTY","PIERO","BATTISTINI","PRESIDENT","FORT BEND COUNTY MUD 35","1300 POST OAK BLVD STE 2400",,"HOUSTON","TX","77056","3044","(713)623-4531",,"1300 POST OAK BLVD","STE 2400","SCHWARTZ PAGE & HARDING LLP","HOUSTON","TX","77056","3044","POINT (-95.460133038 29.753514994)"
"FORT BEND","3079958","FORT BEND COUNTY MUD 34","Municipal Utility District","Active","RESPONSIBLE PARTY","BILLY","HAEHNEL","PRESIDENT","FORT BEND COUNTY MUD 34","1300 POST OAK BLVD STE 2400",,"HOUSTON","TX","77056","3044","(713)623-4531",,"1300 POST OAK BLVD","STE 2400","SCHWARTZ PAGE & HARDING LLP","HOUSTON","TX","77056","3044","POINT (-95.460133038 29.753514994)"
"FORT BEND","3079338","FORT BEND COUNTY MUD 163","Municipal Utility District","Active","RESPONSIBLE PARTY","RICHARD","PATRICK","PRESIDENT","FORT BEND COUNTY MUD 163","3200 SOUTHWEST FWY STE 2600",,"HOUSTON","TX","77027","7537","(713)860-6400",,"3200 SOUTHWEST FWY","STE 2600",,"HOUSTON","TX","77027","7537","POINT (-95.428917993 29.730799994)"
"FORT BEND","3079872","FORT BEND COUNTY MUD 237A","Municipal Utility District","Active","RESPONSIBLE PARTY","JASON","HALL","BOARD PRESIDENT","FORT BEND COUNTY MUD 237A","1300 Post Oak Boulevard","Suite 2400","HOUSTON","TX","77056","3044",,,"1300 POST OAK BLVD","STE 2400",,"HOUSTON","TX","77056","3044","POINT (-95.46004 29.75322)"
"FORT BEND","3090000","FORT BEND COUNTY WCID 2","Water Control and Improvement District","Active","RESPONSIBLE PARTY","JOHN","ROSE","PRESIDENT","FORT BEND COUNTY WCID 2","3200 SOUTHWEST FREEWAY","STE 2600","HOUSTON","TX","77027","7597","(713)860-6400",,"3200 SOUTHWEST FWY","STE 2600","ALLEN BOONE HUMPHRIES ROBINSON LLP","HOUSTON","TX","77027","7597","POINT (-95.42891799299997 29.73079999400005)"
"FORT BEND","3077163","FORT BEND COUNTY MUD 133","Municipal Utility District","Active","RESPONSIBLE PARTY","DENNIS","HARPER","PRESIDENT","FORT BEND COUNTY MUD 133","3200 SOUTHWEST FWY STE 2600",,"HOUSTON","TX","77027","7537","(713)860-6400",,"3200 SOUTHWEST FWY","STE 2600",,"HOUSTON","TX","77027","7537","POINT (-95.428917993 29.730799994)"
"FORT BEND","3128516","FULSHEAR MUD 4","Municipal Utility District","Active","RESPONSIBLE PARTY","KESAVA","CHAKKA","BOARD PRESIDENT","FULSHEAR MUD 4","9 GREENWAY PLAZA","STE 1000","HOUSTON","TX","77046","0900","(713)651-0111",,"9 GREENWAY PLAZA","STE 1000",,"HOUSTON","TX","77046",,"POINT (-95.434491036 29.732207986)"
"FORT BEND","3084885","FORT BEND COUNTY MUD 124","Municipal Utility District","Active","RESPONSIBLE PARTY","JOHN","BASTAWROUS","PRESIDENT","FORT BEND COUNTY MUD 124","3200 SOUTHWEST FWY STE 2600",,"HOUSTON","TX","77027","7537","(713)860-6400",,"3200 SOUTHWEST FWY","STE 2600","ALLEN BOONE HUMPHRIES ROBINSON LLP","HOUSTON","TX","77027","7537","POINT (-95.428917993 29.730799994)"
"FORT BEND","3088750","FORT BEND COUNTY WCID 11","Municipal Utility District","Inactive",,,,,,,,,,,,,,,,,,,,,
"FORT BEND","3128438","FULSHEAR MUD 3A","Municipal Utility District","Active","RESPONSIBLE PARTY","TEAUNDAE","PERRYMAN","PRESIDENT","FULSHEAR MUD 3A","9 GREENWAY PLZ","STE 1000","HOUSTON","TX","77046","0900","(713)651-0111",,"9 GREENWAY PLZ","STE 1000","COATS ROSE PC","HOUSTON","TX","77046","3653","POINT (-95.43381 29.7318)"
"FORT BEND","3079838","FORT BEND COUNTY MUD 232","Municipal Utility District","Active","RESPONSIBLE PARTY","ALFONSO","CASTREJON","BOARD PRESIDENT","FORT BEND COUNTY MUD 232","9 GREENWAY PLZ STE 1000",,"HOUSTON","TX","77046","0900","(713)651-0111",,"9 GREENWAY PLZ","STE 1000",,"HOUSTON","TX","77046","0900","POINT (-95.434491036 29.732207986)"
"FORT BEND","3079313","FORT BEND COUNTY MUD 161","Municipal Utility District","Active","RESPONSIBLE PARTY","CATHERINE","KIGHT","PRESIDENT","FORT BEND COUNTY MUD 161","3200 SOUTHWEST FREEWAY","STE 2600","HOUSTON","TX","77027","7537","(713)860-6400",,"3200 SOUTHWEST FWY","STE 2600","ALLEN BOONE HUMPHRIES ROBINSON LLP","HOUSTON","TX","77027","7537","POINT (-95.42891799299997 29.73079999400005)"
"FORT BEND","3083437","FORT BEND COUNTY MUD 128","Municipal Utility District","Active","RESPONSIBLE PARTY","MICHAEL","CABIRO","PRESIDENT","FORT BEND COUNTY MUD 128","202 CENTURY SQUARE BLVD",,"SUGAR LAND","TX","77478","3796","(281)500-6050",,"202 CENTURY SQUARE DR",,"THE MULLER LAW GROUP","SUGAR LAND","TX","77478","3796","POINT (-95.607059 29.624115005)"
"FORT BEND","3084875","FORT BEND COUNTY MUD 122","Municipal Utility District","Active","RESPONSIBLE PARTY","DIANE","PERKINS","PRESIDENT","FORT BEND COUNTY MUD 122","3200 SOUTHWEST FREEWAY","STE 2600","HOUSTON","TX","77027","7537","(713)860-6400",,"3200 SOUTHWEST FWY","STE 2600","ALLEN BOONE HUMPHRIES ROBINSON LLP","HOUSTON","TX","77027","7537","POINT (-95.428917993 29.730799994)"
"FORT BEND","3079922","FORT BEND COUNTY MUD 251","Municipal Utility District","Active","RESPONSIBLE PARTY","TYLER","HORNE","BOARD PRESIDENT","FORT BEND COUNTY MUD 251","202 CENTURY SQUARE BLVD",,"SUGAR LAND","TX","77478","3796","(281)500-6050",,"202 CENTURY SQUARE BLVD",,,"SUGAR LAND","TX","77478","3796","POINT (-95.607059 29.624115005)"
"FORT BEND","3093625","KATY WEST MUD","Municipal Utility District","Active","RESPONSIBLE PARTY","SUZANNE","CORBIN","PRESIDENT","KATY WEST MUD","3200 SOUTHWEST FREEWAY","STE 2600","HOUSTON","TX","77027","7537","(713)860-6400",,"3200 SOUTHWEST FWY","STE 2600","ALLEN BOONE HUMPHRIES ROBINSON LLP","HOUSTON","TX","77027","7537","POINT (-95.42891799299997 29.73079999400005)"
"FORT BEND","3079435","FORT BEND COUNTY MUD 173","Municipal Utility District","Active","RESPONSIBLE PARTY","BRANDON","WHITTAKER","PRESIDENT","FORT BEND COUNTY MUD 173","3200 SOUTHWEST FREEWAY","STE 2600","HOUSTON","TX","77027","7537","(713)860-6400",,"3200 SOUTHWEST FWY","STE 2600","c/o ALLEN BOONE HUMPHRIES ROBINSON LLP","HOUSTON","TX","77027","7537","POINT (-95.4288 29.73021)"
"FORT BEND","3079329","FORT BEND COUNTY MUD 156","Municipal Utility District","Active","RESPONSIBLE PARTY","JOSEPH","ELLIS","PRESIDENT","FORT BEND COUNTY MUD 156","3200 SOUTHWEST FWY STE 2600",,"HOUSTON","TX","77027","7537","(713)860-6400",,"3200 SOUTHWEST FWY","STE 2600","ALLEN BOONE HUMPHRIES ROBINSON LLP","HOUSTON","TX","77027","7528","POINT (-95.428917993 29.730799994)"
"FORT BEND","8472530","WEST FORT BEND MANAGEMENT DISTRICT","Municipal Management District","Active","RESPONSIBLE PARTY","ANTHONY","SULAK","PRESIDENT","WEST FORT BEND MANAGEMENT DISTRICT","3200 SOUTHWEST FREEWAY","STE 2600","HOUSTON","TX","77027","7537","(713)860-6400",,"3200 SOUTHWEST FREEWAY",,"STE 2600","HOUSTON","TX","77027","7537","POINT (-95.428917993 29.730799994)"
"FORT BEND","7039000","PECAN GROVE MUD","Municipal Utility District","Active","RESPONSIBLE PARTY","RYAN","YOKUBAITIS","PRESIDENT","PECAN GROVE MUD","3200 SOUTHWEST FWY STE 2600",,"HOUSTON","TX","77027","7537","(713)860-6400",,"3200 SOUTHWEST FWY","STE 2600","ALLEN BOONE HUMPHRIES ROBINSON LLP","HOUSTON","TX","77027","7597","POINT (-95.428917993 29.730799994)"
"FORT BEND","7573650","SIENNA MUD 3","Municipal Utility District","Active","RESPONSIBLE PARTY","DON","TRULL","PRESIDENT","SIENNA PLANTATION MUD 3","3200 SOUTHWEST FWY STE 2600",,"HOUSTON","TX","77027","7537","(713)860-6400",,"3200 SOUTHWEST FWY","STE 2600","ALLEN BOONE HUMPHRIES ROBINSON LLP","HOUSTON","TX","77027","7537","POINT (-95.428917993 29.730799994)"
"FORT BEND","3079491","FORT BEND COUNTY MUD 187","Municipal Utility District","Active","RESPONSIBLE PARTY","LARRY","JUNEK","PRESIDENT","FORT BEND COUNTY MUD 187","3200 SOUTHWEST FREEWAY","SUITE 2600","HOUSTON","TX","77027","7537","(713)860-6400",,"3200 SOUTHWEST FWY","STE 2600","ALLEN BOONE HUMPHRIES ROBINSON LLP","HOUSTON","TX","77027","7537","POINT (-95.428917993 29.730799994)"
"FORT BEND","3080007","FORT BEND COUNTY MUD 146","Municipal Utility District","Active","RESPONSIBLE PARTY","RICHARD","STOLLEIS","BOARD PRESIDENT","FORT BEND COUNTY MUD 146","3200 SOUTHWEST FWY STE 2600",,"HOUSTON","TX","77027","7597","(713)860-6400",,"3200 SOUTHWEST FWY","STE 2600",,"HOUSTON","TX","77027","7537","POINT (-95.428917993 29.730799994)"
"FORT BEND","3079928","FORT BEND COUNTY MUD 264","Municipal Utility District","Inactive",,,,,,,,,,,,,,,,,,,,,
"FORT BEND","3079927","FORT BEND COUNTY MUD 262","Municipal Utility District","Inactive",,,,,,,,,,,,,,,,,,,,,
"FORT BEND","6315625","ORCHARD MUD 2","Municipal Utility District","Inactive",,,,,,,,,,,,,,,,,,,,,
"FORT BEND","3080360","FORT BEND COUNTY MUD 145","Municipal Utility District","Active","RESPONSIBLE PARTY","DEQUITA","BRISCO","PRESIDENT","FORT BEND COUNTY MUD 145","1300 POST OAK BLVD STE 2400",,"HOUSTON","TX","77056","3044","(713)623-4531",,"1300 POST OAK BLVD","STE 2400","SCHWARTZ PAGE & HARDING LLP","HOUSTON","TX","77056","3044","POINT (-95.460133038 29.753514994)"
"FORT BEND","3080713","FORT BEND COUNTY MUD 144","Municipal Utility District","Active","RESPONSIBLE PARTY","TED","TEINERT","PRESIDENT","FORT BEND COUNTY MUD 144","1300 POST OAK BLVD STE 2400",,"HOUSTON","TX","77056","3044","(713)623-4531",,"1300 POST OAK BLVD","STE 2400","SCHWARTZ PAGE & HARDING LLP","HOUSTON","TX","77056","3044","POINT (-95.460133038 29.753514994)"
"FORT BEND","8473400","WEST KEEGANS BAYOU IMPROVEMENT DISTRICT","Water Control and Improvement District","Active","RESPONSIBLE PARTY","AMARJIT","VERMA","PRESIDENT","WEST KEEGANS BAYOU IMPROVEMENT DISTRICT","2929 ALLEN PARKWAY","STE 3150","HOUSTON","TX","77019","7126","(713)489-8977",,"2929 ALLEN PARKWAY",,"STE 3150","HOUSTON","TX","77019","7126","POINT (-95.396718995 29.759934987)"
"FORT BEND","3073625","FORT BEND COUNTY MUD 132","Municipal Utility District","Active","RESPONSIBLE PARTY","BRIAN","DEKLE","PRESIDENT","FORT BEND COUNTY MUD 132","1200 POST OAK BLVD STE 2400",,"HOUSTON","TX","77056","3044","(713)623-4531",,"1300 POST OAK BLVD","STE 2400",,"HOUSTON","TX","77056","3044","POINT (-95.460133038 29.753514994)"
"FORT BEND","3084947","FORT BEND COUNTY MUD 140","Municipal Utility District","Active","RESPONSIBLE PARTY","BARRY","WAITES","PRESIDENT","FORT BEND COUNTY MUD 140","202 CENTURY SQUARE BLVD",,"SUGAR LAND","TX","77478","3796","(281)500-6050",,"202 CENTURY SQUARE BLVD",,"c/o THE MULLER LAW GROUP","SUGAR LAND","TX","77478","3796","POINT (-95.607059 29.624115005)"
"FORT BEND","3080966","FORT BEND COUNTY MUD 134A","Municipal Utility District","Active","RESPONSIBLE PARTY","LARRY","MULLER","PRESIDENT","FORT BEND COUNTY MUD 134A","9 GREENWAY PLZ","STE 1000","HOUSTON","TX","77046","0900","(713)651-0111",,"9 GREENWAY PLZ","STE 1000","c/o COATS ROSE PC","HOUSTON","TX","77046","0900","POINT (-95.434491036 29.732207986)"
"FORT BEND","3080054","FORT BEND COUNTY MUD 81","Municipal Utility District","Active","RESPONSIBLE PARTY","LA","MEYERS","PRESIDENT","FORT BEND COUNTY MUD 81","1550 LAMAR ST STE 2000",,"HOUSTON","TX","77010","4106","(713)651-5151",,"1550 LAMAR ST","STE 2000","FULBRIGHT & JAWORSKI LLP","HOUSTON","TX","77010","4106","POINT (-95.36074 29.75301)"
"FORT BEND","3073380","FORT BEND COUNTY LID 10","Levee Improvement District","Active","RESPONSIBLE PARTY","IKE","AKINWANDE","PRESIDENT","FORT BEND COUNTY LID 10","3200 SOUTHWEST FWY STE 2600",,"HOUSTON","TX","77027","7537","(713)860-6400",,"3200 SOUTHWEST FWY","STE 2600","ALLEN BOONE HUMPHRIES ROBINSON LLP","HOUSTON","TX","77027","7597","POINT (-95.428917993 29.730799994)"
"FORT BEND","3087500","FORT BEND COUNTY WCID 10","Water Control and Improvement District","Active","RESPONSIBLE PARTY","CHAD","HOWARD","PRESIDENT","FORT BEND COUNTY WCID 10","3200 SOUTHWEST FWY STE 2600",,"HOUSTON","TX","77027","7537","(713)860-6400",,"3200 SOUTHWEST FREEWAY","STE 2600",,"HOUSTON","TX","77056","3970","POINT (-95.428917993 29.730799994)"
"FORT BEND","3080008","FORT BEND COUNTY MUD 58","Municipal Utility District","Active","RESPONSIBLE PARTY","CHRIS","COLIHAN","PRESIDENT","FORT BEND COUNTY MUD 58","3200 SOUTHWEST FWY STE 2600",,"HOUSTON","TX","77027","7537","(713)860-6400",,"3200 SOUTHWEST FWY","STE 2600","ALLEN BOONE HUMPHRIES ROBINSON LLP","HOUSTON","TX","77027","7537","POINT (-95.42861 29.730405)"
"FORT BEND","3079984","FORT BEND COUNTY MUD 47","Municipal Utility District","Active","RESPONSIBLE PARTY","JERRY","COGAN","PRESIDENT","FORT BEND COUNTY MUD 47","1401 ENCLAVE PKWY STE 625",,"HOUSTON","TX","77077","2874","(346)440-1147",,"1401 ENCLAVE PKWY","STE 625","c/o POLLEY GARZA PLLC","HOUSTON","TX","77077","2874","POINT (-95.61794 29.75773)"
"FORT BEND","3079935","FORT BEND COUNTY MUD 270","Municipal Utility District","Active",,,,,,,,,,,,,,,,,,,,,
"FORT BEND","3079494","FORT BEND COUNTY MUD 189","Municipal Utility District","Active","RESPONSIBLE PARTY","DIANE","MCGUIRE","PRESIDENT","FORT BEND COUNTY MUD 189","3200 SOUTHWEST FREEWAY","STE 2600","HOUSTON","TX","77027","7537","(713)860-6400",,"3200 SOUTHWEST FWY","STE 2600","ALLEN BOONE HUMPHRIES ROBINSON LLP","HOUSTON","TX","77027","7537","POINT (-95.428917993 29.730799994)"
"FORT BEND","9000097","FORT BEND COUNTY MUD 288","Municipal Utility District","Inactive",,,,,,,,,,,,,,,,,,,,,
"FORT BEND","2286796","CINCO SOUTHWEST MUD 4","Municipal Utility District","Active","RESPONSIBLE PARTY","KERRY","CRELLIN","PRESIDENT","CINCO SOUTHWEST MUD 4","3200 SOUTHWEST FWY STE 2600",,"HOUSTON","TX","77027","7537","(713)860-6400",,"3200 SOUTHWEST FWY","STE 2600","ALLEN BOONE HUMPHRIES ROBINSON LLP","HOUSTON","TX","77027","7537","POINT (-95.428917993 29.730799994)"
"FORT BEND","3076125","FORT BEND COUNTY MUD 194","Municipal Utility District","Active","RESPONSIBLE PARTY","KYLE","MACFARLAN","PRESIDENT","FORT BEND COUNTY MUD 194","3200 SOUTHWEST FWY STE 2600",,"HOUSTON","TX","77027","7537","(713)860-6400",,"3200 SOUTHWEST FWY","STE 2600","ALLEN BOONE HUMPHRIES ROBINSON LLP","HOUSTON","TX","77027","7537","POINT (-95.428917993 29.730799994)"
"FORT BEND","3079425","FORT BEND COUNTY MUD 168","Municipal Utility District","Active","RESPONSIBLE PARTY","RYAN","SMITH","PRESIDENT","FORT BEND COUNTY MUD 168","9 GREENWAY STE 1000",,"HOUSTON","TX","77046","0900","(713)651-0111",,"9 GREENWAY PLZ","STE 1000",,"HOUSTON","TX","77046","0900","POINT (-95.434491036 29.732207986)"
"FORT BEND","2286783","CINCO SOUTHWEST MUD 2","Municipal Utility District","Active","RESPONSIBLE PARTY","ALLEN","HIRSHMAN","PRESIDENT","CINCO SOUTHWEST MUD 2","3200 SOUTHWEST FREEWAY",,"HOUSTON","TX","77027","7537","(713)860-6400",,"3200 SOUTHWEST FWY","STE 2600","ALLEN BOONE HUMPHRIES ROBINSON LLP","HOUSTON","TX","77027","7537","POINT (-95.428917993 29.730799994)"
"FORT BEND","3080018","FORT BEND COUNTY MUD 229","Municipal Utility District","Active","RESPONSIBLE PARTY","BRIAN","EDWARDS","PRESIDENT","FORT BEND COUNTY MUD 229","1300 POST OAK BOULEVARD","STE 2400","HOUSTON","TX","77056","3044","(713)623-4531",,"1300 POST OAK BLVD","STE 2400",,"HOUSTON","TX","77056","3044","POINT (-95.460133038 29.753514994)"
"FORT BEND","7573000","SIENNA PARKS & LID OF FORT BEND COUNTY TEXAS","Levee Improvement District","Active","RESPONSIBLE PARTY","TEMIKA","JONES","PRESIDENT","SIENNA PLANTATION LID","202 CENTURY SQUARE BOULEVARD",,"SUGAR LAND","TX","77478","3796","(281)500-6050",,"202 CENTURY SQUARE BOULEVARD",,,"SUGAR LAND","TX","77478","3796","POINT (-95.607059 29.624115005)"
"FORT BEND","3086775","FORT BEND COUNTY MUD 215","Municipal Utility District","Active","RESPONSIBLE PARTY","GARY","GILLEN","BOARD PRESIDENT","FORT BEND COUNTY MUD 215","1300 POST OAK BLVD","STE 2400","HOUSTON","TX","77056","3044","(713)623-4531",,"1300 POST OAK BLVD","STE 2400",,"HOUSTON","TX","77056","3044","POINT (-95.460133038 29.753514994)"
"FORT BEND","3083288","FORT BEND COUNTY MUD 216","Municipal Utility District","Active","RESPONSIBLE PARTY","PHILLIP","FROEHLICH","BOARD PRESIDENT","FORT BEND COUNTY MUD 216","1300 POST OAK BLVD STE 2400",,"HOUSTON","TX","77056","3044","(713)623-4531",,"1300 POST OAK BLVD","STE 1400","SCHWARTZ PAGE & HARDING LLP","HOUSTON","TX","77056","3078","POINT (-95.460133038 29.753514994)"
"FORT BEND","3082416","FORT BEND COUNTY MUD 218","Municipal Utility District","Active","RESPONSIBLE PARTY","JANIE","COLLIER","PRESIDENT","FORT BEND COUNTY MUD 218","9 GREENWAY PLAZA","STE 1000","HOUSTON","TX","77046","0900","(713)651-0111",,"9 GREENWAY PLAZA","STE 1000",,"HOUSTON","TX","77046","0900","POINT (-95.434491036 29.732207986)"
"FORT BEND","3080672","FORT BEND COUNTY MUD 220","Municipal Utility District","Active","RESPONSIBLE PARTY","CHAD","LEBOUF","PRESIDENT","FORT BEND COUNTY MUD 220","1300 POST OAK BLVD STE 2400",,"HOUSTON","TX","77056","3044","(713)623-4531",,"1300 POST OAK BLVD","STE 2400",,"HOUSTON","TX","77056","3044","POINT (-95.460133038 29.753514994)"
"FORT BEND","3403050","GRAND MISSION MUD 1","Municipal Utility District","Active","RESPONSIBLE PARTY","DARREL","HAWTHORNE","PRESIDENT","GRAND MISSION MUD 1","9 GREENWAY PLZ STE 1000",,"HOUSTON","TX","77046","0900",,,"9 GREENWAY PLZ","STE 1000","COATS ROSE, PC","HOUSTON","TX","77046","0900","POINT (-95.434491036 29.732207986)"
"FORT BEND","9000023","FORT BEND COUNTY MUD 246","Municipal Utility District","Active","RESPONSIBLE PARTY","DAVID","PERERIA","PRESIDENT","FORT BEND COUNTY MUD 246","9 GREENWAY PLAZA","STE 1000","HOUSTON","TX","77046","0900","(713)651-0111",,"9 GREENWAY PLZ","STE 1000","c/o COATS ROSE, PC","HOUSTON","TX","77046","0900","POINT (-95.434491036 29.732207986)"
"FORT BEND","4559942","FORT BEND COUNTY MUD 244","Municipal Utility District","Inactive",,,,,,,,,,,,,,,,,,,,,
"FORT BEND","3084951","FORT BEND COUNTY MUD 142","Municipal Utility District","Active","RESPONSIBLE PARTY","RANDAL","CARTER","PRESIDENT","FORT BEND COUNTY MUD 142","1300 POST OAK BLVD STE 2400",,"HOUSTON","TX","77056","3044","(713)623-4531",,"1300 POST OAK BLVD","STE 2400","SCHWARTZ PAGE & HARDING LLP","HOUSTON","TX","77056","3044","POINT (-95.460133038 29.753514994)"
"FORT BEND","4703000","IMPERIAL REDEVELOPMENT DISTRICT","Municipal Utility District","Active","RESPONSIBLE PARTY","TIM","STUBENROUCH","PRESIDENT","IMPERIAL REDEVELOPMENT DISTRICT","3200 SOUTHWEST FREEWAY","STE 2600","HOUSTON","TX","77027","7537","(713)860-6400",,"3200 SOUTHWEST FWY","STE 2600",,"HOUSTON","TX","77027","7537","POINT (-95.428917993 29.730799994)"
"FORT BEND","5853566","MISSOURI CITY MANAGEMENT DISTRICT 1","Municipal Management District","Active","RESPONSIBLE PARTY","ANTHONY","FRANCIS","PRESIDENT","MISSOURI CITY MANAGEMENT DISTRICT 1","3200 SOUTHWEST FWY STE 2600",,"HOUSTON","TX","77027","7537","(713)860-6400",,"3200 SOUTHWEST FWY","STE 2600",,"HOUSTON","TX","77027","7537","POINT (-95.428917993 29.730799994)"
"FORT BEND","3079438","FORT BEND COUNTY MUD 176","Municipal Utility District","Active","RESPONSIBLE PARTY","SEAN","DANIELS","PRESIDENT","FORT BEND COUNTY MUD 176","3200 SOUTHWEST FWY STE 2600",,"HOUSTON","TX","77027","7537","(713)860-6400",,"3200 SOUTHWEST FWY","STE 2600","ALLEN BOONE HUMPHRIES ROBINSON LLP","HOUSTON","TX","77027","7537","POINT (-95.428917993 29.730799994)"
"FORT BEND","9000059","FORT BEND COUNTY MUD 259","Municipal Utility District","Inactive",,,,,,,,,,,,,,,,,,,,,
"FORT BEND","3128594","TEXAS HERITAGE PARKWAY IMPROVEMENT DISTRICT","Municipal Management District","Active","RESPONSIBLE PARTY","JAMES","FATHEREE","BOARD PRESIDENT","TEXAS HERITAGE PARKWAY IMPROVEMENT DISTRICT","202 CENTURY SQUARE BLVD",,"SUGAR LAND","TX","77478","3796","(281)500-6050",,"202 CENTURY SQUARE BLVD",,,"SUGAR LAND","TX","77478","3796","POINT (-95.607059 29.624115005)"
"FORT BEND","3092866","FORT BEND COUNTY MUD 213","Municipal Utility District","Active","RESPONSIBLE PARTY","CHARLES","LEE","PRESIDENT","FORT BEND COUNTY MUD 213","3200 SOUTHWEST FWY STE 2600",,"HOUSTON","TX","77027","7537","(713)860-6400",,"3200 SOUTHWEST FWY","STE 2600",,"HOUSTON","TX","77027","7537","POINT (-95.428917993 29.730799994)"
"FORT BEND","3084830","FORT BEND COUNTY MUD 119","Municipal Utility District","Active","RESPONSIBLE PARTY","ALAN","SHELBY","PRESIDENT","FORT BEND COUNTY MUD 119","3200 SOUTHWEST FWY STE 2600",,"HOUSTON","TX","77027","7537","(713)860-6400",,"3200 SOUTHWEST FWY","STE 2600","ALLEN BOONE HUMPHRIES ROBINSON LLP","HOUSTON","TX","77027","7537","POINT (-95.428917993 29.730799994)"
"FORT BEND","3747159","FORT BEND COUNTY MUD 184","Municipal Utility District","Active","RESPONSIBLE PARTY","ROBERT","CULLISON","PRESIDENT","FORT BEND COUNTY MUD 184","3200 SOUTHWEST FWY STE 2600",,"HOUSTON","TX","77027","7537","(713)860-6400",,"3200 SOUTHWEST FWY","STE 2600",,"HOUSTON","TX","77027","7702","POINT (-95.4288 29.73021)"
"FORT BEND","3073755","FORT BEND COUNTY LID 15","Levee Improvement District","Active","RESPONSIBLE PARTY","ROHIT","SANKHOLKAR","PRESIDENT","FORT BEND COUNTY LID 15","1300 POST OAK BLVD STE 2400",,"HOUSTON","TX","77056","3044","(713)578-3556",,"1300 POST OAK BLVD","STE 2400",,"HOUSTON","TX","77056","3044","POINT (-95.46004 29.75322)"
"FORT BEND","3127500","FULSHEAR MUD 1","Municipal Utility District","Active","RESPONSIBLE PARTY","BROOKS","TUETING","PRESIDENT","FULSHEAR MUD 1","3200 SOUTHWEST FREEWAY","STE 2600","HOUSTON","TX","77027","7537","(713)860-6400",,"3200 SOUTHWEST FWY","STE 2600","ALLEN BOONE HUMPHRIES ROBINSON LLP","HOUSTON","TX","77027","7537","POINT (-95.428917993 29.730799994)"
"FORT BEND","3079455","FORT BEND COUNTY MUD 149","Municipal Utility District","Active","RESPONSIBLE PARTY","LAURA","THOMPSON","PRESIDENT","FORT BEND COUNTY MUD 149","202 CENTURY SQUARE BLVD",,"SUGAR LAND","TX","77478","3796","(281)500-6050",,"202 CENTURY SQUARE BLVD",,,"SUGAR LAND","TX","77478","3796","POINT (-95.607059 29.624115005)"
"FORT BEND","3072379","FORT BEND COUNTY LID 19","Levee Improvement District","Active","RESPONSIBLE PARTY","KALAPI","SHETH","PRESIDENT","FORT BEND COUNTY LID 19","202 CENTURY SQUARE BLVD",,"SUGAR LAND","TX","77478","3796","(281)500-6050",,"202 CENTURY SQUARE BLVD",,,"SUGAR LAND","TX","77478","3796","POINT (-95.607059 29.624115005)"
"FORT BEND","5983545","NORTH FORT BEND WATER AUTHORITY","Regional District","Active","RESPONSIBLE PARTY","PETER","HOUGHTON","PRESIDENT","NORTH FORT BEND WATER AUTHORITY","3200 SOUTHWEST FWY STE 2600",,"HOUSTON","TX","77027","7537","(713)860-6400",,"3200 SOUTHWEST FWY","STE 2600","ALLEN BOONE HUMPHRIES ROBINSON LLP","HOUSTON","TX","77027","7537","POINT (-95.428917993 29.730799994)"
"FORT BEND","3079989","FORT BEND COUNTY MUD 50","Municipal Utility District","Active","RESPONSIBLE PARTY","LEON","BRIDGES","PRESIDENT","FORT BEND COUNTY MUNICIPAL UTILITY DISTRICT 50","3200 SOUTHWEST FWY STE 2600",,"HOUSTON","TX","77027","7537","(713)860-6400",,"3200 SOUTHWEST FWY","STE 2600","ALLEN BOONE HUMPHRIES ROBINSON LLP","HOUSTON","TX","77027","7537","POINT (-95.428917993 29.730799994)"
"FORT BEND","3079493","FORT BEND COUNTY MUD 188","Municipal Utility District","Active","RESPONSIBLE PARTY","STEPHANIE","HARDIN","BOARD PRESIDENT","FORT BEND COUNTY MUD 188","9 GREENWAY PLZ STE 1000",,"HOUSTON","TX","77046","0900","(713)651-0111",,"9 GREENWAY PLZ","STE 1000","COATS ROSE PC","HOUSTON","TX","77046","3653","POINT (-95.4185 29.7199)"
"FORT BEND","3079800","FORT BEND COUNTY MUD 23","Municipal Utility District","Active","RESPONSIBLE PARTY","WILLIAM","THOMAS","PRESIDENT","FORT BEND COUNTY MUD 23","3200 SOUTHWEST FWY","STE 2600","HOUSTON","TX","77027","7537","(713)860-6400",,"3200 SOUTHWEST FWY","STE 2600","ALLEN BOONE HUMPHRIES ROBINSON LLP","HOUSTON","TX","77027","7537","POINT (-95.428917993 29.730799994)"
"FORT BEND","7573918","SIENNA MUD 12","Municipal Utility District","Active","RESPONSIBLE PARTY","STEPHEN","JACKSON","PRESIDENT","SIENNA MUD 12","3200 SOUTHWEST FWY","STE 2600","HOUSTON","TX","77027","7537","(713)860-6400",,"3200 SOUTHWEST FREEWAY","STE 2600","ALLEN BOONE HUMPHRIES ROBINSON LLP","HOUSTON","TX","77027","7537","POINT (-95.428917993 29.730799994)"
"FORT BEND","3128477","FULSHEAR MUD 3B","Municipal Utility District","Active","RESPONSIBLE PARTY","WENDY","AUSTIN","PRESIDENT","FULSHEAR MUD 3B","9 GREENWAY PLZ","STE 1000","HOUSTON","TX","77046","0900","(713)651-0111",,"9 GREENWAY PLAZA","STE 1000","COATS ROSE PC","HOUSTON","TX","77046","0901","POINT (-95.434491036 29.732207986)"
"FORT BEND","3403125","GRAND MISSION MUD 2","Municipal Utility District","Active","RESPONSIBLE PARTY","JERRY","ULKE","PRESIDENT","GRAND MISSION MUD 2","9 GREENWAY PLZ","STE 1000","HOUSTON","TX","77046","0900","651-0111",,"9 GREENWAY PLZ","STE 1000","COATS ROSE, PC","HOUSTON","TX","77046","0900","POINT (-95.434491036 29.732207986)"
"FORT BEND","3079445","FORT BEND COUNTY MUD 175","Municipal Utility District","Active","RESPONSIBLE PARTY","ALEXA","COX","BOARD PRESIDENT","FORT BEND COUNTY MUD 175","3200 SOUTHWEST FWY STE 2600",,"HOUSTON","TX","77027","7537","(713)860-6400",,"3200 SOUTHWEST FWY","STE 2600",,"HOUSTON","TX","77027","7537","POINT (-95.4288 29.73021)"
"FORT BEND","3079874","FORT BEND COUNTY MUD 237B","Municipal Utility District","Active","RESPONSIBLE PARTY","DAVID","FORD","BOARD PRESIDENT","FORT BEND COUNTY MUD 237B","1300 Post Oak Blvd","Ste 2400","HOUSTON","TX","77056","3044","(713)623-4531",,,,,,,,,
"FORT BEND","3073755","FORT BEND COUNTY LID 15","Levee Improvement District","Active","RESPONSIBLE PARTY","ROHIT","SANKHOLKAR","PRESIDENT","FORT BEND COUNTY LID 15","1300 POST OAK BLVD STE 2400",,"HOUSTON","TX","77056","3044","(281)623-4531",,"1300 POST OAK BLVD","STE 2400",,"HOUSTON","TX","77056","3044","POINT (-95.46004 29.75322)"
"FORT BEND","2286730","CINCO MUD 8","Municipal Utility District","Active","RESPONSIBLE PARTY","DANIEL","COYER","PRESIDENT","CINCO MUD 8","9 GREENWAY PLAZA","STE 1000","HOUSTON","TX","77046","0900","(713)651-0111",,"9 GREENWAY PLAZA",,"STE 1000","HOUSTON","TX","77046","0900","POINT (-95.434491036 29.732207986)"
"FORT BEND","3403010","GRAND LAKES MUD 1","Municipal Utility District","Active","RESPONSIBLE PARTY","WILLIAM","SHUTT","PRESIDENT","GRAND LAKES MUD 1","1300 POST OAK BLVD STE 2400",,"HOUSTON","TX","77056","3044","(713)623-4531",,"1300 POST OAK BLVD","STE 2400","SCHWARTZ PAGE & HARDING LLP","HOUSTON","TX","77056","3044","POINT (-95.460133038 29.753514994)"
"FORT BEND","3084870","FORT BEND COUNTY MUD 121","Municipal Utility District","Active","RESPONSIBLE PARTY","WILLIAM","LOWRY","PRESIDENT","FORT BEND COUNTY MUD 121","3200 SOUTHWEST FWY STE 2600",,"HOUSTON","TX","77027","7537","(713)860-6400",,"3200 SOUTHWEST FWY","STE 2600","ALLEN BOONE HUMPHRIES ROBINSON LLP","HOUSTON","TX","77027","7597","POINT (-95.428917993 29.730799994)"
"FORT BEND","3128125","FULSHEAR MUD 2","Municipal Utility District","Active","RESPONSIBLE PARTY","JEFF","HOGAN","BOARD PRESIDENT","FULSHEAR MUD 2","9 GREENWAY PLZ STE 1000",,"HOUSTON","TX","77046","0900","(713)651-0111",,"COATS ROSE PC",,"9 GREENWAY PLAZA STE 1000","HOUSTON","TX","77046","0320","POINT (-95.435675 29.732845)"
"FORT BEND","3071750","FORT BEND COUNTY LID 21","Levee Improvement District","Inactive",,,,,,,,,,,,,,,,,,,,,
"FORT BEND","3079869","FORT BEND COUNTY MUD 237","Municipal Utility District","Active",,,,,,,,,,,,,,,,,,,,,
"FORT BEND","3403030","GRAND LAKES WCID","Water Control and Improvement District","Active","RESPONSIBLE PARTY","PHILLIP","FRUGE","PRESIDENT","GRAND LAKES WCID","1300 POST OAK BOULEVARD","STE 2400","HOUSTON","TX","77056","3044","(713)623-4531",,"1300 POST OAK BLVD","STE 2400","SCHWARTZ PAGE & HARDING LLP","HOUSTON","TX","77056","3044","POINT (-95.460133038 29.753514994)"
"FORT BEND","3403015","GRAND LAKES MUD 2","Municipal Utility District","Active","RESPONSIBLE PARTY","MICHAEL","MCCLUSKY","PRESIDENT","GRAND LAKES MUD 2","1300 POST OAK BLVD","STE 2400","HOUSTON","TX","77056","3078","(713)623-4531",,"1300 POST OAK BLVD","STE 1400","SCHWARTZ PAGE & HARDING LLP","HOUSTON","TX","77056","3078","POINT (-95.460133038 29.753514994)"
"FORT BEND","3076688","FORT BEND COUNTY MUD 192","Municipal Utility District","Active","RESPONSIBLE PARTY","DARRELL","KAINER","PRESIDENT","FORT BEND COUNTY MUD 192","3200 SOUTHWEST FREEWAY","STE 2600","HOUSTON","TX","77027","7537","(713)860-6400",,"3200 SOUTHWEST FWY","STE 2600","ALLEN BOONE HUMPHRIES ROBINSON LLP","HOUSTON","TX","77027","7537","POINT (-95.428917993 29.730799994)"
"FORT BEND","3080563","FORT BEND COUNTY MUD 222","Municipal Utility District","Active","RESPONSIBLE PARTY","TIMOTHY","WILLIAMSON","BOARD PRESIDENT","FORT BEND COUNTY MUD 222","9 GREENWAY PLAZA","STE 1000","HOUSTON","TX","77046","0900","(713)651-0111",,"9 GREENWAY PLAZA",,"STE 1000","HOUSTON","TX","77046","0900","POINT (-95.434491036 29.732207986)"
"FORT BEND","2286766","CINCO SOUTHWEST MUD 1","Municipal Utility District","Active","RESPONSIBLE PARTY","JACK","MCCLURE","PRESIDENT","CINCO SOUTHWEST MUD 1","3200 SOUTHWEST FWY STE 3200",,"HOUSTON","TX","77027","7538","(713)860-6400",,"3200 SOUTHWEST FWY","STE 2600","ALLEN BOONE HUMPHRIES ROBINSON LLP","HOUSTON","TX","77027","7537","POINT (-95.428917993 29.730799994)"
"FORT BEND","3079551","FORT BEND COUNTY MUD 200","Municipal Utility District","Active","RESPONSIBLE PARTY","ROBERT","WHELESS","PRESIDENT","FORT BEND COUNTY MUD 200","3200 SOUTHWEST FWY STE 2600",,"HOUSTON","TX","77027","7537","(713)860-6400",,"3200 SOUTHWEST FWY","STE 2600","ALLEN BOONE HUMPHRIES ROBINSON LLP","HOUSTON","TX","77027","7537","POINT (-95.428917993 29.730799994)"
"FORT BEND","3079350","FORT BEND COUNTY MUD 165","Municipal Utility District","Active","RESPONSIBLE PARTY","CHRISTINE","OLIVER","PRESIDENT","FORT BEND COUNTY MUD 165","3200 SOUTHWEST FWY STE 2600",,"HOUSTON","TX","77027","7537","(713)860-6400",,"3200 SOUTHWEST FWY","STE 2600","ALLEN BOONE HUMPHRIES ROBINSON LLP","HOUSTON","TX","77027","7537","POINT (-95.428917993 29.730799994)"
"FORT BEND","3079594","FORT BEND COUNTY MUD 207","Municipal Utility District","Active","RESPONSIBLE PARTY","BEN","JONES","PRESIDENT","FORT BEND COUNTY MUD 207","1300 POST OAK BLVD STE 2400",,"HOUSTON","TX","77056","3078","(713)623-4531",,"1300 POST OAK BLVD","STE 2400",,"HOUSTON","TX","77056","3078","POINT (-95.460133038 29.753514994)"
"FORT BEND","4559962","FORT BEND COUNTY MUD 269B","Municipal Utility District","Active","RESPONSIBLE PARTY","MARY","DREWS","DIRECTOR","FORT BEND COUNTY MUD 269B",,,,,,,,,,,,,,,,
"FORT BEND","2286738","CINCO MUD 12","Municipal Utility District","Active","RESPONSIBLE PARTY","STEPHANIE","FAULK","PRESIDENT","CINCO MUD 12","3200 SOUTHWEST FWY STE 2600",,"HOUSTON","TX","77027","7537","(713)860-6408",,"3200 SOUTHWEST FWY","STE 2600",,"HOUSTON","TX","77027","7537","POINT (-95.428917993 29.730799994)"
"FORT BEND","6040021","FORT BEND COUNTY MUD 287A","Municipal Utility District","Inactive",,,,,,,,,,,,,,,,,,,,,
"FORT BEND","3403020","GRAND LAKES MUD 4","Municipal Utility District","Active","RESPONSIBLE PARTY","CHARLES","MATHESON","PRESIDENT","GRAND LAKES MUD 4","1300 POST OAK BOULEVARD","STE 2400","HOUSTON","TX","77056","3044","(713)623-4531",,"1300 POST OAK BOULEVARD","STE 2400","SCHWARTZ PAGE & HARDING LLP","HOUSTON","TX","77056","3044","POINT (-95.460133038 29.753514994)"
"FORT BEND","2286732","CINCO MUD 9","Municipal Utility District","Active","RESPONSIBLE PARTY","LEWIS","ERNEST","PRESIDENT","CINCO MUD 9","3200 SOUTHWEST FWY STE 2600",,"HOUSTON","TX","77027","7537","(713)860-6400",,"3200 SOUTHWEST FREEWAY","STE 2600","ALLEN BOONE HUMPHRIES ROBINSON LLP","HOUSTON","TX","77027","7537","POINT (-95.42861 29.730405)"
"FORT BEND","3078925","FORT BEND COUNTY MUD 255","Municipal Utility District","Active","RESPONSIBLE PARTY","STEFANIA","LANGLEY","PRESIDENT","FORT BEND COUNTY MUD 255","3200 SOUTHWEST FWY STE 2600",,"HOUSTON","TX","77027","7537","(713)860-6400",,"3200 SOUTHWEST FWY","STE 2600",,"HOUSTON","TX","77027","7537","POINT (-95.428917993 29.730799994)"
"FORT BEND","3089375","FORT BEND COUNTY WCID 12","Water Control and Improvement District","Active","RESPONSIBLE PARTY","GEORGE","MILLAS","BOARD PRESIDENT","FORT BEND COUNTY WCID 12",,,,,,,"(713)623-4531",,,,,,,,,
"FORT BEND","2286720","CINCO MUD 3","Municipal Utility District","Active","RESPONSIBLE PARTY","LINDA","LARVIN","PRESIDENT","CINCO MUD 3","3200 SOUTHWEST FWY STE 2600",,"HOUSTON","TX","77027","7537","(713)860-6400",,"3200 SOUTHWEST FWY","STE 2600","ALLEN BOONE HUMPHRIES ROBINSON LLP","HOUSTON","TX","77027","7537","POINT (-95.428917993 29.730799994)"
"FORT BEND","3078926","FORT BEND COUNTY MUD 258","Municipal Utility District","Active","RESPONSIBLE PARTY","BRADMAN","MOORE","PRESIDENT","FORT BEND COUNTY MUD 258","3200 SOUTHWEST FWY STE 2600",,"HOUSTON","TX","77027","7537","(713)860-6400",,"3200 SOUTHWEST FWY","STE 2600",,"HOUSTON","TX","77027","7537","POINT (-95.428917993 29.730799994)"
"FORT BEND","3039500","FIRST COLONY MUD 9","Municipal Utility District","Active","RESPONSIBLE PARTY","ROD","CASTELLS","PRESIDENT","FIRST COLONY MUD 9","6363 WOODWAY DR STE 800",,"HOUSTON","TX","77057","1762",,,"6363 WOODWAY DR","STE 800","BACON & WALLACE LLP","HOUSTON","TX","77057","1762","POINT (-95.496281001 29.755662018)"
"FORT BEND","3079482","FORT BEND COUNTY MUD 183","Municipal Utility District","Active","RESPONSIBLE PARTY","BARTON","DOWNUM","PRESIDENT","FORT BEND COUNTY MUD 183","3200 SOUTHWEST FWY STE 2600",,"HOUSTON","TX","77027","7537","(713)860-6400",,"3200 SOUTHWEST FWY","STE 2600",,"HOUSTON","TX","77027","7537","POINT (-95.428917993 29.730799994)"
"FORT BEND","6450005","PALMER PLANTATION MUD 2","Municipal Utility District","Active","RESPONSIBLE PARTY","JAMES","WAGNER","PRESIDENT","PALMER PLANTATION MUD 2","6363 WOODWAY DR STE 800",,"HOUSTON","TX","77057","1762","(713)739-1060",,"6363 WOODWAY DR","STE 800","PAUL A PHILBIN AND ASSOCIATES","HOUSTON","TX","77057","1762","POINT (-95.496281001 29.755662018)"
"FORT BEND","2286792","CINCO SOUTHWEST MUD 3","Municipal Utility District","Active","RESPONSIBLE PARTY","JAMES","BLAKE","PRESIDENT","CINCO SOUTHWEST MUD 3","3200 SOUTHWEST FWY STE 2600",,"HOUSTON","TX","77027","7537","(713)860-6400",,"3200 SOUTHWEST FWY","STE 2600","ALLEN BOONE HUMPHRIES ROBINSON LLP","HOUSTON","TX","77027","7537","POINT (-95.428917993 29.730799994)"
"FORT BEND","2286728","CINCO MUD 7","Municipal Utility District","Active","RESPONSIBLE PARTY","DAVID","DRAKE","PRESIDENT","CINCO MUD 7","3200 SOUTHWEST FWY STE 2600",,"HOUSTON","TX","77027","7537","(713)860-6400",,"3200 SOUTHWEST FWY","STE 2600","ALLEN BOONE HUMPHRIES ROBINSON LLP","HOUSTON","TX","77027","7537","POINT (-95.428917993 29.730799994)"
"FORT BEND","3075563","FORT BEND COUNTY MUD 195","Municipal Utility District","Active","RESPONSIBLE PARTY","CARLOS","QUINTERO","PRESIDENT","FORT BEND COUNTY MUD 195","3200 SOUTHWEST FWY STE 2600",,"HOUSTON","TX","77027","7537","(713)860-6400",,"3200 SOUTHWEST FWY","STE 2600",,"HOUSTON","TX","77027","7537","POINT (-95.428917993 29.730799994)"
"FORT BEND","3093750","FORT BEND COUNTY MUD 214","Municipal Utility District","Active","RESPONSIBLE PARTY","ROSHELL","ARTERBURN","PRESIDENT","FORT BEND COUNTY MUD 214","3200 SOUTHWEST FWY STE 2600",,"HOUSTON","TX","77027","7537","(713)860-6400",,"3200 SOUTHWEST FWY","STE 2600","ALLEN BOONE HUMPHRIES ROBINSON LLP","HOUSTON","TX","77027","7537","POINT (-95.428917993 29.730799994)"
"FORT BEND","3079325","FORT BEND COUNTY MUD 162","Municipal Utility District","Active","RESPONSIBLE PARTY","DALE","CLAYTON","PRESIDENT","FORT BEND COUNTY MUD 162","3200 SOUTHWEST FWY STE 2600",,"HOUSTON","TX","77027","7537","(713)860-6400",,"3200 SOUTHWEST FWY","STE 2600","ALLEN BOONE HUMPHRIES ROBINSON LLP","HOUSTON","TX","77027","7537","POINT (-95.42861 29.730405)"
"FORT BEND","3089688","FORT BEND COUNTY WCID 13","Water Control and Improvement District","Active",,,,,,,,,,,,,,,,,,,,,
"FORT BEND","3079992","FORT BEND COUNTY MUD 52","Municipal Utility District","Inactive","RESPONSIBLE PARTY","JOHN","HAGAMAN","BOARD PRESIDENT","FORT BEND COUNTY MUD 52","1300 POST OAK BLVD STE 1400",,"HOUSTON","TX","77056","3078","(713)623-4531",,"1300 POST OAK BLVD","STE 1400",,"HOUSTON","TX","77056","3078","POINT (-95.46015 29.75257)"
"FORT BEND","8661500","WILLIAMS RANCH MUD 1","Municipal Utility District","Active","RESPONSIBLE PARTY","JOHN","PICKENS","PRESIDENT","WILLIAMS RANCH MUD 1","3200 SOUTHWEST FWY STE 2600",,"HOUSTON","TX","77027","7537","(713)860-6400",,"3200 SOUTHWEST FWY","STE 2600",,"HOUSTON","TX","77027","7537","POINT (-95.42861 29.730405)"
"FORT BEND","3084880","FORT BEND COUNTY MUD 123","Municipal Utility District","Active","RESPONSIBLE PARTY","MIRNA","BONILLA-ODUMS","PRESIDENT","FORT BEND COUNTY MUD 123","3200 SOUTHWEST FREEWAY","STE 2600","HOUSTON","TX","77027","7537","(713)860-6400",,"3200 SOUTHWEST FWY","STE 2600","ALLEN BOONE HUMPHRIES ROBINSON LLP","HOUSTON","TX","77027","7537","POINT (-95.42861 29.730405)"
"FORT BEND","4559948","FORT BEND COUNTY MUD 250D","Municipal Utility District","Inactive",,,,,,,,,,,,,,,,,,,,,
"FORT BEND","3073813","FORT BEND COUNTY MMD 2","Municipal Management District","Inactive",,,,,,,,,,,,,,,,,,,,,
"FORT BEND","6287500","ORCHARD MANAGEMENT DISTRICT 1","Municipal Management District","Inactive",,,,,,,,,,,,,,,,,,,,,
"FORT BEND","7574244","SIMONTON MANAGEMENT DISTRICT 1","Municipal Management District","Active","RESPONSIBLE PARTY","DAN","MCDONALD","PRESIDENT","SIMONTON MANAGEMENT DISTRICT 1","3200 SOUTHWEST FWY STE 2600",,"HOUSTON","TX","77027","7537","(713)860-6400",,"3200 SOUTHWEST FWY","STE 2600",,"HOUSTON","TX","77027","7537","POINT (-95.42861 29.730405)"
"FORT BEND","3079334","FORT BEND COUNTY MUD 155","Municipal Utility District","Active",,,,,,,,,,,,,,"3200 SOUTHWEST FWY","STE 2600","c/o ALLEN BOONE HUMPHRIES ROBINSON LLP","HOUSTON","TX","77027","7537","POINT (-95.42861 29.730405)"
"FORT BEND","3073500","FORT BEND COUNTY LID 12","Levee Improvement District","Active","RESPONSIBLE PARTY","VALERIE","GAMBLE","PRESIDENT","FORT BEND COUNTY LID 12","2727 ALLEN PKWY STE 1100",,"HOUSTON","TX","77019","2191","(713)652-6500",,"2727 ALLEN PKWY","STE 1100",,"HOUSTON","TX","77019","2191","POINT (-95.39427 29.76096)"
"FORT BEND","3079863","FORT BEND COUNTY MUD 235","Municipal Utility District","Inactive",,,,,,,,,,,,,,,,,,,,,
"FORT BEND","3080006","FORT BEND COUNTY MUD 57","Municipal Utility District","Active","RESPONSIBLE PARTY","BILL","LYLE","PRESIDENT","FORT BEND COUNTY MUD 57","3200 SOUTHWEST FWY STE 2600",,"HOUSTON","TX","77027","7537","(713)860-6400",,"3200 SOUTHWEST FWY","STE 2600","ALLEN BOONE HUMPHRIES ROBINSON LLP","HOUSTON","TX","77027","7537","POINT (-95.42861 29.730405)"
"FORT BEND","3079558","FORT BEND COUNTY MUD 201","Municipal Utility District","Inactive",,,,,,,,,,,,,,,,,,,,,
"FORT BEND","3091200","FORT BEND COUNTY WCID 3","Water Control and Improvement District","Active","RESPONSIBLE PARTY","ANN","HEIL","PRESIDENT","FORT BEND COUNTY WCID 3","1330 POST OAK BOULEVARD","STE 2650","HOUSTON","TX","77056","3970","(713)850-9000",,"1330 POST OAK BLVD","STE 2650","SANFORD KUHL HAGAN KUGLE PARKER KAHN LLP","HOUSTON","TX","77056","3970","POINT (-95.46125 29.75313)"
"FORT BEND","3079564","FORT BEND COUNTY MUD 202","Municipal Utility District","Inactive",,,,,,,,,,,,,,,,,,,,,
"FORT BEND","2283125","CHARLESTON MUD","Municipal Utility District","Active","RESPONSIBLE PARTY","JERRY","WOODWARD","PRESIDENT","CHARLESTON MUD","1300 Post Oak Boulevard","Suite 1400","HOUSTON","TX","77056",,"(713)623-4531",,,,,,,,,
"FORT BEND","2286716","CINCO MUD 1","Municipal Utility District","Active","RESPONSIBLE PARTY","ROBERT","DUNCAN","PRESIDENT","CINCO MUD 1","3200 SOUTHWEST FWY STE 2600",,"HOUSTON","TX","77027","7537","(713)860-6400",,"3200 SOUTHWEST FWY","STE 2600","ALLEN BOONE HUMPHRIES ROBINSON LLP","HOUSTON","TX","77027","7537","POINT (-95.4288 29.73021)"
"FORT BEND","3084897","FORT BEND COUNTY MUD 130","Municipal Utility District","Active","RESPONSIBLE PARTY","DANIEL","SMITH","PRESIDENT","FORT BEND COUNTY MUD 130","3200 SOUTHWEST FWY STE 2600",,"HOUSTON","TX","77027","7597","(713)860-6400",,"3200 SOUTHWEST FWY","STE 2600","ALLEN BOONE HUMPHRIES ROBINSON LLP","HOUSTON","TX","77027","7597","POINT (-95.42861 29.730405)"
"FORT BEND","3079897","FORT BEND COUNTY MUD 239B","Municipal Utility District","Inactive",,,,,,,,,,,,,,,,,,,,,
"FORT BEND","1548000","BLUE RIDGE WEST MUD","Municipal Utility District","Active","RESPONSIBLE PARTY","MONICA","RASMUS","PRESIDENT","BLUE RIDGE WEST MUD","1330 POST OAK BLVD STE 2650",,"HOUSTON","TX","77056","3072","(713)850-9000",,"1330 POST OAK BLVD",,"STE 2650","HOUSTON","TX","77056","3072","POINT (-95.46125 29.75313)"
"FORT BEND","4559931","FORT BEND COUNTY MUD 239F","Municipal Utility District","Inactive",,,,,,,,,,,,,,,,,,,,,
"FORT BEND","3079500","FORT BEND COUNTY MUD 19","Municipal Utility District","Active","RESPONSIBLE PARTY","TERRY","ROY","PRESIDENT","FORT BEND COUNTY MUD 19","2727 ALLEN PKWY STE 1100",,"HOUSTON","TX","77019","2191","(713)652-6500",,"2727 ALLEN PKWY","STE 1100","SMITH MURDAUGH LITTLE & BONHAM LLP","HOUSTON","TX","77019","2191","POINT (-95.39427 29.76096)"
"FORT BEND","7573750","SIENNA MUD 5","Municipal Utility District","Active","RESPONSIBLE PARTY","JOE","PRICE","BOARD PRESIDENT","SIENNA PLANTATION MUD 5","3200 SOUTHWEST FWY STE 2600",,"HOUSTON","TX","77027","7537","(713)860-6400",,"3200 SOUTHWEST FWY","STE 2600","ALLEN BOONE HUMPHRIES LLP","HOUSTON","TX","77027","7537","POINT (-95.42861 29.730405)"
"FORT BEND","3079432","FORT BEND COUNTY MUD 172","Municipal Utility District","Active","RESPONSIBLE PARTY","DAR","HAKIMZADEH","PRESIDENT","FORT BEND COUNTY MUD 172","3200 SOUTHWEST FREEWAY","STE 2600","HOUSTON","TX","77027","7537","(713)860-6400",,"3200 SOUTHWEST FWY","STE 2600","ALLEN BOONE HUMPHRIES ROBINSON LLP","HOUSTON","TX","77027","7537","POINT (-95.42861 29.730405)"
"FORT BEND","3079431","FORT BEND COUNTY MUD 171","Municipal Utility District","Active",,,,,,,,,,,,,,"3200 SOUTHWEST FWY","STE 2600","ALLEN BOONE HUMPHRIES ROBINSON LLP","HOUSTON","TX","77027","7537","POINT (-95.42861 29.730405)"
"FORT BEND","3084800","FORT BEND COUNTY MUD 118","Municipal Utility District","Active","RESPONSIBLE PARTY","JAIME","BENOLIEL","PRESIDENT","FORT BEND COUNTY MUD 118","2727 ALLEN PKWY STE 1100",,"HOUSTON","TX","77019","2191","(713)652-6500",,"2727 ALLEN PKWY","STE 1100",,"HOUSTON","TX","77019","2191","POINT (-95.39427 29.76096)"
"FORT BEND","3080454","FORT BEND COUNTY MUD 224","Municipal Utility District","Inactive",,,,,,,,,,,,,,,,,,,,,
"FORT BEND","2283300","CHELFORD CITY MUD","Municipal Utility District","Active","RESPONSIBLE PARTY","JOHN","GARDNER","PRESIDENT","CHELFORD CITY MUD","9 GREENWAY PLZ","STE 1000","HOUSTON","TX","77046","0900",,,"9 GREENWAY PLZ","STE 1000","COATS ROSE PC","HOUSTON","TX","77046","0900","POINT (-95.4185 29.7199)"
"FORT BEND","7573914","SIENNA MUD 10","Municipal Utility District","Active","RESPONSIBLE PARTY","EMILY","SHEPARD","PRESIDENT","SIENNA MUD 10","3200 SOUTHWEST FWY STE 2600",,"HOUSTON","TX","77027","7537","(713)860-6400",,"3200 SOUTHWEST FREEWAY","STE 2600","ALLEN BOONE HUMPHRIES ROBINSON LLP","HOUSTON","TX","77027","7537","POINT (-95.42861 29.730405)"
"FORT BEND","3066000","FORT BEND COUNTY FWSD 1","Fresh Water Supply District","Active","RESPONSIBLE PARTY","PAUL","HAMILTON","PRESIDENT","FORT BEND COUNTY FWSD 1","1330 POST OAK BLVD STE 2650",,"HOUSTON","TX","77056","3072","(713)850-9000",,"1330 POST OAK BLVD","STE 2650","SANFORD KUHL HAGAN KUGLE PARKER KAHN LLP","HOUSTON","TX","77056","3072","POINT (-95.46125 29.75313)"
"FORT BEND","3075141","FORT BEND COUNTY MUD 199","Municipal Utility District","Active","RESPONSIBLE PARTY","MICHAEL","WILSON","BOARD PRESIDENT","FORT BEND COUNTY MUD 199","3200 SOUTHWEST FWY STE 2600",,"HOUSTON","TX","77027","7537","(713)860-6400",,"3200 SOUTHWEST FWY","STE 2600","ALLEN BOONE HUMPHRIES ROBINSON LLP","HOUSTON","TX","77027","7537","POINT (-95.42861 29.730405)"
"FORT BEND","3079576","FORT BEND COUNTY MUD 203","Municipal Utility District","Inactive",,,,,,,,,,,,,,"3200 SOUTHWEST FWY","STE 2600","ALLEN BOONE HUMPHRIES ROBINSON LLP","HOUSTON","TX","77027","7537","POINT (-95.42861 29.730405)"
"FORT BEND","3080002","FORT BEND COUNTY MUD 56","Municipal Utility District","Inactive","RESPONSIBLE PARTY","ALAN","BREED","BOARD PRESIDENT","FORT BEND COUNTY MUD 56","17114 BUTERA",,"MAGNOLIA","TX","77355",,"(713)939-3515",,"3 GREENWAY PLZ","STE 2000",,"HOUSTON","TX","77046","0307","POINT (-95.4185 29.7199)"
"FORT BEND","3073250","FORT BEND COUNTY LID 8","Levee Improvement District","Inactive","RESPONSIBLE PARTY","VAUGHN","BROWN","BOARD PRESIDENT","FORT BEND COUNTY LID 8","PO BOX 4525",,"HOUSTON","TX","77210",,"(713)622-7500",,"3 GREENWAY PLZ","STE 2000",,"HOUSTON","TX","77046","0307","POINT (-95.4185 29.7199)"
"FORT BEND","3079899","FORT BEND COUNTY MUD 239C","Municipal Utility District","Inactive",,,,,,,,,,,,,,,,,,,,,
"FORT BEND","3079998","FORT BEND COUNTY MUD 54","Municipal Utility District","Active",,,,,,,,,,,,,,,,,,,,,
"FORT BEND","1762000","BURNEY ROAD MUD","Municipal Utility District","Active","RESPONSIBLE PARTY","MARK","JOHNSON","PRESIDENT","BURNEY ROAD MUD","6300 West Loop South","ste 415","BELLAIRE","TX","77401","2913","(713)824-4967",,"6300 WEST LOOP S","STE 415","SECHRIST DUCKERS LLP","BELLAIRE","TX","77401","2913","POINT (-95.4606 29.71271)"
"FORT BEND","7573920","SIENNA PLANTATION MUD 13","Municipal Utility District","Inactive","RESPONSIBLE PARTY","MARIS","REYNOLDS","PRESIDENT","SIENNA PLANTATION MUD 13","2260 FM 1092 RD",,"MISSOURI CITY","TX","77459","1802","(281)499-8340",,"1001 FANNIN ST","STE 2300",,"HOUSTON","TX","77002","6760","POINT (-95.36433 29.75608)"
"FORT BEND","6039969","FORT BEND COUNTY MUD 249","Municipal Utility District","Inactive",,,,,,,,,,,,,,,,,,,,,
"FORT BEND","3081165","FORT BEND COUNTY MUD 134C","Municipal Utility District","Active","RESPONSIBLE PARTY","THEODORE","REESE","PRESIDENT","FORT BEND COUNTY MUD 134C","9 GREENWAY PLZ STE 1000",,"HOUSTON","TX","77046","3653","(713)651-0111",,"9 GREENWAY PLZ","STE 1000","COATS ROSE PC","HOUSTON","TX","77046","3653","POINT (-95.4185 29.7199)"
"FORT BEND","6039994","FORT BEND COUNTY MUD 269A","Municipal Utility District","Active",,,,,,,,,,,,,,,,,,,,,
"FORT BEND","7573800","SIENNA MUD 6","Municipal Utility District","Active","RESPONSIBLE PARTY","JASON","MILLER","PRESIDENT","SIENNA PLANTATION MUD 6","3200 SOUTHWEST FWY STE 2600",,"HOUSTON","TX","77027","7537","(713)860-6400",,"3200 SOUTHWEST FWY","STE 2600",,"HOUSTON","TX","77027","7537","POINT (-95.42861 29.730405)"
"FORT BEND","3080016","FORT BEND COUNTY MUD 63","Municipal Utility District","Inactive",,,,,,,,,,,,,,"3 GREENWAY PLZ","STE 2000",,"HOUSTON","TX","77046","0307","POINT (-95.4185 29.7199)"
"FORT BEND","3080020","FORT BEND COUNTY MUD 65","Municipal Utility District","Inactive","RESPONSIBLE PARTY","BENJAMIN","BAKER","BOARD PRESIDENT","FORT BEND COUNTY MUD 65","6363 WOODWAY DR STE 725",,"HOUSTON","TX","77057","1799","(713)783-4120",,"6363 WOODWAY DR","STE 725","PAUL A PHILBIN & ASSOCIATES, PC","HOUSTON","TX","77057","1799","POINT (-95.49651 29.75601)"
"FORT BEND","2286718","CINCO MUD 2","Municipal Utility District","Active","RESPONSIBLE PARTY","BRUCE","THOMAS","PRESIDENT","CINCO MUD 2","2727 ALLEN PKWY STE 1100",,"HOUSTON","TX","77019","2191","(713)652-6500",,"2727 ALLEN PKWY","STE 1100",,"HOUSTON","TX","77019","2191","POINT (-95.39427 29.76096)"
"FORT BEND","3079389","FORT BEND COUNTY MUD 151","Municipal Utility District","Active","RESPONSIBLE PARTY","KEITH","GIER","BOARD PRESIDENT","FORT BEND COUNTY MUD 151","3200 SOUTHWEST FWY STE 2600",,"HOUSTON","TX","77027","7537","(713)860-6400",,"3200 SOUTHWEST FWY","STE 2600","ALLEN BOONE HUMPHRIES ROBINSON LLP","HOUSTON","TX","77027","7537","POINT (-95.42861 29.730405)"
"FORT BEND","3079912","FORT BEND COUNTY MUD 241","Municipal Utility District","Inactive",,,,,,,,,,,,,,,,,,,,,
"FORT BEND","3079323","FORT BEND COUNTY MUD 158","Municipal Utility District","Active","RESPONSIBLE PARTY","MATTHEW","TUCKER","PRESIDENT","FORT BEND COUNTY MUD 158","3200 SOUTHWEST FWY STE 2600",,"HOUSTON","TX","77027","7537","(713)860-6400",,"3200 SOUTHWEST FWY","STE 2600","ALLEN BOONE HUMPHRIES ROBINSON LLP","HOUSTON","TX","77027","7537","POINT (-95.42861 29.730405)"
"FORT BEND","3079430","FORT BEND COUNTY MUD 170","Municipal Utility District","Active","RESPONSIBLE PARTY","CJ","MCDANIEL","PRESIDENT","FORT BEND COUNTY MUD 170","3200 SOUTHWEST FWY STE 2600",,"HOUSTON","TX","77027","7537","(713)860-6400",,"3200 SOUTHWEST FWY","STE 2600","ALLEN BOONE HUMPHRIES ROBINSON LLP","HOUSTON","TX","77027","7537","POINT (-95.42861 29.730405)"
"FORT BEND","9000024","FORT BEND COUNTY MUD 239D","Municipal Utility District","Inactive",,,,,,,,,,,,,,,,,,,,,
"FORT BEND","3079974","FORT BEND COUNTY MUD 42","Municipal Utility District","Active","RESPONSIBLE PARTY","DIANE","MAURICIO","PRESIDENT","FORT BEND COUNTY MUD 42","3200 SOUTHWEST FWY STE 2600",,"HOUSTON","TX","77027","7537","(713)860-6400",,"3200 SOUTHWEST FWY","STE 2600","ALLEN BOONE HUMPHRIES ROBINSON LLP","HOUSTON","TX","77027","7537","POINT (-95.42861 29.730405)"
"FORT BEND","5989000","NORTH MISSION GLEN MUD","Municipal Utility District","Active","RESPONSIBLE PARTY","CHARLES","COOK","PRESIDENT","NORTH MISSION GLEN MUD","9 GREENWAY PLZ STE 1000",,"HOUSTON","TX","77046","0900","(713)651-0111",,"9 GREENWAY PLZ","STE 1000","COATS ROSE PC","HOUSTON","TX","77046","0905","POINT (-95.43381 29.7318)"
"FORT BEND","3079588","FORT BEND COUNTY MUD 204","Municipal Utility District","Inactive",,,,,,,,,,,,,,"3200 SOUTHWEST FWY","STE 2600","ALLEN BOONE HUMPHRIES ROBINSON LLP","HOUSTON","TX","77027","7537","POINT (-95.42861 29.730405)"
"FORT BEND","3079875","FORT BEND COUNTY MUD 238","Municipal Utility District","Inactive",,,,,,,,,,,,,,,,,,,,,
"FORT BEND","3079437","FORT BEND COUNTY MUD 174","Municipal Utility District","Active","RESPONSIBLE PARTY","ANGELA","HITZMAN","PRESIDENT","FORT BEND COUNTY MUD 174","3200 SOUTHWEST FWY","STE 2600","HOUSTON","TX","77027","7537","(713)860-6400",,"3200 SOUTHWEST FREEWAY","STE 2600","C/O ABHR","HOUSTON","TX","77027",,"POINT (-95.42861 29.730405)"
"FORT BEND","3073438","FORT BEND COUNTY MANAGEMENT DISTRICT 3","Municipal Management District","Inactive",,,,,,,,,,,,,,,,,,,,,
"FORT BEND","3079950","FORT BEND COUNTY MUD 30","Municipal Utility District","Active","RESPONSIBLE PARTY","LINDA","YORLANO","PRESIDENT","FORT BEND COUNTY MUD 30","3200 SOUTHWEST FWY STE 3200",,"HOUSTON","TX","77027","7537","(713)860-6400",,"3200 SOUTHWEST FWY","STE 2600","ALLEN BOONE HUMPHRIES ROBINSON LLP","HOUSTON","TX","77027","7537","POINT (-95.42861 29.730405)"
"FORT BEND","1561750","BOOTH RANCH MUD","Municipal Utility District","Inactive",,,,,,,,,,,,,,,,,,,,,
"FORT BEND","6306250","ORCHARD MUD 1","Municipal Utility District","Inactive",,,,,,,,,,,,,,,,,,,,,
"FORT BEND","3083800","FORT BEND COUNTY MUD 115","Municipal Utility District","Active","RESPONSIBLE PARTY","DAVID","KEEL","PRESIDENT","FORT BEND COUNTY MUD 115","202 CENTURY SQUARE BLVD",,"SUGAR LAND","TX","77478","3796","(281)500-6050",,"202 CENTURY SQUARE BLVD",,"THE MULLER LAW GROUP, PLLC","SUGAR LAND","TX","77478","3796","POINT (-95.60593 29.62551)"
"FORT BEND","3079908","FORT BEND COUNTY MUD 240","Municipal Utility District","Inactive",,,,,,,,,,,,,,,,,,,,,
"FORT BEND","3076969","FORT BEND COUNTY MUD 191","Municipal Utility District","Inactive",,,,,,,,,,,,,,,,,,,,,
"FORT BEND","3079375","FORT BEND COUNTY MUD 166","Municipal Utility District","Inactive","RESPONSIBLE PARTY","NICHOLAS","DICKSON",,"FORT BEND COUNTY MUD 166",,,,,,,,,,,,,,,,
"FORT BEND","3079996","FORT BEND COUNTY MUD 53","Municipal Utility District","Inactive","RESPONSIBLE PARTY","LARRY","BOUDLOCHE","BOARD PRESIDENT","FORT BEND COUNTY MUD 53","1160 DAIRY ASHFORD SUITE 230",,"HOUSTON","TX","77079",,,,"1300 POST OAK BLVD","STE 1400",,"HOUSTON","TX","77056","3078","POINT (-95.46015 29.75257)"
"FORT BEND","3060000","FORT BEND COUNTY DRAINAGE DISTRICT","Drainage District","Active",,,,,,,,,,,,,,"PO BOX 1028",,,"ROSENBERG","TX","77471","1028",
"FORT BEND","3079599","FORT BEND COUNTY MUD 209","Municipal Utility District","Inactive",,,,,,,,,,,,,,,,,,,,,
"FORT BEND","5196150","KINGSBRIDGE MUD","Municipal Utility District","Active","RESPONSIBLE PARTY","JOHN","BUHNER","PRESIDENT","KINGSBRIDGE MUD","2929 ALLEN PKWY STE 3150",,"HOUSTON","TX","77019","7100","(713)489-8977",,"2929 ALLEN PKWY","STE 3150",,"HOUSTON","TX","77019","7126","POINT (-95.39551 29.7612)"
"FORT BEND","3079925","FORT BEND COUNTY MUD 26","Municipal Utility District","Active","RESPONSIBLE PARTY","DEMONICA","JOHNSON","PRESIDENT","FORT BEND COUNTY MUD 26","2727 ALLEN PKWY STE 1100",,"HOUSTON","TX","77019","2191","(713)652-6500",,"2727 ALLEN PKWY","STE 1100","SMITH MURDAUGH LITTLE & BONHAM LLP","HOUSTON","TX","77019","2191","POINT (-95.39427 29.76096)"
"FORT BEND","8717500","WOODCREEK RESERVE MUD","Municipal Utility District","Active","RESPONSIBLE PARTY","CAMERON","FOSTER","PRESIDENT","WOODCREEK RESERVE MUD","3200 SOUTHWEST FWY STE 2600",,"HOUSTON","TX","77027","7537","(713)860-6400",,"3200 SOUTHWEST FWY","STE 2600","ALLEN BOONE HUMPHRIES ROBINSON LLP","HOUSTON","TX","77027","7537","POINT (-95.42861 29.730405)"
"FORT BEND","3128750","FULSHEAR TOWN CENTER MANAGEMENT DISTRICT","Municipal Management District","Active",,,,,,,,,,,,,,,,,,,,,
"FORT BEND","7773500","TELFAIR TRACT 5 COMMERCIAL MANAGEMENT DISTRICT","Municipal Management District","Inactive",,,,,,,,,,,,,,,,,,,,,
"FORT BEND","3081099","FORT BEND COUNTY MUD 134B","Municipal Utility District","Active","RESPONSIBLE PARTY","TIMOTHY","WILLIAMSON","PRESIDENT","FORT BEND COUNTY MUD 134B","9 GREENWAY PLZ STE 1000",,"HOUSTON","TX","77046","3653","(713)651-0111",,"9 GREENWAY PLZ","STE 1100","COATS ROSE PC","HOUSTON","TX","77046","3653","POINT (-95.4185 29.7199)"
"FORT BEND","5983268","NORTH FORT BEND COUNTY IMPROVEMENT DISTRICT 1","Municipal Management District","Active","RESPONSIBLE PARTY","JAMES","BOONE","ATTORNEY","ALLEN BOONE HUMPHRIES ROBINSON LLP","3200 SOUTHWEST FWY STE 2600",,"HOUSTON","TX","77027","7537","(713)860-6400",,,,,,,,,
"FORT BEND","3066100","FORT BEND COUNTY FWSD 2","Municipal Utility District","Active","RESPONSIBLE PARTY","CARMEN","MARTINEZ","PRESIDENT","FORT BEND COUNTY FWSD 2","6363 WOODWAY DR STE 800",,"HOUSTON","TX","77057","1762","(713)739-1060",,"6363 WOODWAY DR","STE 800","Wallace & Philbin LLP","HOUSTON","TX","77057","1762","POINT (-95.49644 29.75603)"
"FORT BEND","3079429","FORT BEND COUNTY MUD 169","Municipal Utility District","Active","RESPONSIBLE PARTY","ARDEN","MORLEY","PRESIDENT","FORT BEND COUNTY MUD 169","3200 SOUTHWEST FWY STE 2600",,"HOUSTON","TX","77027","7537","(713)860-6400",,"3200 SOUTHWEST FWY","STE 2600","ALLEN BOONE HUMPHRIES ROBINSON LLP","HOUSTON","TX","77027","7537","POINT (-95.42861 29.730405)"
"FORT BEND","6039962","FORT BEND COUNTY MUD 239E","Municipal Utility District","Inactive",,,,,,,,,,,,,,,,,,,,,
"FORT BEND","3080080","FORT BEND COUNTY MUD 94","Municipal Utility District","Active","RESPONSIBLE PARTY","SEAN","GUTIERREZ","PRESIDENT","FORT BEND COUNTY MUD 94","1300 POST OAK BLVD STE 1400",,"HOUSTON","TX","77056","3078","(713)623-4531",,"1300 POST OAK BLVD","STE 1400","SCHWARTZ PAGE & HARDING LLP","HOUSTON","TX","77056","3078","POINT (-95.46015 29.75257)"
"FORT BEND","3079980","FORT BEND COUNTY MUD 45","Municipal Utility District","Inactive","RESPONSIBLE PARTY","N","GANSLEN","BOARD PRESIDENT","FORT BEND COUNTY MUD 45","901 THREADNEEDLE SUITE 140",,"HOUSTON","TX","77079",,"(713)496-5100",,"3 GREENWAY PLZ","STE 2000",,"HOUSTON","TX","77046","0307","POINT (-95.4185 29.7199)"
"FORT BEND","3079949","FORT BEND COUNTY MUD 292","Municipal Utility District","Active",,,,,,,,,,,,,,,,,,,,,
"FORT BEND","6039974","FORT BEND COUNTY MUD 250C","Municipal Utility District","Inactive",,,,,,,,,,,,,,,,,,,,,
"FORT BEND","3082099","FORT BEND COUNTY MUD 131","Municipal Utility District","Active","RESPONSIBLE PARTY","JOANN","RANDALL","PRESIDENT","FORT BEND COUNTY MUD 131","1301 MCKINNEY ST STE 5100",,"HOUSTON","TX","77010","3095","(713)651-5151",,"1301 MCKINNEY ST","STE 5100","C/O NORTON ROSE FULBRIGHT US LLP","HOUSTON","TX","77010","3095","POINT (-95.361575016 29.755568015)"
"FORT BEND","3079948","FORT BEND COUNTY MUD 291","Municipal Utility District","Active",,,,,,,,,,,,,,,,,,,,,
"FORT BEND","3092700","FORT BEND COUNTY WCID 8","Water Control and Improvement District","Active","RESPONSIBLE PARTY","BRETT","KASULS","PRESIDENT","FORT BEND COUNTY WCID 8","9 GREENWAY PLAZA","STE 1000","HOUSTON","TX","77046","3653","(713)651-0111",,"9 GREENWAY PLAZA","STE 1100","COATS ROSE YALE RYMAN & LEE PC","HOUSTON","TX","77046","0900","POINT (-95.434491036 29.732207986)"
"FORT BEND","3036004","FIRST COLONY LID 2","Levee Improvement District","Active","RESPONSIBLE PARTY","RONALD","FRERICH","PRESIDENT","FIRST COLONY LID 2","9 GREENWAY PLZ STE 1000",,"HOUSTON","TX","77046","0901","(713)651-0111",,"9 GREENWAY PLZ","STE 100",,"HOUSTON","TX","77046","0929","POINT (-95.434491036 29.732207986)"
"FORT BEND","9000058","FORT BEND COUNTY MUD 265","Municipal Utility District","Inactive","RESPONSIBLE PARTY","CAMERON","BROWN","BOARD PRESIDENT","FORT BEND COUNTY MUD 265","3200 Southwest Freeway STE 2600",,"HOUSTON","TX","77027","7537","(713)860-6400",,,,,,,,,
"FORT BEND","3079915","FORT BEND COUNTY MUD 25","Municipal Utility District","Active","RESPONSIBLE PARTY","JEFFERY","WILLIAMS","PRESIDENT","FORT BEND COUNTY MUD 25","6300 WEST LOOP S STE 415",,"BELLAIRE","TX","77401","2913","(713)395-4201",,"6300 WEST LOOP S","STE 415","SECHRIST & DUCKERS LLP","BELLAIRE","TX","77401","2913","POINT (-95.461915031 29.712607995)"
"FORT BEND","5798000","MEADOWCREEK MUD","Municipal Utility District","Active","RESPONSIBLE PARTY","DANIEL","WISNESKI","PRESIDENT","MEADOWCREEK MUD","2926 ASHMONT DR",,"MISSOURI CITY","TX","77459","2113",,,"3134 CARTWRIGHT RD",,,"MISSOURI CITY","TX","77459","2543","POINT (-95.55177599 29.583461014)"
"FORT BEND","3079400","FORT BEND COUNTY MUD 167","Municipal Utility District","Active","RESPONSIBLE PARTY","THOMAS","BROWN","PRESIDENT","FORT BEND COUNTY MUD 167","3200 SOUTHWEST FWY STE 2600",,"HOUSTON","TX","77027","7537","(713)860-6400",,"3200 SOUTHWEST FWY","STE 2600","ALLEN BOONE HUMPHRIES ROBINSON LLP","HOUSTON","TX","77027","7537","POINT (-95.428917993 29.730799994)"
"FORT BEND","3082126","FORT BEND COUNTY MUD 143","Municipal Utility District","Active","RESPONSIBLE PARTY","CHRIS","ELAM","PRESIDENT","FORT BEND COUNTY MUD 143","3200 SOUTHWEST FREEWAY","STE 2600","HOUSTON","TX","77027","7537","(713)860-6400",,"3200 SOUTHWEST FWY","STE 2600","ALLEN BOONE HUMPHRIES ROBINSON LLP","HOUSTON","TX","77027","7537","POINT (-95.428917993 29.730799994)"
"FORT BEND","7781500","THUNDERBIRD UTILITY DISTRICT","Municipal Utility District","Active","RESPONSIBLE PARTY","JOSEPH","SCANLIN","PRESIDENT","THUNDERBIRD UTILITY DISTRICT","3108 MILLBROOK LN",,"MISSOURI CITY","TX","77459","0001","(713)202-6874",,"3134 CARTWRIGHT RD",,,"MISSOURI CITY","TX","77459","2543","POINT (-95.55177599 29.583461014)"
"FORT BEND","3819946","FORT BEND COUNTY MUD 269C","Municipal Utility District","Inactive",,,,,,,,,,,,,,,,,,,,,
"FORT BEND","3079312","FORT BEND COUNTY MUD 159","Municipal Utility District","Active","RESPONSIBLE PARTY","CHRISTIAN","IVERSEN","PRESIDENT","FORT BEND COUNTY MUD 159","3200 SOUTHWEST FREEWAY","STE 2600","HOUSTON","TX","77027","7537","(713)860-6400",,"3200 SOUTHWEST FWY","STE 2600","c/o ALLEN BOONE HUMPHRIES ROBINSON LLP","HOUSTON","TX","77027","7537","POINT (-95.42861 29.730405)"
"FORT BEND","7160000","QUAIL VALLEY UTILITY DISTRICT","Municipal Utility District","Active","RESPONSIBLE PARTY","JOHN","MILLER","PRESIDENT","QUAIL VALLEY UTILITY DISTRICT","3071 TAM O SHANTER LN",,"MISSOURI CITY","TX","77459","3114","252-8755",,"3134 CARTWRIGHT ROAD",,,"MISSOURI CITY","TX","77459","2543","POINT (-95.55177599 29.583461014)"
"FORT BEND","3079477","FORT BEND COUNTY MUD 148","Municipal Utility District","Active","RESPONSIBLE PARTY","EDWARD","STREICH","PRESIDENT","FORT BEND COUNTY MUD 148","3200 SOUTHWEST FWY STE 2600",,"HOUSTON","TX","77027","7537","(713)860-6400",,"3200 SOUTHWEST FWY","STE 2600","ALLEN BOONE HUMPHRIES ROBINSON LLP","HOUSTON","TX","77027","7537","POINT (-95.428917993 29.730799994)"
"FORT BEND","3079943","FORT BEND COUNTY MUD 286","Municipal Utility District","Inactive","RESPONSIBLE PARTY","NEIL","AUSSENBERG","BOARD PRESIDENT","FORT BEND COUNTY MUD 286","9 GREENWAY PLZ STE 1000",,"HOUSTON","TX","77046","0900","(713)651-0111",,"9 GREENWAY PLZ","STE 1000",,"HOUSTON","TX","77046","0900","POINT (-95.43381 29.7318)"
"FORT BEND","4559971","FORT BEND COUNTY MUD 278","Municipal Utility District","Active",,,,,,,,,,,,,,,,,,,,,
"FORT BEND","9000106","FORT BEND COUNTY MUD 261","Municipal Utility District","Active","RESPONSIBLE PARTY","AUDREY","SARVER","BOARD PRESIDENT","FORT BEND COUNTY MUD 261","1330 POST OAK BLVD STE 2650",,"HOUSTON","TX","77056","3072","(713)850-9000",,"1330 POST OAK BLVD","STE 2650",,"HOUSTON","TX","77056","3072","POINT (-95.46125 29.75313)"
"FORT BEND","9000063","FORT BEND COUNTY MUD 276","Municipal Utility District","Active",,,,,,,,,,,,,,,,,,,,,
"FORT BEND","3079000","FORT BEND COUNTY MUD 5","Municipal Utility District","Active","RESPONSIBLE PARTY","NANCY","HEDRICK","PRESIDENT","FORT BEND COUNTY MUD 5","3200 SOUTHWEST FWY STE 2600",,"HOUSTON","TX","77027","7537","(713)860-6400",,"3200 SOUTHWEST FWY","STE 2600","ALLEN BOONE HUMPHRIES ROBINSON LLP","HOUSTON","TX","77027","7537","POINT (-95.42861 29.730405)"
"FORT BEND","3079825","FORT BEND COUNTY MUD 231","Municipal Utility District","Active","RESPONSIBLE PARTY","JAMES","HOLMES","PRESIDENT","FORT BEND COUNTY MUD 231","202 CENTURY SQUARE BLVD",,"SUGAR LAND","TX","77478","3796","(281)500-6050",,"202 CENTURY SQUARE BLVD",,,"SUGAR LAND","TX","77478","3796","POINT (-95.606001036 29.623956)"
"FORT BEND","3073150","FORT BEND COUNTY LID 6","Levee Improvement District","Active","RESPONSIBLE PARTY","DAVID","VRSHEK","PRESIDENT","FORT BEND COUNTY LID 6","3200 SOUTHWEST FWY STE 2600",,"HOUSTON","TX","77027","7537","(713)860-6400",,"3200 SOUTHWEST FWY","STE 2600","ALLEN BOONE HUMPHRIES ROBINSON LLP","HOUSTON","TX","77027","7537","POINT (-95.42861 29.730405)"
"FORT BEND","3037150","FIRST COLONY MUD 10","Municipal Utility District","Active","RESPONSIBLE PARTY","ZAC","CYPERT","PRESIDENT","FIRST COLONY MUD 10","3200 SOUTHWEST FWY STE 2600",,"HOUSTON","TX","77027","7537","(713)860-6400",,"3200 SOUTHWEST FWY","STE 2600","ALLEN BOONE HUMPHRIES ROBINSON LLP","HOUSTON","TX","77027","7537","POINT (-95.42861 29.730405)"
"FORT BEND","5853599","MISSOURI CITY MANAGEMENT DISTRICT 2","Municipal Management District","Active","RESPONSIBLE PARTY","JAMES","BROWN","BOARD PRESIDENT","MISSOURI CITY MANAGEMENT DISTRICT 2","3200 SOUTHWEST FREEWAY","STE 2600","HOUSTON","TX","77027","7537","(713)860-6400",,"3200 SOUTHWEST FWY","STE 2600",,"HOUSTON","TX","77027","7537","POINT (-95.42861 29.730405)"
"FORT BEND","7573900","SIENNA MUD 7","Municipal Utility District","Active","RESPONSIBLE PARTY","BOB","WEMPE","PRESIDENT","SIENNA PLANTATION MUD 7","3200 SOUTHWEST FREEWAY","STE 2600","HOUSTON","TX","77027","7537","(713)860-6400",,"3200 SOUTHWEST FWY","STE 2600","ALLEN BOONE HUMPHRIES ROBINSON LLP","HOUSTON","TX","77027","7537","POINT (-95.42861 29.730405)"
"FORT BEND","6040002","FORT BEND COUNTY MUD 277","Municipal Utility District","Active",,,,,,,,,,,,,,,,,,,,,
"FORT BEND","3079944","FORT BEND COUNTY MUD 287","Municipal Utility District","Inactive","RESPONSIBLE PARTY","STEPHEN","ALANIZ","BOARD PRESIDENT","FORT BEND COUNTY MUD 287","3200 SOUTHWEST FWY STE 2600",,"HOUSTON","TX","77027","7537","(713)860-6400",,"3200 SOUTHWEST FWY","STE 2600",,"HOUSTON","TX","77027","7537","POINT (-95.4288 29.73021)"
"FORT BEND","3080022","FORT BEND COUNTY MUD 66","Municipal Utility District","Active","RESPONSIBLE PARTY","ALEXANDER","HEMLEB","PRESIDENT","FORT BEND COUNTY MUD 66","1330 Post Oak Blvd Ste 2650",,"HOUSTON","TX","77056","3072","(713)850-9000",,"1330 POST OAK BLVD","STE 2650",,"HOUSTON","TX","77056","3072","POINT (-95.46125 29.75313)"
"FORT BEND","9000076","FORT BEND COUNTY MUD 274","Municipal Utility District","Active",,,,,,,,,,,,,,,,,,,,,
"FORT BEND","3081544","FORT BEND COUNTY MUD 219A","Municipal Utility District","Active",,,,,,,,,,,,,,,,,,,,,
"FORT BEND","1048500","ARCOLA MMD 1","Municipal Management District","Active","RESPONSIBLE PARTY","BRIAN","COKES","BOARD PRESIDENT","ARCOLA MMD 1","202 CENTURY SQUARE BLVD",,"SUGAR LAND","TX","77478","3796","(281)500-6050",,"202 CENTURY SQUARE BLVD",,,"SUGAR LAND","TX","77478","3796","POINT (-95.60593 29.62551)"
"FORT BEND","9000080","FORT BEND COUNTY MUD 293","Municipal Utility District","Active",,,,,,,,,,,,,,,,,,,,,
"FORT BEND","3079866","FORT BEND COUNTY MUD 236","Municipal Utility District","Active","RESPONSIBLE PARTY","BURTON","MANNE","BOARD PRESIDENT","FORT BEND COUNTY MUD 236","3200 SOUTHWEST FWY STE 2600",,"HOUSTON","TX","77027","7537","(713)860-6400",,"3200 SOUTHWEST FWY","STE 2600",,"HOUSTON","TX","77027","7537","POINT (-95.42861 29.730405)"
"FORT BEND","3036500","FIRST COLONY MANAGEMENT DISTRICT","Municipal Management District","Active","RESPONSIBLE PARTY","BARKLEY","PESCHEL","PRESIDENT","FIRST COLONY MANAGEMENT DISTRICT","1330 Post Oak Blvs STE 2650",,"HOUSTON","TX","77056","3072","(713)850-9000",,"1330 POST OAK BLVD STE 2650",,,"HOUSTON","TX","77056","3072","POINT (-95.46125 29.75313)"
"FORT BEND","3080236","FORT BEND COUNTY MUD 225","Municipal Utility District","Active","RESPONSIBLE PARTY","MICHAEL","KEEGAN","BOARD PRESIDENT","FORT BEND COUNTY MUD 225","1330 POST OAK BLVD STE 2650",,"HOUSTON","TX","77056","3072","(713)850-9000",,"1330 POST OAK BLVD STE 2650",,,"HOUSTON","TX","77056","3072","POINT (-95.46125 29.75313)"
"FORT BEND","3079654","FORT BEND COUNTY MUD 147","Municipal Utility District","Active","RESPONSIBLE PARTY","JULIE","CUENOD","PRESIDENT","FORT BEND COUNTY MUD 147","1330 Post Oak Blvd Ste 2650",,"HOUSTON","TX","77056","3072","(713)850-9000",,"1330 POST OAK BLVD STE 2650",,"SANFORD KUHL HAGAN KUGLE PARKER KAHN LLP","HOUSTON","TX","77056","3072","POINT (-95.46125 29.75313)"
"FORT BEND","3079914","FORT BEND COUNTY MUD 242","Municipal Utility District","Active","RESPONSIBLE PARTY","JORGE","GONZALEZ","BOARD PRESIDENT","FORT BEND COUNTY MUD 242","3200 SW Freeway STE 2600",,"HOUSTON","TX","77027","7537","(713)860-6400",,,,,,,,,
"FORT BEND","3079924","FORT BEND COUNTY MUD 254","Municipal Utility District","Active","RESPONSIBLE PARTY","KRYSTAL","TREYBIG","BOARD PRESIDENT","FORT BEND COUNTY MUD 254","1330 Post Oak Blvd Ste 2650",,"HOUSTON","TX","77056","3072","(713)850-9000",,"1330 POST OAK BLVD STE 2650",,,"HOUSTON","TX","77056","3072","POINT (-95.46125 29.75313)"
"FORT BEND","5190438","SOUTHWEST REGIONAL IMPROVEMENT DISTRICT","Municipal Management District","Active","RESPONSIBLE PARTY","BOUCHE","MICKEY","PRESIDENT","KENDLETON IMPROVEMENT DISTRICT","2929 ALLEN PKWY STE 3150",,"HOUSTON","TX","77019","7126","(713)489-8977",,"1001 MCKINNEY ST","STE 1000","JOHNSON PETROV LLP","HOUSTON","TX","77002","6424","POINT (-95.36438 29.75664)"
"FORT BEND","3079888","AUSTIN POINT MUD 1","Municipal Utility District","Active","RESPONSIBLE PARTY","ALAN","BAUER","PRESIDENT","AUSTIN POINT MUD 1","3200 SOUTHWEST FWY STE 2600",,"HOUSTON","TX","77027","7537","(713)860-6400",,"3200 SOUTHWEST FW","STE 2600",,"HOUSTON","TX","77027","7537","POINT (-95.4288 29.73021)"
"FORT BEND","3079894","AUSTIN POINT MUD 2","Municipal Utility District","Active","RESPONSIBLE PARTY","SAM","GIAMMALVA","PRESIDENT","FORT BEND COUNTY MUD 239A","3200 SOUTHWEST FWY STE 2600",,"HOUSTON","TX","77027","7537","(713)860-6400",,"3200 SOUTHWEST FWY","STE 2600",,"HOUSTON","TX","77027","7537","POINT (-95.42861 29.730405)"
"FORT BEND","3086675","FORT BEND COUNTY MUD 210","Municipal Utility District","Active",,,,,,,,,,,,,,,,,,,,,
"FORT BEND","3079345","FORT BEND COUNTY MUD 152","Municipal Utility District","Active","RESPONSIBLE PARTY","BRIAN","JOSEPH","PRESIDENT","FORT BEND COUNTY MUD 152","2727 ALLEN PKWY STE 1100",,"HOUSTON","TX","77019","2191","(713)652-6500",,"2727 ALLEN PKWY","STE 1100","SMITH MURDAUGH LITTLE & BONHAM LLP","HOUSTON","TX","77019","2191","POINT (-95.39588 29.75926)"
"FORT BEND","6039969","FORT BEND COUNTY MUD 245","Municipal Utility District","Active","RESPONSIBLE PARTY","DAVID","HOLCOMBE","BOARD PRESIDENT","FORT BEND COUNTY MUD 245","3200 SOUTHWEST FWY STE 2600",,"HOUSTON","TX","77027","7537","(713)860-6400",,"3200 SOUTHWEST FWY","STE 2600",,"HOUSTON","TX","77027","7537","POINT (-95.4288 29.73021)"
"FORT BEND","9000057","FORT BEND COUNTY MUD 269","Municipal Utility District","Active","RESPONSIBLE PARTY","KRISTEN","RABEL","PRESIDENT","FORT BEND COUNTY MUD 269","1330 Post Oak Blvd","Ste 2650","HOUSTON","TX","77056","3072","(713)850-9000",,,,,,,,,
"FORT BEND","8679500","WILLOW POINT MUD","Municipal Utility District","Active","RESPONSIBLE PARTY","RYAN","NILES","BOARD PRESIDENT","WILLOW POINT MUD","1330 POST OAK BLVD STE 2650",,"HOUSTON","TX","77056","3072","(713)850-9000",,"1980 POST OAK BLVD","STE 1380",,"HOUSTON","TX","77056","3970","POINT (-95.46245 29.7464)"
"FORT BEND","3093500","FORT BEND SUBSIDENCE DISTRICT","Groundwater Conservation District","Active","RESPONSIBLE PARTY","MICHAEL","TURCO","GENERAL MANAGER","FORT BEND SUBSIDENCE DISTRICT","611 Jackson St",,"RICHMOND","TX","77406","0011","(281)342-3273",,"PO BOX 427",,,"RICHMOND","TX","77406","0427",
"FORT BEND","3079850","FORT BEND COUNTY MUD 233","Municipal Utility District","Active","RESPONSIBLE PARTY","JAMES","GRISSOM","PRESIDENT","FORT BEND COUNTY MUD 233","1330 Post Oak Blvd Ste 2650",,"HOUSTON","TX","77056","3072","(713)850-9000",,"1330 POST OAK BLVD STE 2650",,,"HOUSTON","TX","77056","3072","POINT (-95.46125 29.75313)"
"FORT BEND","3079475","FORT BEND COUNTY MUD 182","Municipal Utility District","Active","RESPONSIBLE PARTY","JOHN","LA ROCCA","PRESIDENT","FORT BEND COUNTY MUD 182","9 GREENWAY PLZ STE 1000",,"HOUSTON","TX","77046","0905","(713)651-0111",,"9 GREENWAY PLZ","STE 1000","COATS ROSE PC","HOUSTON","TX","77046","0905","POINT (-95.43381 29.7318)"
"FORT BEND","3079857","FORT BEND COUNTY MUD 234","Municipal Utility District","Active","RESPONSIBLE PARTY","ROBERT","THOMPSON","BOARD PRESIDENT","FORT BEND COUNTY MUD 234","202 CENTURY SQUARE BLVD",,"SUGAR LAND","TX","77478","3796","(281)500-6050",,"202 CENTURY SQUARE BLVD",,,"SUGAR LAND","TX","77478","3796","POINT (-95.60593 29.62551)"
"FORT BEND","1258500","BELLFORT PUD","Municipal Utility District","Inactive","RESPONSIBLE PARTY","ROY","ELLEDGE","BOARD PRESIDENT","BELLFORT PUD","2727 ALLEN PKWY STE 1100",,"HOUSTON","TX","77019","2191","(713)652-6500",,"2727 ALLEN PKWY","STE 1100","SMITH MURDAUGH LITTLE & BONHAM LLP","HOUSTON","TX","77019","2191","POINT (-95.39588 29.75926)"
"FORT BEND","9000034","FORT BEND COUNTY MUD 252","Municipal Utility District","Active","RESPONSIBLE PARTY","LESTER","BINNICK","BOARD PRESIDENT","FORT BEND COUNTY MUD 252","202 CENTURY SQUARE BLVD",,"SUGAR LAND","TX","77478","3796","(281)500-6050",,"202 CENTURY SQUARE BLVD",,,"SUGAR LAND","TX","77478","3796","POINT (-95.60593 29.62551)"
"FORT BEND","3093813","FORT BEND-WALLER COUNTIES MUD 3","Municipal Utility District","Active","RESPONSIBLE PARTY","JUSTIN","GRAHAM","PRESIDENT","FORT BEND-WALLER COUNTIES MUD 3","3200 SOUTHWEST FREEWAY","STE 2600","HOUSTON","TX","77027","7537","(713)860-6400",,"3200 SOUTHWEST FWY","STE 2600",,"HOUSTON","TX","77027","7537","POINT (-95.4288 29.73021)"
"FORT BEND","3079926","FORT BEND COUNTY MUD 256","Municipal Utility District","Active","RESPONSIBLE PARTY","CURTIS","LAMPLEY","PRESIDENT","FORT BEND COUNTY MUD 256","3200 SOUTHWEST FREEWAY #2600",,"HOUSTON","TX","77027","7537","(713)860-8400",,"3200 SOUTHWEST FWY","STE 2600",,"HOUSTON","TX","77027","7537","POINT (-95.42861 29.730405)"
"FORT BEND","7573200","SIENNA MANAGEMENT DISTRICT","Municipal Management District","Active","RESPONSIBLE PARTY","LINDA","BELL","PRESIDENT","SIENNA PLANTATION MANAGEMENT DISTRICT","3200 SOUTHWEST FREEWAY","STE 2600","HOUSTON","TX","77027","7537","(713)860-6400",,"3200 SOUTHWEST FWY","STE 2600","ALLEN BOONE HUMPHRIES ROBINSON LLP","HOUSTON","TX","77027","7537","POINT (-95.4288 29.73021)"
"FORT BEND","3079939","FORT BEND COUNTY MUD 275","Municipal Utility District","Active","RESPONSIBLE PARTY","DAVID","GARRETT","PRESIDENT","FORT BEND COUNTY MUD 275","202 CENTURY SQUARE BLVD",,"SUGAR LAND","TX","77478","3796","(281)500-6050",,,,,,,,,
"FORT BEND","3079938","FORT BEND COUNTY MUD 273","Municipal Utility District","Active","RESPONSIBLE PARTY","WILLIAM","CHERRY IV","PRESIDENT","FORT BEND COUNTY MUD 273","3200 SOUTHWEST FWY STE 2600",,"HOUSTON","TX","77027","7537","(713)860-6400",,,,,,,,,
"FORT BEND","3091982","FORT BEND COUNTY MUD 212","Municipal Utility District","Active",,,,,,,,,,,,,,,,,,,,,
"FORT BEND","9000079","FORT BEND COUNTY MUD 263","Municipal Utility District","Inactive",,,,,,,,,,,,,,,,,,,,,
"GALVESTON","3209909","GALVESTON COUNTY MUD 73","Municipal Utility District","Active","RESPONSIBLE PARTY","CYNTHIA","ALDAPE","BOARD PRESIDENT","GALVESTON COUNTY MUD 73","202 CENTURY SQUARE BLVD",,"SUGAR LAND","TX","77478","3796","(281)500-6050",,"202 CENTURY SQUARE BLVD",,,"SUGAR LAND","TX","77478","3796","POINT (-95.607059 29.624115005)"
"GALVESTON","3220000","DICKINSON WCID","Water Control and Improvement District","Active","RESPONSIBLE PARTY","RON","MORALES","BOARD PRESIDENT","GALVESTON COUNTY WCID 1","PO BOX 307",,"DICKINSON","TX","77539","0096","(281)337-1576",,"PO BOX 307",,,"DICKINSON","TX","77539","0307","POINT (-95.0352771 29.4659041)"
"GALVESTON","7495000","SAN LEON MUD","Water Control and Improvement District","Active","RESPONSIBLE PARTY","KEN","BISHOP","PRESIDENT","SAN LEON MUNICIPAL UTILITY DISTRICT","443 24TH ST",,"SAN LEON","TX","77539","6067","(281)339-1586",,"443 24TH ST",,,"SAN LEON","TX","77539","6067","POINT (-94.941993037 29.494523993)"
"GALVESTON","3185000","GALVESTON COUNTY DRAINAGE DISTRICT 1","Drainage District","Active","RESPONSIBLE PARTY","DENNIS","WAGNER","PRESIDENT","GALVESTON COUNTY DRAINAGE DISTRICT 1","PO BOX 884",,"SANTA FE","TX","77510","0884",,,"PO BOX 591",,,"SANTA FE","TX","77517","0591","POINT (-95.1212563 29.384261)"
"GALVESTON","3329999","GALVESTON COUNTY WCID 12","Water Control and Improvement District","Inactive",,,,,,,,,,,,,,,,,,,,,
"GALVESTON","3202620","GALVESTON COUNTY MUD 36","Municipal Utility District","Active","RESPONSIBLE PARTY","KATIE","WALL LEE-FAULK","PRESIDENT","GALVESTON COUNTY MUD 36","3200 SOUTHWEST FWY STE 2600",,"HOUSTON","TX","77027","7537","(713)860-6400",,"3200 SOUTHWEST FREEWAY","SUITE 2600","c/o ABHR","HOUSTON","TX","77027","7537","POINT (-95.428917993 29.730799994)"
"GALVESTON","3202409","GALVESTON COUNTY MUD 64","Municipal Utility District","Inactive","RESPONSIBLE PARTY","TROY","MAXWELL",,"GALVESTON COUNTY MUD 64",,,,,,,,,,,,,,,,
"GALVESTON","3202520","GALVESTON COUNTY MUD 12","Municipal Utility District","Active","RESPONSIBLE PARTY","ERIC","MOELLER","PRESIDENT","GALVESTON COUNTY MUD 12","2929 HIGHWAY 6 STE 300",,"BAYOU VISTA","TX","77563","2723","(409)935-6111",,"9 GREENWAY PLZ","STE 100",,"HOUSTON","TX","77046","0929","POINT (-95.4185 29.7199)"
"GALVESTON","3444100","GULF COAST WATER AUTHORITY","River Authority","Active","RESPONSIBLE PARTY","BRAD","MATLOCK","PRESIDENT","GULF COAST WATER AUTHORITY","4243 EMMETT F LOWRY EXPY",,"TEXAS CITY","TX","77591","2629","(409)935-2438",,"4243 EMMETT F LOWRY EXPY",,,"TEXAS CITY","TX","77591","2629","POINT (-94.960907975 29.392184014)"
"GALVESTON","3179826","GALVESTON COUNTY MUD 56","Municipal Utility District","Active","RESPONSIBLE PARTY","MARK","SALINAS","PRESIDENT","GALVESTON COUNTY MUD 56","3200 SOUTHWEST FWY STE 2600",,"HOUSTON","TX","77027","7537","(713)860-6400",,"3200 SOUTHWEST FWY","STE 2600",,"HOUSTON","TX","77027","7537","POINT (-95.42861 29.730405)"
"GALVESTON","3157255","GALVESTON COUNTY MUD 82","Municipal Utility District","Active","RESPONSIBLE PARTY","JOSEPH","FERRO","BOARD PRESIDENT","GALVESTIN COUTNY MUD 82","202 CENTURY SQUARE BLVD",,"SUGAR LAND","TX","77478","3796","(281)500-6050",,"202 CENTURY SQUARE BLVD",,,"SUGAR LAND","TX","77478","3796","POINT (-95.607059 29.624115005)"
"GALVESTON","3200990","GALVESTON COUNTY MUD 54","Municipal Utility District","Active","RESPONSIBLE PARTY","RICHARD","HARSCH","PRESIDENT","GALVESTON COUNTY MUD 54","3200 SOUTHWEST FWY STE 2600",,"HOUSTON","TX","77027","7537","(713)860-6400",,"3200 SOUTHWEST FWY","STE 2600","ALLEN BOONE HUMPHRIES ROBINSON LLP","HOUSTON","TX","77027","7537","POINT (-95.42861 29.730405)"
"GALVESTON","3374000","GALVESTON COUNTY WCID 19","Municipal Utility District","Active","RESPONSIBLE PARTY","FRANK","GARCIA","PRESIDENT","GALVESTON COUNTY WCID 19","7523 WESTERN",,"HITCHCOCK","TX","77563","2462",,,"6363 WOODWAY DR","STE 800",,"HOUSTON","TX","77057","1762","POINT (-95.496281001 29.755662018)"
"GALVESTON","3330000","GALVESTON COUNTY WCID 12","Municipal Utility District","Active","RESPONSIBLE PARTY","ROBERT","KELLY","BOARD PRESIDENT","GALVESTON COUNTY WCID 12","2727 ALLEN PKWY STE 1100",,"HOUSTON","TX","77019","2191","(713)652-6500",,"2727 ALLEN PKWY","STE 1100",,"HOUSTON","TX","77019","2191","POINT (-95.39588 29.75926)"
"GALVESTON","3202615","GALVESTON COUNTY MUD 35","Municipal Utility District","Active","RESPONSIBLE PARTY","REECE","FICKES","BOARD PRESIDENT","GALVESTON COUNTY MUD 35","3200 SOUTHWEST FWY STE 2600",,"HOUSTON","TX","77027","7537","(713)860-6400",,"3200 SOUTHWEST FWY","STE 2600",,"HOUSTON","TX","77027","7537","POINT (-95.428917993 29.730799994)"
"GALVESTON","3196757","GALVESTON COUNTY MUD 46","Municipal Utility District","Active","RESPONSIBLE PARTY","DENNIS","ONEAL","PRESIDENT","GALVESTON COUNTY MUD 46","3200 SOUTHWEST FWY STE 2600",,"HOUSTON","TX","77027","7537","(713)860-6400",,"3200 SOUTHWEST FWY","STE 2600","ALLEN BOONE HUMPHRIES ROBINSON LLP","HOUSTON","TX","77027","7537","POINT (-95.428917993 29.730799994)"
"GALVESTON","7457501","SAINT BARTS MUD 1 OF GALVESTON COUNTY","Municipal Utility District","Inactive","RESPONSIBLE PARTY","JESSICA","BECERRA","DIRECTOR","SAINT BARTS MUD 1 OF GALVESTON COUNTY",,,,,,,,,,,,,,,,
"GALVESTON","3202526","GALVESTON COUNTY MUD 15","Municipal Utility District","Active","RESPONSIBLE PARTY","SHARON","MOORE","PRESIDENT","GALVESTON COUNTY MUD 15","1300 POST OAK BLVD","STE 2400","HOUSTON","TX","77056","3044","(713)623-4531",,"1300 POST OAK BLVD","STE 1400","SCHWARTZ PAGE & HARDING LLP","HOUSTON","TX","77056","3078","POINT (-95.460133038 29.753514994)"
"GALVESTON","1212000","BAYVIEW MUD","Fresh Water Supply District","Active","RESPONSIBLE PARTY","BRIAN","WEISINGER","BOARD PRESIDENT","BAYVIEW MUD","3521 BAYSHORE DR",,"BACLIFF","TX","77518","1223","(281)384-4001",,"309 MILES RD",,,"BACLIFF","TX","77518","1106","POINT (-94.99776 29.51767)"
"GALVESTON","3191113","GALVESTON COUNTY MUD 45","Municipal Utility District","Active","RESPONSIBLE PARTY","DON","CHURCH","PRESIDENT","GALVESTON COUNTY MUD 45","3200 SOUTHWEST FWY","STE 2600","HOUSTON","TX","77027","7537","(713)860-6400",,"3200 SOUTHWEST FWY","STE 2600","ALLEN BOONE HUMPHRIES ROBINSON LLP","HOUSTON","TX","77027","7537","POINT (-95.428917993 29.730799994)"
"GALVESTON","3179825","GALVESTON COUNTY MUD 44","Municipal Utility District","Active","RESPONSIBLE PARTY","W.E.","WHITE","PRESIDENT","GALVESTON COUNTY MUD 44","2727 ALLEN PKWY","STE 1100","HOUSTON","TX","77019","2191","(713)652-6500",,"2727 ALLEN PKWY","STE 1100","c/o SMIUTH, MURDAUGH, LITTLE & BONHAM, LLP","HOUSTON","TX","77019","2191","POINT (-95.395606968 29.759715004)"
"GALVESTON","3164065","GALVESTON COUNTY MUD 81","Municipal Utility District","Active","RESPONSIBLE PARTY","EMILY","BOURGEOIS","PRESIDENT","GALVESTON COUNTY MUD 81","202 CENTURY SQUARE BLVD",,"SUGAR LAND","TX","77478","3796","(281)500-6050",,"202 CENTURY SQUARE BLVD",,,"SUGAR LAND","TX","77478","3796","POINT (-95.60593 29.62551)"
"GALVESTON","3199932","GALVESTON COUNTY MUD 52","Municipal Utility District","Active","RESPONSIBLE PARTY","GARCIA","JOE","PRESIDENT","GALVESTON COUNTY MUD 52","3200 SOUTHWEST FREEWAY","STE 2600","HOUSTON","TX","77027","7537","(713)860-6400",,"3200 SOUTHWEST FWY","STE 2600","ALLEN BOONE HUMPHRIES ROBINSON LLP","HOUSTON","TX","77027","7537","POINT (-95.4288 29.73021)"
"GALVESTON","7585214","SOUTH SHORE HARBOUR MUD 7","Municipal Utility District","Active","RESPONSIBLE PARTY","STEVEN","DAY","BOARD PRESIDENT","SOUTH SHORE HARBOR MUD 7","6363 WOODWAY DR STE 800",,"HOUSTON","TX","77057","1762","(713)739-1060",,"6363 WOODWAY DR","STE 800","c/o BACON, WALLACE & PHILBIN, LLP","HOUSTON","TX","77057","1762","POINT (-95.496281001 29.755662018)"
"GALVESTON","3207408","GALVESTON COUNTY MUD 76","Municipal Utility District","Active","RESPONSIBLE PARTY","MICHAEL","ROBINSON","BOARD PRESIDENT","GALVESTON COUNTY MUD 76","1300 POST OAK BLVD STE 1400",,"HOUSTON","TX","77056","3025","(713)623-4531",,"1300 POST OAK BLVD","STE 1400","SCHWARTZ, PAGE & HARDING LLP.","HOUSTON","TX","77056","3025","POINT (-95.460133038 29.753514994)"
"GALVESTON","3190000","GALVESTON COUNTY DRAINAGE DISTRICT 2","Drainage District","Active","RESPONSIBLE PARTY","WAYNE","HOBGOOD","PRESIDENT","GALVESTON COUNTY DRAINAGE DISTRICT 2","PO BOX 624",,"LA MARQUE","TX","77568","0624","(409)935-2041",,"PO BOX 624",,,"LA MARQUE","TX","77568","0624","POINT (-94.966945 29.3735)"
"GALVESTON","8040975","WESTWOOD MANAGEMENT DISTRICT","Municipal Management District","Active","RESPONSIBLE PARTY","MARIA","MORALES","PRESIDENT","WESTWOOD MANAGEMENT DISTRICT","PO BOX 22167",,"HOUSTON","TX","77277","2167","(713)595-1200",,"PO BOX 22167",,"c/o HAWES HILL & ASSOCIATES LLP","HOUSTON","TX","77227","2167","POINT (-95.436618 29.7398945)"
"GALVESTON","3157252","GALVESTON COUNTY MUD 57","Municipal Utility District","Active","RESPONSIBLE PARTY","TONY","PATRONELLA","PRESIDENT","GALVESTON COUNTY MUD 57","3200 SOUTHWEST FWY STE 2600",,"HOUSTON","TX","77027","7537","(713)860-6400",,"3200 SOUTHWEST FWY","STE 2600",,"HOUSTON","TX","77027","7537","POINT (-95.428917993 29.730799994)"
"GALVESTON","3202400","GALVESTON COUNTY MUD 6","Municipal Utility District","Active","RESPONSIBLE PARTY","WAYDE","SHIPMAN","PRESIDENT","GALVESTON COUNTY MUD 6","2704 NORTHERN DRIVE",,"LEAGUE CITY","TX","77573","4827","(281)332-9180",,"16055 SPACE CENTER BLVD","STE 150","GREGG & GREGG PC","HOUSTON","TX","77062","6259","POINT (-95.11309 29.57503)"
"GALVESTON","3201200","GALVESTON COUNTY MUD 2","Municipal Utility District","Active","RESPONSIBLE PARTY","JOSEPH","WILSON","PRESIDENT","GALVESTON COUNTY MUD 2","3 GREENWAY PLZ STE 2000",,"HOUSTON","TX","77046","0307","(713)651-0111",,"3 GREENWAY PLZ","STE 2000",,"HOUSTON","TX","77046","0307","POINT (-95.4185 29.7199)"
"GALVESTON","2729500","DICKINSON MANAGEMENT DISTRICT 1","Municipal Management District","Active","RESPONSIBLE PARTY","PERRY","FULCHER","PRESIDENT","DICKINSON MANAGEMENT DISTRICT 1","3200 SOUTHWEST FWY STE 2600",,"HOUSTON","TX","77027","7537","(713)860-6400",,"3200 SOUTHWEST FWY","STE 2600","ALLEN BOONE HUMPHRIES ROBINSON LLP","HOUSTON","TX","77027","7537","POINT (-95.42861 29.730405)"
"GALVESTON","3202610","GALVESTON COUNTY MUD 34","Municipal Utility District","Inactive",,,,,,,,,,,,,,"3200 SOUTHWEST FWY","STE 2600",,"HOUSTON","TX","77027","7537","POINT (-95.42861 29.730405)"
"GALVESTON","3202535","GALVESTON COUNTY MUD 18","Municipal Utility District","Inactive","RESPONSIBLE PARTY","NORMAN","HASKINS","BOARD PRESIDENT","GALVESTON COUNTY MUD 18",,,,,,,,,"1300 POST OAK BLVD","STE 1400",,"HOUSTON","TX","77056","3078","POINT (-95.46015 29.75257)"
"GALVESTON","3202508","GALVESTON COUNTY MUD 65","Municipal Utility District","Inactive","RESPONSIBLE PARTY","KRISTINA","LANNINGHAM",,"GALVESTON COUNTY MUD 65",,,,,,,,,,,,,,,,
"GALVESTON","3202401","GALVESTON COUNTY MUD 60","Municipal Utility District","Inactive","RESPONSIBLE PARTY","OSCAR","DE LA ROSA",,"GALVESTON COUNTY MUD 60",,,,,,,,,,,,,,,,
"GALVESTON","7122400","PORT BOLIVAR IMPROVEMENT DISTRICT","Municipal Management District","Active",,,,,,,,,,,,,,,,,,,,,
"GALVESTON","3202605","GALVESTON COUNTY MUD 32","Municipal Utility District","Active","RESPONSIBLE PARTY","WILLIAM","THOMPSON","PRESIDENT","GALVESTON COUNTY MUD 32","3200 SOUTHWEST FWY STE 2600",,"HOUSTON","TX","77027","7537","(713)860-6400",,"3200 SOUTHWEST FWY","STE 2600","ALLEN BOONE HUMPHRIES ROBINSON LLP","HOUSTON","TX","77027","7537","POINT (-95.42861 29.730405)"
"GALVESTON","3202402","GALVESTON COUNTY MUD 61","Municipal Utility District","Inactive","RESPONSIBLE PARTY","ANDY","HEARD",,"GALVESTON COUNTY MUD 61",,,,,,,,,,,,,,,,
"GALVESTON","3381000","GALVESTON GRAND BEACH MANAGEMENT DISTRICT","Municipal Management District","Active",,,,,,,,,,,,,,,,,,,,,
"GALVESTON","3210000","GALVESTON COUNTY NAVIGATION DISTRICT 1","Navigation District","Active","RESPONSIBLE PARTY","VANDY","ANDERSON","BOARD PRESIDENT","GALVESTON COUNTY NAVIGATION DISTRICT 1","6917 WEIS DR",,"GALVESTON","TX","77551","1779",,,"2121 MARKET","STE 211",,"GALVESTON","TX","77550","1689","POINT (-94.79205 29.30585)"
"GALVESTON","5376500","LEAGUE CITY IMPROVEMENT DISTRICT","Municipal Management District","Inactive","RESPONSIBLE PARTY","DALE","HARDY","PRESIDENT","LEAGUE CITY IMPROVEMENT DISTRICT","PO BOX 22167",,"HOUSTON","TX","77227","2167","(713)595-1200",,"PO BOX 22167",,,"HOUSTON","TX","77227","2167",
"GALVESTON","3184500","GALVESTON COUNTY CONSOLIDATED DRAINAGE DISTRICT","Drainage District","Active","RESPONSIBLE PARTY","KEVIN","HOLLAND","PRESIDENT","GALVESTON COUNTY CONSOLIDATED DRAINAGE DISTRICT","1605 Whitaker Dr",,"FRIENDSWOOD","TX","77546","4178","(281)482-0404",,"1605 WHITAKER DR",,,"FRIENDSWOOD","TX","77546","4178","POINT (-95.20282 29.49853)"
"GALVESTON","3170875","GALVESTON COUNTY MUD 80","Municipal Utility District","Inactive",,,,,,,,,,,,,,,,,,,,,
"GALVESTON","3179827","GALVESTON COUNTY MUD 59","Municipal Utility District","Active",,,,,,,,,,,,,,"3200 SOUTHWEST FWY","STE 2600","ALLEN BOONE HUMPHRIES ROBINSON LLP","HOUSTON","TX","77027","7537","POINT (-95.42861 29.730405)"
"GALVESTON","1845000","CADE RANCH WCID 1","Water Control and Improvement District","Inactive","RESPONSIBLE PARTY","JEREMY","NOETH","PRESIDENT","CADE RANCH WCID 1","3 GREENWAY PLZ STE 2000",,"HOUSTON","TX","77046","0307","(713)651-0111",,"3 GREENWAY PLZ","STE 2000","COATS ROSE YALE RYMAN & LEE PC","HOUSTON","TX","77046","0307","POINT (-95.4185 29.7199)"
"GALVESTON","3202407","GALVESTON COUNTY MUD 66","Municipal Utility District","Active","RESPONSIBLE PARTY","JEFFREY","CRAVEY","PRESIDENT","GALVESTON COUNTY MUD 66","6363 WOODWAY DR STE 800",,"HOUSTON","TX","77057","1762","(713)739-1060",,"6363 WOODWAY DR","STE 800","Wallace & Philbin LLP","HOUSTON","TX","77057","1762","POINT (-95.49644 29.75603)"
"GALVESTON","3202408","GALVESTON COUNTY MUD 63","Municipal Utility District","Inactive","RESPONSIBLE PARTY","PATRICK","CARMICHAEL",,"GALVESTON COUNTY MUD 63",,,,,,,,,,,,,,,,
"GALVESTON","3202405","GALVESTON COUNTY MUD 62","Municipal Utility District","Inactive","RESPONSIBLE PARTY","CARLOS","QUINTERO",,"GALVESTON COUNTY MUD 62",,,,,,,,,,,,,,,,
"GALVESTON","3199579","GALVESTON COUNTY MUD 51","Municipal Utility District","Active","RESPONSIBLE PARTY","MICHAEL","ROSS","PRESIDENT","GALVESTON COUNTY MUD 51","9 GREENWAY PLZ STE 1100",,"HOUSTON","TX","77046","3653","(713)651-0111",,"9 GREENWAY PLZ","STE 1100","COATS ROSE YALE RYMAN & LEE PC","HOUSTON","TX","77046","3653","POINT (-95.4185 29.7199)"
"GALVESTON","4635000","HIGHLAND MUD","Municipal Utility District","Active","RESPONSIBLE PARTY","WILLIAM","CLEVELAND","BOARD PRESIDENT","HIGHLAND MUD",,,,,,,,,"1100 LOUISIANA ST","STE 400","SMITH MURDAUGH LITTLE & BONHAM LLP","HOUSTON","TX","77002","5211","POINT (-95.36843 29.7574)"
"GALVESTON","3548000","HARBORSIDE MANAGEMENT DISTRICT","Municipal Management District","Inactive","RESPONSIBLE PARTY","JOHN","SULLIVAN","BOARD PRESIDENT","HARBORSIDE MANAGEMENT DISTRICT",,,,,,,,,,,,,,,,
"GALVESTON","1560350","BOLIVAR PENINSULA SUD","Special Utility District","Active","RESPONSIBLE PARTY","LYNETTE","HARDCASTLE","PRESIDENT","BOLIVAR PENINSULA SUD","PO BOX 1079",,"CRYSTAL BEACH (PATTON)","TX","77650","1079","(409)684-3515",,"PO BOX 1398",,,"CRYSTAL BEACH (PATTON)","TX","77650","1398",
"GALVESTON","3202625","GALVESTON COUNTY MUD 39","Municipal Utility District","Active","RESPONSIBLE PARTY","DAVID","PARKER","PRESIDENT","GALVESTON COUNTY MUD 39","3200 SOUTHWEST FWY STE 2600",,"HOUSTON","TX","77027","7537","(713)860-6400",,"3200 SOUTHWEST FWY","STE 2600","ALLEN BOONE HUMPHRIES ROBINSON LLP","HOUSTON","TX","77027","7537","POINT (-95.42861 29.730405)"
"GALVESTON","3207410","GALVESTON COUNTY MUD 69","Municipal Utility District","Active","RESPONSIBLE PARTY","ZACHARY","WHEELER","BOARD PRESIDENT","GALVESTON COUNTY MUD 69","202 CENTURY SQUARE BLVD",,"SUGAR LAND","TX","77478","3796","(281)500-6050",,,,,,,,,
"GALVESTON","3212409","GALVESTON COUNTY MUD 72","Municipal Utility District","Inactive","RESPONSIBLE PARTY","J","SADLER","PRESIDENT","GALVESTON COUNTY MUD 72","2727 ALLEN PKWY STE 1100",,"HOUSTON","TX","77019","2191","(713)652-6500",,"2727 ALLEN PKWY","STE 1100","SMITH MURDAUGH LITTLE & BONHAM LLP","HOUSTON","TX","77019","2191","POINT (-95.39427 29.76096)"
"GALVESTON","7585210","SOUTH SHORE HARBOUR MUD 6","Municipal Utility District","Active","RESPONSIBLE PARTY","MICHAEL","COLLINS","PRESIDENT","SOUTH SHORE HARBOR MUD 6","2026 REEF DR",,"LEAGUE CITY","TX","77573","6920","(281)470-3141",,"6363 WOODWAY DR","STE 725","PAUL A PHILBIN AND ASSOCIATES","HOUSTON","TX","77057","1799","POINT (-95.49651 29.75601)"
"GALVESTON","1207901","BAY COLONY WEST MUD","Municipal Utility District","Active","RESPONSIBLE PARTY","JAMES","CARNES","BOARD PRESIDENT","BAY COLONY WEST MUD","6363 WOODWAY DR STE 800",,"HOUSTON","TX","77057","1762","(713)739-1060",,"6363 WOODWAY DR","SUITE 800","BACON WALLACE & PHILBIN LLP","HOUSTON","TX","77057","1762","POINT (-95.496281001 29.755662018)"
"GALVESTON","3200050","GALVESTON COUNTY FWSD 6","Municipal Utility District","Active","RESPONSIBLE PARTY","JAMES","SANDY","PRESIDENT","GALVESTON COUNTY FWSD 6","802 TIKI DRIVE",,"TIKI ISLAND","TX","77554","8115","(409)935-1486",,"802 TIKI DR",,,"TIKI ISLAND","TX","77554","8115","POINT (-94.90799 29.29966)"
"GALVESTON","3202585","GALVESTON COUNTY MUD 31","Municipal Utility District","Active","RESPONSIBLE PARTY","SHEPHERD","SHELTON","PRESIDENT","GALVESTON COUNTY MUD 31","3200 SOUTHWEST FWY STE 2600",,"HOUSTON","TX","77027","7537","(713)860-6400",,"3200 SOUTHWEST FWY","STE 2600","ALLEN BOONE HUMPHRIES ROBINSON LLP","HOUSTON","TX","77027","7537","POINT (-95.428917993 29.730799994)"
"GALVESTON","3290000","GALVESTON COUNTY WCID 8","Water Control and Improvement District","Active","RESPONSIBLE PARTY","WILLIAM","BARNETT","PRESIDENT","GALVESTON COUNTY WCID 8","PO BOX 358",,"SANTA FE","TX","77510","0358",,,"PO BOX 337",,,"SANTA FE","TX","77510","0337","POINT (-95.089482 29.3705193)"
"GALVESTON","1170000","BACLIFF MUD","Water Control and Improvement District","Active","RESPONSIBLE PARTY","BRAD","BINGHAM","BOARD PRESIDENT","BACLIFF MUD","PO BOX 8717",,"BACLIFF","TX","77518","8717","(281)339-1073",,"PO BOX 8717",,,"BACLIFF","TX","77518","8717",
"GALVESTON","3157250","GALVESTON COUNTY MUD 43","Municipal Utility District","Active","RESPONSIBLE PARTY","GREGORY","MAZZANTINI","PRESIDENT","GALVESTON COUNTY MUD 43","3200 SOUTHWEST FWY STE 2600",,"HOUSTON","TX","77027","7537","(713)860-6400",,"3200 SOUTHWEST FWY","STE 2600","ALLEN BOONE HUMPHRIES ROBINSON LLP","HOUSTON","TX","77027","7537","POINT (-95.428917993 29.730799994)"
"GALVESTON","3208659","GALVESTON COUNTY MUD 74","Municipal Utility District","Active","RESPONSIBLE PARTY","JEREMY","KEESWOOD","BOARD PRESIDENT","GALVESTON COUNTY MUD 74","202 CENTURY SQUARE BLVD",,"SUGAR LAND","TX","77478","3796","(281)500-6050",,"202 CENTURY SQUARE BLVD",,,"SUGAR LAND","TX","77478","3796","POINT (-95.60593 29.62551)"
"GALVESTON","3202411","GALVESTON COUNTY MUD 68","Municipal Utility District","Active","RESPONSIBLE PARTY","SUZANNE","ROSS","BOARD PRESIDENT","GALVESTON COUNTY MUD 68","3200 SOUTHWEST FREEWAY","STE 2600","HOUSTON","TX","77027","7537","(713)860-6400",,"3200 SOUTHWEST FWY","STE 2600","ALLEN BOONE HUMPHRIES ROBINSON LLP","HOUSTON","TX","77027","7537","POINT (-95.4288 29.73021)"
"GALVESTON","3157253","GALVESTON COUNTY MUD 58","Municipal Utility District","Active","RESPONSIBLE PARTY","JOHN","LADNER","PRESIDENT","GALVESTON COUNTY MUD 58","3200 SOUTHWEST FWY STE 2600",,"HOUSTON","TX","77027","7537","(713)860-6440",,"3200 SOUTHWEST FWY","STE 2600",,"HOUSTON","TX","77027","7537","POINT (-95.4288 29.73021)"
"GALVESTON","3200285","GALVESTON COUNTY MUD 53","Municipal Utility District","Active","RESPONSIBLE PARTY","RICK","EWER","PRESIDENT","GALVESTON COUNTY MUD 53","1330 Post Oak Blvd Ste 2650",,"HOUSTON","TX","77056","3072","(713)850-9000",,"1330 POST OAK BLVD STE 2650",,"SANFORD KUHL HAGAN KUGLE PARKER KAHN LLP","HOUSTON","TX","77056","3072","POINT (-95.46125 29.75313)"
"GALVESTON","3209910","GALVESTON COUNTY MUD 70","Municipal Utility District","Inactive",,,,,,,,,,,,,,,,,,,,,
"GALVESTON","3211160","GALVESTON COUNTY MUD 71","Municipal Utility District","Inactive",,,,,,,,,,,,,,,,,,,,,
"GALVESTON","4419000","HARRIS GALVESTON SUBSIDENCE DISTRICT","Groundwater Conservation District","Active","RESPONSIBLE PARTY","MICHAEL","TURCO","GENERAL MANAGER","HARRIS GALVESTON COASTAL SUBSIDENCE DISTRICT","1660 W Bay Area Blvd",,"FRIENDSWOOD","TX","77546","2640","(281)486-1105",,"1660 W BAY AREA BLVD",,,"FRIENDSWOOD","TX","77546",,"POINT (-95.15215 29.53829)"
"GALVESTON","3200523","GALVESTON COUNTY MANAGEMENT DISTRICT 1","Municipal Management District","Active","RESPONSIBLE PARTY","BILL","MATHER","PRESIDENT","GALVESTON COUNTY MANAGEMENT DISTRICT 1","1330 POST OAK BLVD STE 2650",,"HOUSTON","TX","77056","3072","(713)850-9000",,"1980 POST OAK BLVD","STE 1380","c/o SANFORD KUHL HAGAN KUGLE PARKER KAHN LLP","HOUSTON","TX","77056","3970","POINT (-95.46245 29.7464)"
"GALVESTON","3204907","GALVESTON COUNTY MUD 79","Municipal Utility District","Active","RESPONSIBLE PARTY","GRETCHEN","HOLLAS","PRESIDENT","GALVESTON COUNTY MUD 79","3200 SOUTHWEST FWY STE 2600",,"HOUSTON","TX","77027","7537","(713)860-6400",,"3200 SOUTHWEST FWY","STE 2600",,"HOUSTON","TX","77027","7537","POINT (-95.42861 29.730405)"
"GALVESTON","3054000","FLAMINGO ISLES MUD","Water Control and Improvement District","Active","RESPONSIBLE PARTY","ELIZABETH","SHIELDS","PRESIDENT","FLAMINGO ISLES MUD","1330 Post Oak Blvs Ste 2650",,"HOUSTON","TX","77056","3072","(713)850-9000",,"1330 POST OAK BLVD STE 2650",,,"HOUSTON","TX","77056","3072","POINT (-95.46125 29.75313)"
"GALVESTON","3202580","GALVESTON COUNTY MUD 30","Municipal Utility District","Active","RESPONSIBLE PARTY","RANDY","TONNESEN","PRESIDENT","GALVESTON COUNTY MUD 30","3200 SOUTHWEST FREEWAY","SUITE 2600","HOUSTON","TX","77027","7537","(713)860-4600",,"3200 SOUTHWEST FWY","STE 2600","ALLEN BOONE HUMPHRIES ROBINSON LLP","HOUSTON","TX","77027","7537","POINT (-95.4288 29.73021)"
"GALVESTON","4912988","CITY OF KEMAH MMD 1","Municipal Management District","Active","RESPONSIBLE PARTY","KRISTI","BOUL","PRESIDENT","CITY OF KEMAH MMD 1","3200 SOUTHWEST FWY STE 2600",,"HOUSTON","TX","77027","7537","(719)860-6400",,"3200 SOUTHWEST FWY","STE 2600",,"HOUSTON","TX","77027","7537","POINT (-95.4288 29.73021)"
"GALVESTON","7483751","SAINT BARTS MUD 2 OF GALVESTON COUNTY","Municipal Utility District","Inactive",,,,,,,,,,,,,,,,,,,,,
"HARRIS","8473500","WESTLAKE MUD 1","Municipal Utility District","Active","RESPONSIBLE PARTY","DAVID","MARTINDALE","PRESIDENT","WESTLAKE MUD 1","1300 POST OAK BLVD STE 2400",,"HOUSTON","TX","77056","3044","(713)623-4531",,"1300 POST OAK BLVD","STE 2400","SCHWARTZ PAGE & HARDING LLP","HOUSTON","TX","77056","3044","POINT (-95.460133038 29.753514994)"
"HARRIS","3739608","HARRIS COUNTY MUD 495","Municipal Utility District","Active","RESPONSIBLE PARTY","MARTIN","BURNS","PRESIDENT","HARRIS COUNTY MUD 495","3200 SOUTHWEST FWY","STE 2600","HOUSTON","TX","77027","7537","(713)860-6400",,"3200 SOUTHWEST FWY","STE 2600","ALLEN BOONE HUMPHRIES ROBINSON LLP","HOUSTON","TX","77027","7537","POINT (-95.42861 29.730405)"
"HARRIS","2412500","CYPRESS CREEK UTILITY DISTRICT","Municipal Utility District","Active","RESPONSIBLE PARTY","ROBERT","CAMP","PRESIDENT","CYPRESS CREEK UTILITY DISTRICT","2727 ALLEN PKWY STE 1100",,"HOUSTON","TX","77019","2191","(713)652-6500",,"2727 ALLEN PKWY","STE 1100","SMITH MURDAUGH LITTLE & BONHAM LLP","HOUSTON","TX","77019","2191","POINT (-95.395606968 29.759715004)"
"HARRIS","2412700","CYPRESS FOREST PUD","Municipal Utility District","Active","RESPONSIBLE PARTY","GREGORY","DICIOCCIO","PRESIDENT","CYPRESS FOREST PUD","3200 SOUTHWEST FWY STE 2600",,"HOUSTON","TX","77027","7537","(713)860-6400",,"3200 SOUTHWEST FWY","STE 2600","ALLEN BOONE HUMPHRIES ROBINSON LLP","HOUSTON","TX","77027","7537","POINT (-95.428917993 29.730799994)"
"HARRIS","3738140","HARRIS COUNTY MUD 364","Municipal Utility District","Active","RESPONSIBLE PARTY","MEGAN","BRADLEY","PRESIDENT","HARRIS COUNTY MUD 364","PO BOX 66568",,"HOUSTON","TX","77266","6568","(346)440-1147",,"PO BOX 66568",,"C/O POLLEY GARZA","HOUSTON","TX","77266","6568","POINT (-95.3958349 29.7343778)"
"HARRIS","3737070","HARRIS COUNTY MUD 11","Municipal Utility District","Active","RESPONSIBLE PARTY","KENNETH","VASINA","PRESIDENT","HARRIS COUNTY MUD 11","9 GREENWAY PLZ STE 1000",,"HOUSTON","TX","77046","0900","(713)651-0111",,"9 GREENWAY PLZ","STE 1000","COATS ROSE YALE RYMAN & LEE PC","HOUSTON","TX","77046","0905","POINT (-95.43449103599994 29.73220798600005)"
"HARRIS","3737108","HARRIS COUNTY MUD 492","Municipal Utility District","Active","RESPONSIBLE PARTY","NICHOLAS","BAKER","PRESIDENT","HARRIS COUNTY MUD 492","1300 POST OAK BLVD STE 2400",,"HOUSTON","TX","77056","3044","(713)623-4531",,"1300 POST OAK BLVD","STE 2400","SCHWARTZ PAGE & HARDING LLP","HOUSTON","TX","77056","3044","POINT (-95.460133038 29.753514994)"
"HARRIS","5813250","MEMORIAL MUD","Municipal Utility District","Active","RESPONSIBLE PARTY","TIMOTHY","MILLER","BOARD PRESIDENT","MEMORIAL MUD","202 CENTURY SQUARE BLVD",,"SUGAR LAND","TX","77478","3796","(281)500-6050",,"202 CENTURY SQUARE BLVD",,"C/O THE MULLER LAW GROUP","SUGAR LAND","TX","77478","3796","POINT (-95.607059 29.624115005)"
"HARRIS","3994019","HARRIS-WALLER COUNTIES MUD 3","Municipal Utility District","Active","RESPONSIBLE PARTY","TONY","BONAVENTURE","PRESIDENT","HARRIS-WALLER COUNTIES MUD 3","3200 SOUTHWEST FWY STE 2600",,"HOUSTON","TX","77027","7537","(713)800-8681",,"3200 SOUTHWEST FWY","STE 2600","C/O ALLEN BOONE HUMPHRIES ROBINSON, LLP","HOUSTON","TX","77027","7537","POINT (-95.42891799299997 29.73079999400005)"
"HARRIS","3742100","HARRIS COUNTY MUD 478","Municipal Utility District","Active","RESPONSIBLE PARTY","VANESSA","RODRIGUEZ","BOARD PRESIDENT","HARRIS COUNTY MUD 478","3200 SOUTHWEST FWY STE 2400",,"HOUSTON","TX","77027","7528","(713)860-6400",,"3200 SOUTHWEST FWY","STE 2400","ALLEN BOONE HUMPHRIES ROBINSON LLP","HOUSTON","TX","77027","7528","POINT (-95.4288 29.73021)"
"HARRIS","5983000","NORTH FOREST MUD","Municipal Utility District","Active","RESPONSIBLE PARTY","JAMES","STUBBLEFIELD","PRESIDENT","NORTH FOREST MUD","PO BOX 66568",,"HOUSTON","TX","77266","6568","(346)440-1147",,"PO BOX 66568",,,"HOUSTON","TX","77266","6568","POINT (-95.3958349 29.7343778)"
"HARRIS","3736454","HARRIS COUNTY IMPROVEMENT DISTRICT 18","Municipal Management District","Active","RESPONSIBLE PARTY","ROBERT","DEDEN","BOARD PRESIDENT","HARRIS COUNTY IMPROVEMENT DISTRICT 18","3200 SOUTHWEST FWY STE 2600",,"HOUSTON","TX","77027","7537","(713)860-6400",,"3200 SOUTHWEST FWY","STE 2600","ALLEN BOONE HUMPHRIES ROBINSON LLP","HOUSTON","TX","77027","7537","POINT (-95.428917993 29.730799994)"
"HARRIS","6041700","NORTHWEST HARRIS COUNTY MUD 29","Municipal Utility District","Active","RESPONSIBLE PARTY","BRYAN","FELT","PRESIDENT","NORTHWEST HARRIS COUNTY MUD 29","9 GREENWAY PLAZA","STE 1000","HOUSTON","TX","77046","0900","(713)651-0111",,"9 GREENWAY PLAZA",,"STE 1000","HOUSTON","TX","77046","0900","POINT (-95.434491036 29.732207986)"
"HARRIS","4241100","HARRIS COUNTY WCID 110","Municipal Utility District","Active","RESPONSIBLE PARTY","JAMES","WILLIAMS","PRESIDENT","HARRIS COUNTY WCID 110","1330 POST OAK BOULEVARD","STE 2650","HOUSTON","TX","77056","3072","(713)850-9000",,"1980 POST OAK BOULEVARD","STE 1380","SANFORD KUHL HAGAN KUGLE PARKER KAHN LLP","HOUSTON","TX","77056","3970","POINT (-95.46245 29.7464)"
"HARRIS","7281473","RICHFIELD RANCH MANAGEMENT DISTRICT","Municipal Management District","Active","RESPONSIBLE PARTY","JAY","BHAVSAR","BOARD PRESIDENT","RICHFIELD RANCH MANAGEMENT DISTRICT","1300 POST OAK BLVD STE 2400",,"HOUSTON","TX","77056","3044","(713)623-4531",,"1300 POST OAK BLVD","STE 2400","C/O SCHWARTZ, PAGE & HARDING LLP","HOUSTON","TX","77056","3044","POINT (-95.460133038 29.753514994)"
"HARRIS","1635003","HARRIS COUNTY MUD 484","Municipal Utility District","Inactive",,,,,,,,,,,,,,"1300 POST OAK BLVD","STE 2400",,"HOUSTON","TX","77056","3044","POINT (-95.460133038 29.753514994)"
"HARRIS","7281400","RICEWOOD MUD","Municipal Utility District","Active","RESPONSIBLE PARTY","JACQUE","FREEMAN","PRESIDENT","RICEWOOD MUD","1300 POST OAK BLVD STE 2400",,"HOUSTON","TX","77056","3044","(713)623-4531",,"1300 POST OAK BLVD","STE 1400","SCHWARTZ PAGE & HARDING LLP","HOUSTON","TX","77056","3078","POINT (-95.460133038 29.753514994)"
"HARRIS","3738440","HARRIS COUNTY MUD 391","Municipal Utility District","Active","RESPONSIBLE PARTY","GEORGE","PORTER","PRESIDENT","HARRIS COUNTY MUD 391","3200 SOUTHWEST FWY STE 2600",,"HOUSTON","TX","77027","7537","(713)860-6400",,"3200 SOUTHWEST FWY","STE 2600",,"HOUSTON","TX","77027","7537","POINT (-95.428917993 29.730799994)"
"HARRIS","3739000","HARRIS COUNTY ROAD IMPROVEMENT DISTRICT 1","Other","Active","RESPONSIBLE PARTY","DAVID","FLICKINGER","PRESIDENT","HARRIS COUNTY ROAD IMPROVEMENT DISTRICT 1","1301 MCKINNEY ST STE 5100",,"HOUSTON","TX","77010","3095","(713)651-5151",,"1301 MCKINNEY ST","STE 5100","NORTON ROSE FULBRIGHT US LLP","HOUSTON","TX","77010","3095","POINT (-95.361575016 29.755568015)"
"HARRIS","3718000","HARRIS COUNTY FWSD 45","Fresh Water Supply District","Active","RESPONSIBLE PARTY","LARRY","MAZE","PRESIDENT","HARRIS COUNTY FWSD 45","2929 ALLEN PWKY STE 3150",,"HOUSTON","TX","77019","7126","(713)489-8977",,"2929 ALLEN PKWY","STE 3150","JOHNSON PETROV LLP","HOUSTON","TX","77019","7126","POINT (-95.39671899499996 29.759934987000065)"
"HARRIS","6041575","NORTHWEST HARRIS COUNTY MUD 21","Municipal Utility District","Active","RESPONSIBLE PARTY","RAND","WALL","PRESIDENT","NORTHWEST HARRIS COUNTY MUD 21","9 GREENWAY PLZ STE 1000",,"HOUSTON","TX","77046","0900","(713)651-0111",,"9 GREENWAY PLZ","STE 1000",,"HOUSTON","TX","77046","0900","POINT (-95.43449103599994 29.73220798600005)"
"HARRIS","6042950","NOTTINGHAM COUNTRY MUD","Municipal Utility District","Active","RESPONSIBLE PARTY","RONALD","HUDSON","PRESIDENT","NOTTINGHAM COUNTRY MUD","3200 SOUTHWEST FWY","STE 2600","HOUSTON","TX","77027","7537","(713)860-6400",,"3200 SOUTHWEST FWY","STE 2600","ALLEN BOONE HUMPHRIES ROBINSON LLP","HOUSTON","TX","77027","7537","POINT (-95.42891799299997 29.73079999400005)"
"HARRIS","3747158","HARRIS COUNTY MUD 415","Municipal Utility District","Active","RESPONSIBLE PARTY","PATRICIA","MORLEN","PRESIDENT","HARRIS COUNTY MUD 415","3200 SOUTHWEST FWY STE 2600",,"HOUSTON","TX","77027","7537","(713)860-8463",,"3200 SOUTHWEST FWY","STE 2600","ALLEN BOONE HUMPHRIES ROBINSON LLP","HOUSTON","TX","77027","7537","POINT (-95.42861 29.730405)"
"HARRIS","5332750","LAGO BELLO MUD 1","Municipal Utility District","Inactive",,,,,,,,,,,,,,"9 GREENWAY PLZ","STE 1000",,"HOUSTON","TX","77046","0900","POINT (-95.43449103599994 29.73220798600005)"
"HARRIS","3682000","HARRIS COUNTY FWSD 27","Fresh Water Supply District","Active","RESPONSIBLE PARTY","THOMAS","HARD","PRESIDENT","HARRIS COUNTY FWSD 27","214 POST OAK DR",,"BAYTOWN","TX","77520","1224","(281)424-5616",,"6363 WOODWAY DR",,"STE 800","HOUSTON","TX","77057","1762","POINT (-95.49628100099994 29.755662018000066)"
"HARRIS","3737140","HARRIS COUNTY MUD 46","Municipal Utility District","Active","RESPONSIBLE PARTY","ELVIRA","NYKAZA","PRESIDENT","HARRIS COUNTY MUD 46","9 GREENWAY PLZ","STE 1000","HOUSTON","TX","77046","0900",,,"9 GREENWAY PLZ","STE 1100","COATS ROSE YALE RYMAN AND LEE PC","HOUSTON","TX","77046","0905","POINT (-95.434491036 29.732207986)"
"HARRIS","3747090","HARRIS COUNTY MUD 477","Municipal Utility District","Active","RESPONSIBLE PARTY","DANNY","WARE","BOARD PRESIDENT","HARRIS COUNTY MUD 477","3200 SOUTHWEST FWY STE 2600",,"HOUSTON","TX","77027","7537","(713)860-6400",,"3200 SOUTHWEST FWY","STE 2600",,"HOUSTON","TX","77027","7537","POINT (-95.428917993 29.730799994)"
"HARRIS","3737807","HARRIS-WALLER COUNTIES MUD 10","Municipal Utility District","Active","RESPONSIBLE PARTY","WILLIAM","NEUHAUS","PRESIDENT","HARRIS-WALLER COUNTIES MUD 10","3200 SOUTHWEST FREEWAY","SUITE 2600","HOUSTON","TX","77027","7537","(713)860-6400",,,,,,,,,
"HARRIS","3736000","HARRIS COUNTY IMPROVEMENT DISTRICT 1","Municipal Management District","Active","RESPONSIBLE PARTY","MICHAEL","MOORE","PRESIDENT","HARRIS COUNTY IMPROVEMENT DISTRICT 1","1980 POST OAK BLVD STE 1700",,"HOUSTON","TX","77056","3825","(713)621-2011",,"1980 POST OAK BLVD","STE 1700",,"HOUSTON","TX","77056","3825","POINT (-95.463239036 29.746134016)"
"HARRIS","3744658","HARRIS COUNTY MUD 541","Municipal Utility District","Active",,,,,,,,,,,,,,,,,,,,,
"HARRIS","6041100","NORTHWEST HARRIS COUNTY MUD 5","Municipal Utility District","Active","RESPONSIBLE PARTY","LARRY","MILBERGER","PRESIDENT","NORTHWEST HARRIS COUNTY MUD 5","2727 ALLEN PKWY STE 1100",,"HOUSTON","TX","77019","2191","(713)652-6500",,"2727 ALLEN PKWY","STE 1100",,"HOUSTON","TX","77019","2191","POINT (-95.39560696799998 29.759715004000043)"
"HARRIS","8680500","WINDFERN FOREST UTILITY DISTRICT","Municipal Utility District","Active","RESPONSIBLE PARTY","KAREN","HLAVENKA","PRESIDENT","WINDFERN FOREST UTILITY DISTRICT","711 LOUISIANA","STE 2300","HOUSTON","TX","77002","2770","(713)221-1202",,"711 LOUISIANA STREET",,"STE 2300","HOUSTON","TX","77002","2770","POINT (-95.365618027 29.76012798)"
"HARRIS","6041565","NORTHWEST HARRIS COUNTY MUD 19","Municipal Utility District","Active","RESPONSIBLE PARTY","MICHELLE","MAREK","PRESIDENT","NORTHWEST HARRIS COUNTY MUD 19","7506 RAES DREEK DR",,"SPRING","TX","77389","4351","(281)782-5420",,"10000 MEMORIAL DR","STE 260",,"HOUSTON","TX","77024","3430","POINT (-95.48355199199995 29.778930014000025)"
"HARRIS","3737322","HARRIS COUNTY MUD 132","Municipal Utility District","Active","RESPONSIBLE PARTY","TIM","STINE","PRESIDENT","HARRIS COUNTY MUD 132","1301 MCKINNEY STREET","STE 5100","HOUSTON","TX","77010","3095","(713)651-5151",,"1301 MCKINNEY STREET",,"STE 5100","HOUSTON","TX","77010","3095","POINT (-95.361575016 29.755568015)"
"HARRIS","3747415","HARRIS COUNTY MUD 517","Municipal Utility District","Active","RESPONSIBLE PARTY","PETER","VAN LIEW","BOARD PRESIDENT","HARRIS COUNTY MUD 517","9 GREENWAY PLZ STE 1000",,"HOUSTON","TX","77046","0900","(713)651-0111",,"9 GREENWAY PLZ","STE 1000",,"HOUSTON","TX","77046","0900","POINT (-95.434491036 29.732207986)"
"HARRIS","3737071","HARRIS COUNTY MUD 589","Municipal Utility District","Active","RESPONSIBLE PARTY","ANDREW","WRAY","PRESIDENT","HARRIS COUNTY MUD 589","3200 SOUTHWEST FWY STE 2600",,"HOUSTON","TX","77027","7537","(713)760-6400",,,,,,,,,
"HARRIS","3738000","HARRIS COUNTY MUD 354","Municipal Utility District","Active","RESPONSIBLE PARTY","MICHAEL","LEHEW","PRESIDENT","HARRIS COUNTY MUD 354","1550 LAMAR ST STE 2000",,"HOUSTON","TX","77010","4106","(713)651-5151",,"1301 MCKINNEY ST","STE 5100","FULBRIGHT & JAWORSKI LLP","HOUSTON","TX","77010","3095","POINT (-95.3619 29.75513)"
"HARRIS","3744700","HARRIS COUNTY UTILITY DISTRICT 14","Municipal Utility District","Active","RESPONSIBLE PARTY","GLENN","KRUSE","PRESIDENT","HARRIS COUNTY UTILITY DISTRICT 14","1550 LAMAR ST STE 2000",,"HOUSTON","TX","77010","4106","(713)651-5151",,"1550 LAMAR ST","STE 2000","NORTON ROSE FULBRIGHT US LLP","HOUSTON","TX","77010","3093","POINT (-95.361 29.75294)"
"HARRIS","4068566","HARRIS-WALLER COUNTIES MUD 7","Municipal Utility District","Active","RESPONSIBLE PARTY","TYLER","BROOM","BOARD PRESIDENT","HARRIS-WALLER COUNTIES MUD 7","202 CENTURY SQUARE BLVD",,"SUGAR LAND","TX","77478","3796","(281)500-6050",,"202 CENTURY SQUARE BLVD",,"C/O MULLER LAW GROUP","SUGAR LAND","TX","77478","3796","POINT (-95.607059 29.624115005)"
"HARRIS","3737802","HARRIS COUNTY MUD 304","Municipal Utility District","Active","RESPONSIBLE PARTY","SANDRA","FORD","PRESIDENT","HARRIS COUNTY MUD 304","1550 LAMAR ST STE 2000",,"HOUSTON","TX","77010","4106","(713)651-5151",,"1550 LAMAR ST","STE 2000",,"HOUSTON","TX","77010","4106","POINT (-95.361 29.75294)"
"HARRIS","3738450","HARRIS COUNTY MUD 396","Municipal Utility District","Active","RESPONSIBLE PARTY","TIM","APPLEWHITE","PRESIDENT","HARRIS COUNTY MUD 396","1550 LAMAR ST STE 2000",,"HOUSTON","TX","77010","4106","(713)651-5151",,"1301 MCKINNEY ST","STE 5100","FULBRIGHT & JAWORSKI LLP","HOUSTON","TX","77010","3095","POINT (-95.3619 29.75513)"
"HARRIS","6041702","NORTHWEST HARRIS COUNTY MUD 30","Municipal Utility District","Active","RESPONSIBLE PARTY","JAMES","ATTAWAY","PRESIDENT","NORTHWEST HARRIS COUNTY MUD 30","2727 ALLEN PARKWAY","STE 1100","HOUSTON","TX","77019","2191","(713)652-6500",,"2727 ALLEN PARKWAY","STE 1100",,"HOUSTON","TX","77019","2191","POINT (-95.395606968 29.759715004)"
"HARRIS","3737147","HARRIS COUNTY MUD 449","Municipal Utility District","Active","RESPONSIBLE PARTY","HEATHER","TOLLESON","PRESIDENT","HARRIS COUNTY MUD 449","3200 SOUTHWEST FWY STE 2600",,"HOUSTON","TX","77027","7537","(713)860-6400",,"3200 SOUTHWEST FWY","STE 2600","ALLEN BOONE HUMPHRIES ROBINSON LLP","HOUSTON","TX","77027","7537","POINT (-95.42861 29.730405)"
"HARRIS","1173000","BAKER ROAD MUD","Municipal Utility District","Active","RESPONSIBLE PARTY","FREDERICK","WOLFE","PRESIDENT","BAKER ROAD MUD","1300 POST OAK BLVD STE 2400",,"HOUSTON","TX","77056","3044","(713)623-4531",,"1300 POST OAK BLVD","STE 2400","SCHWARTZ PAGE & HARDING LLP","HOUSTON","TX","77056","3044","POINT (-95.460133038 29.753514994)"
"HARRIS","3737382","HARRIS COUNTY MUD 162","Municipal Utility District","Active","RESPONSIBLE PARTY","PENNY","JOHNSON","PRESIDENT","HARRIS COUNTY MUD 162","1301 MCKINNEY STREET","STE 5100","HOUSTON","TX","77010","3095","(713)651-8353",,"1301 MCKINNEY STREET","STE 5100","FULBRIGHT & JAWORSKI LLP","HOUSTON","TX","77010","3093","POINT (-95.361575016 29.755568015)"
"HARRIS","3738445","HARRIS COUNTY MUD 393","Municipal Utility District","Active","RESPONSIBLE PARTY","JERRY","PRESTON","PRESIDENT","HARRIS COUNTY MUD 393","1300 POST OAK BOULEVARD","STE 2400","HOUSTON","TX","77056","3044","(713)623-4531",,"1300 POST OAK BOULEVARD","STE 2400","SCHWARTZ PAGE & HARDING LLP","HOUSTON","TX","77056","3044","POINT (-95.460133038 29.753514994)"
"HARRIS","2256400","CASTLEWOOD MUD","Municipal Utility District","Active","RESPONSIBLE PARTY","ALAN","HUDDLESTON","PRESIDENT","CASTLEWOOD MUD","6363 WOODWAY DR","STE 800","HOUSTON","TX","77057","1762","(713)739-1060",,"6363 WOODWAY DR","STE 800","BACON, WALLACE, & PHILBIN LLP","HOUSTON","TX","77057","1799","POINT (-95.496281001 29.755662018)"
"HARRIS","4241190","HARRIS COUNTY WCID 119","Municipal Utility District","Active","RESPONSIBLE PARTY","WILLIAM","MANNING","PRESIDENT","HARRIS COUNTY WCID 119","3700 BUFFALO SPEEDWAY STE 830",,"HOUSTON","TX","77098","3709","(713)942-9922",,"3700 BUFFALO SPEEDWAY","STE 830","MARKS RICHARDSON PC","HOUSTON","TX","77098","3709","POINT (-95.42949097899998 29.73244900800006)"
"HARRIS","9000031","HARRIS COUNTY MUD 570C","Municipal Utility District","Active","RESPONSIBLE PARTY","MEGAN","SLATTERY","BOARD PRESIDENT","HARRIS COUNTY MUD 570C","1300 POST OAK BLVD STE 2400",,"HOUSTON","TX","77056","3044","(713)623-4531",,"1300 POST OAK BLVD","STE 2400",,"HOUSTON","TX","77056","3044","POINT (-95.460133038 29.753514994)"
"HARRIS","3850000","HARRIS COUNTY WCID 21","Water Control and Improvement District","Active","RESPONSIBLE PARTY","JIMMY","RAMSEY","PRESIDENT","HARRIS COUNTY WCID 21","15808 AVENUE C",,"CHANNELVIEW","TX","77530","3702","(281)452-0211",,"15808 AVENUE C",,"JON C PFENNIG PC","CHANNELVIEW","TX","77530","3702","POINT (-95.123517986 29.78251202)"
"HARRIS","7808750","TOWNE LAKE MANAGEMENT DISTRICT","Municipal Management District","Active","RESPONSIBLE PARTY","ROBERT","WILLIAMS","PRESIDENT","TOWNE LAKE MANAGEMENT DISTRICT","1980 POST OAK BLVD STE 1380",,"HOUSTON","TX","77056","3970","(713)850-9000",,"1980 POST OAK BLVD","STE 1380","SANFORD KUHL HAGAN KUGLE PARKER KAHN LLP","HOUSTON","TX","77056","3806","POINT (-95.463239036 29.746134016)"
"HARRIS","4063647","HARRIS COUNTY MUD 535","Municipal Utility District","Active","RESPONSIBLE PARTY","GREGORY","PRIOLI","PRESIDENT","HARRIS COUNTY MUD 535","3200 SOUTHWEST FWY STE 2600",,"HOUSTON","TX","77027","7537","(713)860-6400",,"3200 SOUTHWEST FREEWAY",,"STE 2600","HOUSTON","TX","77027","7537","POINT (-95.428917993 29.730799994)"
"HARRIS","3737080","HARRIS COUNTY MUD 16","Municipal Utility District","Active","RESPONSIBLE PARTY","HENRIETTA","DAVIS","BOARD PRESIDENT","HARRIS COUNTY MUD 16","3251 PALSTON BEND LANE",,"HOUSTON","TX","77014","1433","(281)736-6255",,"10000 MEMORIAL DR","STE 260","YOUNG & BROOKS","HOUSTON","TX","77024","3430","POINT (-95.48355199199995 29.778930014000025)"
"HARRIS","4241470","HARRIS COUNTY WCID 155","Water Control and Improvement District","Active","RESPONSIBLE PARTY","JIMMIE","LEHEW","PRESIDENT","HARRIS COUNTY WCID 155","1550 LAMAR ST STE 2000",,"HOUSTON","TX","77010","4106","(713)651-5151",,"1301 MCKINNEY ST","STE 5100","FULBRIGHT & JAWORSKI LLP","HOUSTON","TX","77010","3095","POINT (-95.3619 29.75513)"
"HARRIS","6041400","NORTHWEST HARRIS COUNTY MUD 10","Municipal Utility District","Active","RESPONSIBLE PARTY","WENSLADO","YHARTE","PRESIDENT","NORTHWEST HARRIS COUNTY MUD 10","2727 ALLEN PARKWAY","STE 1100","HOUSTON","TX","77019","2191","(713)652-6500",,"2727 ALLEN PARKWAY",,"STE 1100","HOUSTON","TX","77019","2191","POINT (-95.395606968 29.759715004)"
"HARRIS","3737440","HARRIS COUNTY MUD 186","Municipal Utility District","Active","RESPONSIBLE PARTY","ANDY","ARMSTRONG","PRESIDENT","HARRIS COUNTY MUD 186","1550 LAMAR ST STE 2000",,"HOUSTON","TX","77010","4106","(713)651-5151",,"1550 LAMAR ST","STE 2000","Norton Rose Fulbright","HOUSTON","TX","77010","4106","POINT (-95.361 29.75294)"
"HARRIS","3737181","HARRIS COUNTY MUD 555","Municipal Utility District","Inactive","RESPONSIBLE PARTY","JIMMY","BISHOP","BOARD PRESIDENT","HARRIS COUNTY MUD 555","3200 SOUTHWEST FWY STE 2600",,"HOUSTON","TX","77027","7537","(713)860-6400",,"3200 SOUTHWEST FWY","STE 2600",,"HOUSTON","TX","77027","7537","POINT (-95.42891799299997 29.73079999400005)"
"HARRIS","3737490","HARRIS COUNTY MUD 211","Municipal Utility District","Active","RESPONSIBLE PARTY","NANCY","ATNIP","PRESIDENT","HARRIS COUNTY MUD 211","3700 BUFFALO SPEEDWAY","STE 830","HOUSTON","TX","77098","3709","(713)942-9922",,"3700 BUFFALO SPEEDWAY","STE 830","MARKS RICHARDSON PC","HOUSTON","TX","77098","3709","POINT (-95.429490979 29.732449008)"
"HARRIS","5937000","NASA AREA MANAGEMENT DISTRICT","Municipal Management District","Active","RESPONSIBLE PARTY","MARK","DENMAN","PRESIDENT","MARSH DARCY PARTNERS","10110 MOORBERRY LANE",,"HOUSTON","TX","77080","6314","(713)647-9880",,"8955 KATY FWY","STE 215","MARSH DARCY PARTNERS INC","HOUSTON","TX","77024","1626","POINT (-95.509666985 29.783399999)"
"HARRIS","3737252","HARRIS COUNTY MUD 102","Municipal Utility District","Active","RESPONSIBLE PARTY","RANDAL","WARD","PRESIDENT","HARRIS COUNTY MUD 102","9 GREENWAY PLZ STE 1000",,"HOUSTON","TX","77046","0900","(713)651-0111",,"9 GREENWAY PLZ","STE 1000","COATS ROSE YALE RYMAN & LEE PC","HOUSTON","TX","77046","0900","POINT (-95.4185 29.7199)"
"HARRIS","3737286","HARRIS COUNTY MUD 119","Municipal Utility District","Active","RESPONSIBLE PARTY","F","RODRIGUEZ","PRESIDENT","HARRIS COUNTY MUD 119","1155 DAIRY ASHFORD RD STE 875",,"HOUSTON","TX","77079","3034","(713)864-5466",,"1155 DAIRY ASHFORD RD","STE 875",,"HOUSTON","TX","77079","3034","POINT (-95.60716 29.78143)"
"HARRIS","3738452","HARRIS COUNTY MUD 397","Municipal Utility District","Active","RESPONSIBLE PARTY","JAY","HARTLEY","PRESIDENT","HARRIS COUNTY MUD 397","1550 LAMAR ST STE 2000",,"HOUSTON","TX","77010","4106","(713)651-5151",,"1301 MCKINNEY ST","STE 5100","FULBRIGHT & JAWORSKI LLP","HOUSTON","TX","77010","3093","POINT (-95.3619 29.75513)"
"HARRIS","3737372","HARRIS COUNTY MUD 157","Municipal Utility District","Active","RESPONSIBLE PARTY","LEONARD","SPEARMAN","PRESIDENT","HARRIS COUNTY MUD 157","2727 ALLEN PKWY STE 1100",,"HOUSTON","TX","77019","2191","(713)652-6500",,"2727 ALLEN PKWY","STE 1100",,"HOUSTON","TX","77019","2191","POINT (-95.39560696799998 29.759715004000043)"
"HARRIS","3737358","HARRIS COUNTY MUD 150","Municipal Utility District","Active","RESPONSIBLE PARTY","OLIVER","AGARD","PRESIDENT","HARRIS COUNTY MUD 150","3700 BUFFALO SPEEDWAY STE 830",,"HOUSTON","TX","77098","3709","(713)942-9922",,"3700 BUFFALO SPEEDWAY","STE 830",,"HOUSTON","TX","77098","3709","POINT (-95.429490979 29.732449008)"
"HARRIS","5853500","MISSION BEND MUD 2","Municipal Utility District","Active",,,,,,,,,,,,,,"3200 SOUTHWEST FWY","STE 2600","ALLEN BOONE HUMPHRIES ROBINSON LLP","HOUSTON","TX","77027","7597","POINT (-95.42891799299997 29.73079999400005)"
"HARRIS","3737360","HARRIS COUNTY MUD 151","Municipal Utility District","Active","RESPONSIBLE PARTY","JERRY","BERRY","PRESIDENT","HARRIS COUNTY MUD 151","1550 LAMAR ST STE 2000",,"HOUSTON","TX","77010","4106","(713)651-5589",,"1550 LAMAR ST","STE 2000","NORTON ROSE FULBRIGHT","HOUSTON","TX","77010","4106","POINT (-95.361 29.75294)"
"HARRIS","3737828","HARRIS COUNTY MUD 316","Municipal Utility District","Active","RESPONSIBLE PARTY","BRYAN","CRAIG","PRESIDENT","HARRIS COUNTY MUD 316","1300 POST OAK BOULEVARD","STE 2400","HOUSTON","TX","77056","3044","(713)623-4531",,"1300 POST OAK BLVD","STE 2400","SCHWARTZ PAGE & HARDING LLP","HOUSTON","TX","77056","3044","POINT (-95.460133038 29.753514994)"
"HARRIS","3737444","HARRIS COUNTY MUD 188","Municipal Utility District","Active","RESPONSIBLE PARTY","JAMES","HENDERSON","PRESIDENT","HARRIS COUNTY MUD 188","3200 SOUTHWEST FWY STE 2600",,"HOUSTON","TX","77027","7537","(713)860-6400",,"3200 SOUTHWEST FWY","STE 2600","ALLEN BOONE HUMPHRIES ROBINSON LLP","HOUSTON","TX","77027","7537","POINT (-95.42891799299997 29.73079999400005)"
"HARRIS","3737173","HARRIS COUNTY MUD 433","Municipal Utility District","Active","RESPONSIBLE PARTY","WALT","DOYLE","PRESIDENT","HARRIS COUNTY MUD 433","1550 LAMAR ST STE 2000",,"HOUSTON","TX","77010","4106","(713)651-5151",,"1550 LAMAR ST","STE 2000",,"HOUSTON","TX","77010","4106","POINT (-95.361 29.75294)"
"HARRIS","3417200","GREENS PARKWAY MUD","Municipal Utility District","Active","RESPONSIBLE PARTY","MARK","IVY","PRESIDENT","GREENS PARKWAY MUD","2727 ALLEN PARKWAY","SUITE 1100","HOUSTON","TX","77019","2191","(713)652-6500",,"2727 ALLEN PARKWAY",,"STE 1100","HOUSTON","TX","77019","2191","POINT (-95.395606968 29.759715004)"
"HARRIS","3741533","HARRIS COUNTY MUD 544","Municipal Utility District","Active","RESPONSIBLE PARTY","JESSE","BROWN","BOARD PRESIDENT","HARRIS COUNTY MUD 544","3200 SOUTHWEST FWY STE 2600",,"HOUSTON","TX","77027","7537","(713)860-6400",,"3200 SOUTHWEST FWY","STE 2600",,"HOUSTON","TX","77027","7537","POINT (-95.428917993 29.730799994)"
"HARRIS","3737446","HARRIS COUNTY MUD 189","Municipal Utility District","Active","RESPONSIBLE PARTY","DERWOOD","CONE","PRESIDENT","HARRIS COUNTY MUD 189","1301 MCKINNEY ST STE 5100",,"HOUSTON","TX","77010","3093","(713)651-5151",,"1301 MCKINNEY ST","STE 5100","FULBRIGHT & JAWORSKI LLP","HOUSTON","TX","77010","3095","POINT (-95.361575016 29.755568015)"
"HARRIS","3925000","HARRIS COUNTY WCID 36","Water Control and Improvement District","Active","RESPONSIBLE PARTY","GERARDO","PARRA","PRESIDENT","HARRIS COUNTY WCID 36","903 HOLLYWOOD ST",,"HOUSTON","TX","77015","4649","(713)453-5493",,"903 HOLLYWOOD ST",,,"HOUSTON","TX","77015","4649","POINT (-95.17154 29.7796)"
"HARRIS","3737177","HARRIS-BRAZORIA COUNTIES MUD 509","Municipal Utility District","Active","RESPONSIBLE PARTY","RICARDO","RODRIGUEZ","PRESIDENT","HARRIS COUNTY MUD 509","3200 SOUTHWEST FWY STE 2600",,"HOUSTON","TX","77027","7537","(713)860-6400",,"3200 SOUTHWEST FWY","STE 2600","ALLEN BOONE HUMPHRIES ROBINSON LLP","HOUSTON","TX","77027","7537","POINT (-95.42861 29.730405)"
"HARRIS","3737103","HARRIS COUNTY MUD 501","Municipal Utility District","Active","RESPONSIBLE PARTY","WAYNE","TYSON","PRESIDENT","HARRIS COUNTY MUD 501","3200 SOUTHWEST FWY STE 2600",,"HOUSTON","TX","77027","7537","(713)860-6400",,"3200 SOUTHWEST FWY","STE 2600","ALLEN BOONE HUMPHRIES ROBINSON LLP","HOUSTON","TX","77027","7537","POINT (-95.42861 29.730405)"
"HARRIS","3737237","HARRIS COUNTY MUD 504","Municipal Utility District","Active","RESPONSIBLE PARTY","JOHN","HERNANDEZ","PRESIDENT","HARRIS COUNTY MUD 504","3200 SOUTHWEST FWY STE 2600",,"HOUSTON","TX","77027","7537","(713)860-6400",,"3200 SOUTHWEST FWY","STE 2600","ALLEN BOONE HUMPHRIES ROBINSON LLP","HOUSTON","TX","77027","7537","POINT (-95.42861 29.730405)"
"HARRIS","3737404","HARRIS COUNTY MUD 168","Municipal Utility District","Active","RESPONSIBLE PARTY","THOMAS","TANOUS","PRESIDENT","HARRIS COUNTY MUD 168","202 CENTURY SQUARE BLVD",,"SUGAR LAND","TX","77478","3796","(281)500-6050",,"202 CENTURY SQUARE BLVD",,,"SUGAR LAND","TX","77478","3796","POINT (-95.60705899999994 29.62411500500008)"
"HARRIS","3737121","HARRIS COUNTY MUD 500","Municipal Utility District","Active","RESPONSIBLE PARTY","JEFFRY","OTTMANN","PRESIDENT","HARRIS COUNTY MUD 500","3200 SOUTHWEST FWY STE 2600",,"HOUSTON","TX","77027","7537","(713)860-6400",,"3200 SOUTHWEST FWY","STE 2600","ALLEN BOONE HUMPHRIES ROBINSON LLP","HOUSTON","TX","77027","7537","POINT (-95.42861 29.730405)"
"HARRIS","3737179","HARRIS COUNTY MUD 529","Municipal Utility District","Active","RESPONSIBLE PARTY","VANNIA","HANDAL","BOARD PRESIDENT","HARRIS COUNTY MUD 529","3200 SOUTHWEST FWY STE 2600",,"HOUSTON","TX","77027","7537","(713)860-6400",,"3200 SOUTHWEST FWY","STE 2600",,"HOUSTON","TX","77027","7537","POINT (-95.42861 29.730405)"
"HARRIS","3737210","HARRIS COUNTY MUD 81","Municipal Utility District","Active","RESPONSIBLE PARTY","PATRICK","CATHCART","PRESIDENT","HARRIS COUNTY MUD 81","3200 SOUTHWEST FWY STE 2600",,"HOUSTON","TX","77027","7537","(713)860-6400",,"3200 SOUTHWEST FWY","STE 2600","ALLEN BOONE HUMPHRIES ROBINSON LLP","HOUSTON","TX","77027","7537","POINT (-95.42891799299997 29.73079999400005)"
"HARRIS","3736702","HARRIS COUNTY IMPROVEMENT DISTRICT 4","Municipal Management District","Active","RESPONSIBLE PARTY","DAVID","HIGHTOWER","PRESIDENT","HARRIS COUNTY IMPROVEMENT DISTRICT 4","800 TOWN AND COUNTRY BLVD STE 200",,"HOUSTON","TX","77024","4556","(713)463-4620",,"777 NORTH ELDRIDGE PKWY","STE 270",,"HOUSTON","TX","77079","4411","POINT (-95.61888 29.77722)"
"HARRIS","3316707","HARRIS COUNTY MUD 427","Municipal Utility District","Active","RESPONSIBLE PARTY","RYAN","TAAFFE","PRESIDENT","HARRIS COUNTY MUD 427","1300 POST OAK BLVD STE 1400",,"HOUSTON","TX","77056","3078","(713)623-4531",,"1300 POST OAK BLVD","STE 1400","SCHWARTZ PAGE & HARDING LLP","HOUSTON","TX","77056","3078","POINT (-95.46013303799998 29.753514994000057)"
"HARRIS","3737069","HARRIS COUNTY MUD 473","Municipal Utility District","Active","RESPONSIBLE PARTY","KELLIE","FRITCHER","PRESIDENT","HARRIS COUNTY MUD 473","3200 SOUTHWEST FREEWAY STE 2600",,"HOUSTON","TX","77027","7537","(713)860-6400",,"3200 SOUTHWEST FWY STE 2600",,,"HOUSTON","TX","77027","7537","POINT (-95.4288 29.73021)"
"HARRIS","7281210","REID ROAD MUD 2","Municipal Utility District","Active","RESPONSIBLE PARTY","SEAN","ALLEN","PRESIDENT","REID ROAD MUD 2","2001 TIMBERLOCH PL","SUITE 500","THE WOODLANDS","TX","77380","1375","(832)789-1899",,"2001 TIMBERLOCK PL","STE 500","ROACH & ASSOCIATES PLLC","THE WOODLANDS","TX","77380","1375","POINT (-95.46677703799998 30.15744200900008)"
"HARRIS","5310900","LAKE MUD","Municipal Utility District","Active","RESPONSIBLE PARTY","KATHLEEN","WITKOWSKI","BOARD PRESIDENT","LAKE MUD","7806 TEJAS ST",,"BAYTOWN","TX","77521","8811","834-1185",,"6363 WOODWAY DR","STE 800","C/O BACON, WALLACE, & PHILBIN LLP","HOUSTON","TX","77057","1762","POINT (-95.496281001 29.755662018)"
"HARRIS","5980100","NORTH CHANNEL WATER AUTHORITY","Other","Active","RESPONSIBLE PARTY","RITA","RODRIGUEZ","PRESIDENT","NORTH CHANNEL WATER AUTHORITY","3200 SOUTHWEST FREEWAY","STE 2600","HOUSTON","TX","77027","7537","(713)860-6400",,"3200 SOUTHWEST FWY","STE 2600","ALLEN BOONE HUMPHRIES ROBINSON LLP","HOUSTON","TX","77027","7537","POINT (-95.428917993 29.730799994)"
"HARRIS","7571500","SHELDON ROAD MUD","Municipal Utility District","Active","RESPONSIBLE PARTY","WADE","LANDRY","PRESIDENT","SHELDON ROAD MUD","2001 TIMBERLOCH PLACE STE 500",,"THE WOODLANDS","TX","77380","1135","(832)789-1899",,"2001 TIMBERLOCH PL","STE 500",,"THE WOODLANDS","TX","77380","1375","POINT (-95.466777038 30.157442009)"
"HARRIS","3737498","HARRIS COUNTY MUD 215","Municipal Utility District","Active","RESPONSIBLE PARTY","HARRIET","BASS","PRESIDENT","HARRIS COUNTY MUD 215","1300 POST OAK BLVD","STE 2400","HOUSTON","TX","77056","3044","(713)623-4531",,"1300 POST OAK BLVD","STE 2400","SCHWARTZ PAGE & HARDING LLP","HOUSTON","TX","77056","3078","POINT (-95.460133038 29.753514994)"
"HARRIS","3738090","HARRIS COUNTY MUD 360","Municipal Utility District","Active","RESPONSIBLE PARTY","MICHAEL","HILL","PRESIDENT","HARRIS COUNTY MUD 360","1300 POST OAK BOULEVARD","STE 2400","HOUSTON","TX","77056","3044","(713)623-4531",,"1300 POST OAK BLVD","STE 2400","SCHWARTZ PAGE & HARDING LLP","HOUSTON","TX","77056","3044","POINT (-95.460133038 29.753514994)"
"HARRIS","3737102","HARRIS COUNTY MUD 499","Municipal Utility District","Active","RESPONSIBLE PARTY","BRYAN","SEITZ","PRESIDENT","HARRIS COUNTY MUD 499","3200 SOUTHWEST FREEWAY","STE 2600","HOUSTON","TX","77027","7537","(713)860-6400",,"3200 SOUTHWEST FWY","STE 2600","ALLEN BOONE HUMPHRIES ROBINSON LLP","HOUSTON","TX","77027","7537","POINT (-95.42891799299997 29.73079999400005)"
"HARRIS","3737076","HARRIS COUNTY MUD 585","Municipal Utility District","Inactive",,,,,,,,,,,,,,,,,,,,,
"HARRIS","3737534","HARRIS COUNTY MUD 233","Municipal Utility District","Active","RESPONSIBLE PARTY","JOE","DITTMANN","PRESIDENT","HARRIS COUNTY MUD 233","3700 BUFFALO SPEEDWAY","STE 830","HOUSTON","TX","77098","3709","(713)942-9922",,"3700 BUFFALO SPEEDWAY",,"STE 830","HOUSTON","TX","77098","3709","POINT (-95.429490979 29.732449008)"
"HARRIS","6309078","HARRIS COUNTY MUD 532","Municipal Utility District","Active","RESPONSIBLE PARTY","TAYLOR","WATSON","BOARD PRESIDENT","HARRIS COUNTY MUD 532","3200 SOUTHWEST FWY STE 2600",,"HOUSTON","TX","77027","7537","(713)860-6400",,"3200 SOUTHWEST FWY","STE 2600",,"HOUSTON","TX","77027","7537","POINT (-95.42891799299997 29.73079999400005)"
"HARRIS","7588500","LOWER KIRBY PEARLAND MANAGEMENT DISTRICT","Municipal Management District","Active","RESPONSIBLE PARTY","SHAREEN","LARMOND","PRESIDENT","LOWER KIRBY PEARLAND MANAGEMENT DISTRICT","3200 SOUTHWEST FREEWAY","STE 2600","HOUSTON","TX","77027","7537","(713)860-6400",,"3200 SOUTHWEST FWY","STE 2600","ALLEN BOONE HUMPHRIES ROBINSON LLP","HOUSTON","TX","77027","7537","POINT (-95.42891799299997 29.73079999400005)"
"HARRIS","3737720","HARRIS COUNTY MUD 264","Municipal Utility District","Active","RESPONSIBLE PARTY","RUSSELL","APPELGET","PRESIDENT","HARRIS COUNTY MUD 264","3200 SOUTHWEST FREEWAY","STE 2600","HOUSTON","TX","77027","7537","(713)860-6400",,"3200 SOUTHWEST FWY","STE 2600","ALLEN BOONE HUMPHRIES ROBINSON LLP","HOUSTON","TX","77027","7537","POINT (-95.428917993 29.730799994)"
"HARRIS","4190000","HARRIS COUNTY WCID 89","Municipal Utility District","Active","RESPONSIBLE PARTY","MICHAEL","SMITH","PRESIDENT","HARRIS COUNTY WCID 89","3455 FELLOWS RD",,"HOUSTON","TX","77047","5501","(713)651-5401",,"3455 FELLOWS RD",,,"HOUSTON","TX","77047","5501","POINT (-95.367612378 29.593669692)"
"HARRIS","1703000","BRIDGESTONE MUD","Municipal Utility District","Active","RESPONSIBLE PARTY","JOHNNY","PACK","PRESIDENT","BRIDGESTONE MUD","1401 ENCLAVE PKWY STE 625",,"HOUSTON","TX","77077","2052","(346)440-1147",,"1401 ENCLAVE PKWY","STE 625","C/O POLLEY GARZA PLLC","HOUSTON","TX","77077","2052","POINT (-95.617598992 29.757472006)"
"HARRIS","6041714","NORTHWEST HARRIS COUNTY MUD 36","Municipal Utility District","Active","RESPONSIBLE PARTY","STUART","SPOONMORE","PRESIDENT","NORTHWEST HARRIS COUNTY MUD 36","20038 CASTLEGREEN DR",,"SPRING","TX","77388","2985","(832)704-0462",,"6363 WOODWAY DR","STE 800","BACON & WALLACE LLP","HOUSTON","TX","77057","1762","POINT (-95.49628100099994 29.755662018000066)"
"HARRIS","3744800","HARRIS COUNTY UTILITY DISTRICT 15","Municipal Utility District","Active","RESPONSIBLE PARTY","ERIC","GOODIE","PRESIDENT","HARRIS COUNTY UTILITY DISTRICT 15","1155 DAIRY ASHFORD RD TE 875",,"HOUSTON","TX","77079","3034","(713)864-5466",,"1155 DAIRY ASHFORD RD","STE 875",,"HOUSTON","TX","77079","3034","POINT (-95.60711499099995 29.78133298000006)"
"HARRIS","3737497","HARRIS COUNTY MUD 213B","Municipal Utility District","Active","RESPONSIBLE PARTY","MARK","PRAUSE","PRESIDENT","HARRIS COUNTY MUD 213-B","9 GREENWAY PLAZA","STE 1000","HOUSTON","TX","77046","0900","(713)651-0111",,"9 GREENWAY PLAZA",,"STE 1000","HOUSTON","TX","77046","0900","POINT (-95.434491036 29.732207986)"
"HARRIS","3737702","HARRIS COUNTY MUD 255","Municipal Utility District","Active","RESPONSIBLE PARTY","DARLENE","MARMOTTIN","PRESIDENT","HARRIS COUNTY MUD 255","2727 ALLEN PKWY STE 1100",,"HOUSTON","TX","77019","2191","(713)652-6500",,"2727 ALLEN PKWY","STE 1100","SMITH MURDAUGH LITTLE & BONHAM LLP","HOUSTON","TX","77019","2191","POINT (-95.39588 29.75926)"
"HARRIS","3743408","HARRIS COUNTY MUD 542","Municipal Utility District","Active","RESPONSIBLE PARTY","CLAUDINE","PACIONI","BOARD PRESIDENT","HARRIS COUNTY MUD 542","3200 SOUTHWEST FWY STE 2600",,"HOUSTON","TX","77027","7537","(713)860-6400",,"3200 SOUTHWEST FWY","STE 2600","ALLEN BOONE HUMPHRIES ROBINSON LLP","HOUSTON","TX","77027","7537","POINT (-95.428917993 29.730799994)"
"HARRIS","4165000","HARRIS COUNTY WCID 84","Water Control and Improvement District","Active","RESPONSIBLE PARTY","TOMAS","FERNANDEZ","PRESIDENT","HARRIS COUNTY WCID 84","1301 MCKINNEY ST STE 5100",,"HOUSTON","TX","77010","3095","(713)651-5151",,"1301 MCKINNEY ST","STE 5100","FULBRIGHT & JAWORSKI LLP","HOUSTON","TX","77010","3095","POINT (-95.36157501599996 29.75556801500005)"
"HARRIS","9000030","HARRIS COUNTY MUD 570B","Municipal Utility District","Inactive",,,,,,,,,,,,,,,,,,,,,
"HARRIS","4418015","HARRIS FORT BEND COUNTIES MUD 5","Municipal Utility District","Active","RESPONSIBLE PARTY","JACK","WELLS","PRESIDENT","HARRIS FORT BEND COUNTIES MUD 5","1300 POST OAK BLVD STE 2400",,"HOUSTON","TX","77056","3044","(713)623-4531",,"1300 POST OAK BLVD","STE 2400","SCHWARTZ PAGE & HARDING LLP","HOUSTON","TX","77056","3044","POINT (-95.46013303799998 29.753514994000057)"
"HARRIS","4241450","HARRIS COUNTY WCID 145","Water Control and Improvement District","Active","RESPONSIBLE PARTY","LOIS","MCDONALD","BOARD PRESIDENT","HARRIS COUNTY WCID 145","1301 MCKINNEY ST STE 5100",,"HOUSTON","TX","77010","3093","(713)651-5151",,"1301 MCKINNEY ST","STE 5100","FULBRIGHT & JAWORSKI LLP","HOUSTON","TX","77010","3095","POINT (-95.36157501599996 29.75556801500005)"
"HARRIS","5997000","NORTH PARK PUD","Municipal Utility District","Active","RESPONSIBLE PARTY","ROBINSON","NEBLETT","PRESIDENT","NORTH PARK PUD","2727 ALLEN PKWY STE 1100",,"HOUSTON","TX","77019","2191","(713)652-6500",,"2727 ALLEN PKWY","STE 1100","SMITH MURDAUGH LITTLE & BONHAM LLP","HOUSTON","TX","77019","2191","POINT (-95.39560696799998 29.759715004000043)"
"HARRIS","3737945","HARRIS COUNTY MUD 345","Municipal Utility District","Active","RESPONSIBLE PARTY","EVERETT","DALTON","PRESIDENT","HARRIS COUNTY MUD 345","1300 POST OAK BLVD STE 2400",,"HOUSTON","TX","77056","3044","(713)623-4531",,"1300 POST OAK BLVD","STE 2400","SCHWARTZ PAGE & HARDING LLP","HOUSTON","TX","77056","3078","POINT (-95.460133038 29.753514994)"
"HARRIS","2892800","FALLBROOK UTILITY DISTRICT","Water Control and Improvement District","Active","RESPONSIBLE PARTY","JAMES","MCCLURE","PRESIDENT","FALLBROOK UTILITY DISTRICT","1300 POST OAK BOULEVARD","STE 2400","HOUSTON","TX","77056","3044","(713)623-4531",,"1300 POST OAK BLVD","STE 2400","SCHWARTZ PAGE & HARDING LLP","HOUSTON","TX","77056","3078","POINT (-95.460133038 29.753514994)"
"HARRIS","7156000","PRESTONWOOD FOREST UTILITY DISTRICT","Municipal Utility District","Active","RESPONSIBLE PARTY","DERRYL","YORK","PRESIDENT","PRESTONWOOD FOREST UTILITY DISTRICT","8215 DORRCREST LN",,"HOUSTON","TX","77070","3609","557-3839",,"10000 MEMORIAL DRIVE",,"STE 260","HOUSTON","TX","77024","3430","POINT (-95.483551992 29.778930014)"
"HARRIS","7104200","PINE BOUGH PUD","Municipal Utility District","Active","RESPONSIBLE PARTY","CORY","HAWKS","BOARD PRESIDENT","PINE BOUGH PUD","26918 IVYWOOD DR",,"HUFFMAN","TX","77336","3713",,,"10000 MEMORIAL DR","STE 260","YOUNG & BROOKS","HOUSTON","TX","77024","3430","POINT (-95.483551992 29.778930014)"
"HARRIS","8472980","WEST HARRIS COUNTY MUD 17","Municipal Utility District","Active","RESPONSIBLE PARTY","SHARLENE","RHEA","PRESIDENT","WEST HARRIS COUNTY MUD 17","3034 SILVER SPUR DRIVE",,"KATY","TX","77449","4623","(823)798-6626",,"10000 MEMORIAL DR","STE 260","YOUNG & BROOKS","HOUSTON","TX","77024","3430","POINT (-95.483551992 29.778930014)"
"HARRIS","3737077","HARRIS COUNTY MUD 583","Municipal Utility District","Active",,,,,,,,,,,,,,"3200 SOUTHWEST FWY","STE 2600",,"HOUSTON","TX","77027","7537","POINT (-95.428917993 29.730799994)"
"HARRIS","3737112","HARRIS COUNTY MUD 468","Municipal Utility District","Active","RESPONSIBLE PARTY","KENNETH","CARTER","PRESIDENT","HARRIS COUNTY MUD 468","3200 SOUTHWEST FWY STE 2600",,"HOUSTON","TX","77027","7537","(713)860-6400",,"3200 SOUTHWEST FWY","STE 2600","ALLEN BOONE HUMPHRIES ROBINSON LLP","HOUSTON","TX","77027","7537","POINT (-95.42891799299997 29.73079999400005)"
"HARRIS","8470550","WESTCHASE DISTRICT","Municipal Management District","Active","RESPONSIBLE PARTY","IRMA","SANCHEZ","PRESIDENT","WESTCHASE DISTRICT","10370 RICHMOND AVE STE 1350",,"HOUSTON","TX","77042","4141","(713)780-9434",,"10370 RICHMOND AVE",,"STE 1350","HOUSTON","TX","77042","4141","POINT (-95.556401962 29.728144985)"
"HARRIS","3742158","HARRIS COUNTY MUD 543","Municipal Utility District","Inactive","RESPONSIBLE PARTY","STEPHANIE","BOWDEN","PRESIDENT","HARRIS COUNTY MUD 543","3200 SOUTHWEST FREEWAY","STE 2600","HOUSTON","TX","77027","7537","(713)860-6400",,,,,,,,,
"HARRIS","1204500","BARRETT MANAGEMENT DISTRICT","Municipal Management District","Inactive","RESPONSIBLE PARTY","JUDY","ARMSTRONG","DIRECTOR","BARRETT MANAGEMENT DISTRICT",,,,,,,,,,,,,,,,
"HARRIS","7591700","SPRING CREEK FOREST PUD","Municipal Utility District","Active","RESPONSIBLE PARTY","R","KEHLENBACH","PRESIDENT","SPRING CREEK FOREST PUD","2727 ALLEN PKWY STE 1100",,"HOUSTON","TX","77019","2191","(713)652-6500",,"2727 ALLEN PKWY","STE 1100","SMITH MURDAUGH LITTLE & BONHAM LLP","HOUSTON","TX","77019","2191","POINT (-95.39560696799998 29.759715004000043)"
"HARRIS","3732000","HARRIS COUNTY FWSD 58","Municipal Utility District","Active","RESPONSIBLE PARTY","HARRY","HAUPT","PRESIDENT","HARRIS COUNTY FWSD 58","1155 DAIRY ASHFORD RD STE 875",,"HOUSTON","TX","77079","3034","(713)864-5466",,"1155 DAIRY ASHFORD RD","STE 875",,"HOUSTON","TX","77079","3034","POINT (-95.60711499099995 29.78133298000006)"
"HARRIS","5814000","MEMORIAL VILLAGES WATER AUTHORITY","Fresh Water Supply District","Active","RESPONSIBLE PARTY","GARY","SCHNEK","PRESIDENT","MEMORIAL VILLAGES WATER AUTHORITY","8955 GAYLORD ST",,"HOUSTON","TX","77024","2903","(713)465-8318",,"8955 GAYLORD DR",,,"HOUSTON","TX","77024","2903","POINT (-95.50525399599996 29.78259500100006)"
"HARRIS","4240000","HARRIS COUNTY WCID 99","Water Control and Improvement District","Active","RESPONSIBLE PARTY","BILLY","FRITSCHE","PRESIDENT","HARRIS COUNTY WCID 99","2929 ALLEN PKWY STE 3150",,"HOUSTON","TX","77019","7100","(713)489-8977",,"2929 ALLEN PKWY","STE 3150","JOHNSON PETROV LLP","HOUSTON","TX","77019","7100","POINT (-95.39671899499996 29.759934987000065)"
"HARRIS","3737256","HARRIS COUNTY MUD 104","Municipal Utility District","Active","RESPONSIBLE PARTY","JIM","COOK","PRESIDENT","HARRIS COUNTY MUD 104","2727 ALLEN PARKWAY","STE 1100","HOUSTON","TX","77019","2191","(713)652-6500",,"2727 ALLEN PKWY","STE 1100",,"HOUSTON","TX","77019","2191","POINT (-95.39560696799998 29.759715004000043)"
"HARRIS","4241140","HARRIS COUNTY WCID 114","Municipal Utility District","Active","RESPONSIBLE PARTY","STEVE","FELDMAN","PRESIDENT","HARRIS COUNTY WCID 114","8413 CRESCENT WOOD LN",,"SPRING","TX","77379","8712","684-4060",,"10000 MEMORIAL DR","STE 260",,"HOUSTON","TX","77024","3430","POINT (-95.483551992 29.778930014)"
"HARRIS","3737266","HARRIS COUNTY MUD 109","Municipal Utility District","Active","RESPONSIBLE PARTY","OWEN","PARKER","BOARD PRESIDENT","HARRIS COUNTY MUD 109","1301 MCKINNEY ST STE 5100",,"HOUSTON","TX","77010","3095","(713)651-5589",,"1301 MCKINNEY ST","STE 5100","FULBRIGHT & JAWORSKI LLP","HOUSTON","TX","77010","3095","POINT (-95.36157501599996 29.75556801500005)"
"HARRIS","2055446","HARRIS COUNTY MUD 481","Municipal Utility District","Active","RESPONSIBLE PARTY","THOMAS","CANNING","PRESIDENT","HARRIS COUNTY MUD 481","202 CENTURY SQUARE BLVD",,"SUGAR LAND","TX","77478","3796","(281)500-6050",,"202 CENTURY SQUARE BLVD",,,"SUGAR LAND","TX","77478","3796","POINT (-95.60705899999994 29.62411500500008)"
"HARRIS","4241330","HARRIS COUNTY WCID 133","Municipal Utility District","Active","RESPONSIBLE PARTY","SAM","MONTALBANO","PRESIDENT","HARRIS COUNTY WCID 133","1155 DAIRY ASHFORD RD STE 875",,"HOUSTON","TX","77079","3034","(713)864-5466",,"1155 DAIRY ASHFORD RD","STE 875",,"HOUSTON","TX","77079","3034","POINT (-95.60711499099995 29.78133298000006)"
"HARRIS","7586900","SOUTHWEST HARRIS COUNTY MUD 1","Municipal Utility District","Active","RESPONSIBLE PARTY","KEITH","BYNAM","PRESIDENT","SOUTHWEST HARRIS COUNTY MUD 1","2727 ALLEN PKWY STE 1100",,"HOUSTON","TX","77019","2191","(713)652-6500",,"2727 ALLEN PKWY","STE 1100","SMITH MURDAUGH LITTLE & BONHAM LLP","HOUSTON","TX","77019","2191","POINT (-95.39560696799998 29.759715004000043)"
"HARRIS","3737260","HARRIS COUNTY MUD 106","Municipal Utility District","Active","RESPONSIBLE PARTY","NEIL","MCLEROY","PRESIDENT","HARRIS COUNTY MUD 106","3200 SOUTHWEST FWY STE 2600",,"HOUSTON","TX","77027","7537","(713)860-6400",,"3200 SOUTHWEST FWY","STE 2600","ALLEN BOONE HUMPHRIES ROBINSON LLP","HOUSTON","TX","77027","7597","POINT (-95.428917993 29.730799994)"
"HARRIS","3112000","FRY ROAD MUD","Municipal Utility District","Active","RESPONSIBLE PARTY","JAMES","ROADARMEL","PRESIDENT","FRY ROAD MUD","3119 MISTY BROOK LANE",,"HOUSTON","TX","77084","4487","(281)391-1866",,"10000 MEMORIAL DR","STE 260","YOUNG & BROOKS","HOUSTON","TX","77024","3430","POINT (-95.483551992 29.778930014)"
"HARRIS","3737330","HARRIS COUNTY MUD 136","Municipal Utility District","Active","RESPONSIBLE PARTY","BRENT","PHELPS","PRESIDENT","HARRIS COUNTY MUD 136","1301 MCKINNEY ST","STE 5100","HOUSTON","TX","77010","3095","(713)651-5589",,"1301 MCKINNEY ST","STE 5100","FULBRIGHT & JAWORSKI LLP","HOUSTON","TX","77010","3095","POINT (-95.361575016 29.755568015)"
"HARRIS","8473900","WEST MEMORIAL MUD","Municipal Utility District","Active","RESPONSIBLE PARTY","KENNETH","CRYAR","PRESIDENT","WEST MEMORIAL MUD","315 CONCORDIA DR",,"KATY","TX","77450","1601","(832)276-3379",,"24624 INTERSTATE 45 N","STE 200",,"THE WOODLANDS","TX","77386","4084","POINT (-95.440773021 30.12013902)"
"HARRIS","3737460","HARRIS COUNTY MUD 196","Municipal Utility District","Active","RESPONSIBLE PARTY","ROY","BEHRENS","PRESIDENT","HARRIS COUNTY MUD 196","2727 ALLEN PKWY STE 1100",,"HOUSTON","TX","77019","2191","(713)652-6500",,"2727 ALLEN PKWY","STE 1100","SMITH MURDAUGH LITTLE & BONHAM LLP","HOUSTON","TX","77019","2191","POINT (-95.395606968 29.759715004)"
"HARRIS","4649000","HORSEPEN BAYOU MUD","Municipal Utility District","Active","RESPONSIBLE PARTY","GARTH","GWYNN","PRESIDENT","HORSEPEN BAYOU MUD","3200 SOUTHWEST FREEWAY","STE 2600","HOUSTON","TX","77027","7537","(713)860-6400",,"3200 SOUTHWEST FWY","STE 2600","ALLEN BOONE HUMPHRIES ROBINSON LLP","HOUSTON","TX","77027","7537","POINT (-95.42891799299997 29.73079999400005)"
"HARRIS","1207602","BAUER LANDING WCID","Water Control and Improvement District","Active","RESPONSIBLE PARTY","DONN","LAND","PRESIDENT","BAUER LANDING WCID","2929 ALLEN PARKWAY","SUITE 3150","HOUSTON","TX","77019","7126","(713)489-8977",,"2929 ALLEN PARKWAY",,"STE 3150","HOUSTON","TX","77019","7126","POINT (-95.396718995 29.759934987)"
"HARRIS","985250","AIRLINE IMPROVEMENT DISTRICT","Other","Active",,,,,,,,,,,,,,,,,,,,,
"HARRIS","3738408","HARRIS COUNTY MUD 380","Municipal Utility District","Inactive","RESPONSIBLE PARTY","MARY","AMBROSE","BOARD PRESIDENT","HARRIS COUNTY MUD 380",,,,,,,,,"3200 SOUTHWEST FWY","STE 2600",,"HOUSTON","TX","77027","7597","POINT (-95.42861 29.730405)"
"HARRIS","7340000","ROYALWOOD MUD","Municipal Utility District","Active","RESPONSIBLE PARTY","JOHN","ESCALANTE","PRESIDENT","ROYALWOOD MUD","13414 FOREST KNOLL DR",,"HOUSTON","TX","77049","1508",,,"10000 MEMORIAL DR","STE 260",,"HOUSTON","TX","77024","3430","POINT (-95.48355199199995 29.778930014000025)"
"HARRIS","7315000","ROLLING CREEK UTILITY DISTRICT","Municipal Utility District","Active","RESPONSIBLE PARTY","KENNETH","LEVENSON","PRESIDENT","ROLLING CREEK UTILITY DISTRICT","9 GREENWAY PLZ STE 1100",,"HOUSTON","TX","77046","0900","(713)651-0111",,"9 GREENWAY PLZ","STE 1000","COATS ROSE YALE RYMAN AND LEE PC","HOUSTON","TX","77046","0905","POINT (-95.43449103599994 29.73220798600005)"
"HARRIS","3737736","HARRIS COUNTY MUD 273","Municipal Utility District","Active","RESPONSIBLE PARTY","MARK","DAY","PRESIDENT","HARRIS COUNTY MUD 273","3200 SOUTHWEST FREEWAY","STE 2600","HOUSTON","TX","77027","7537","(713)860-6400",,"3200 SOUTHWEST FREEWAY",,"STE 2600","HOUSTON","TX","77027","7537","POINT (-95.428917993 29.730799994)"
"HARRIS","9000014","HARRIS COUNTY MUD 565","Municipal Utility District","Active","RESPONSIBLE PARTY","TAYLOR","GAVER","PRESIDENT","HARRIS COUNTY MUD 565","9 GREENWAY PLAZA","STE 1000","HOUSTON","TX","77046","0900","(713)651-0111",,"9 GREENWAY PLAZA",,"STE 1000","HOUSTON","TX","77046","0900","POINT (-95.434491036 29.732207986)"
"HARRIS","3737900","HARRIS COUNTY MUD 341","Municipal Utility District","Active","RESPONSIBLE PARTY","RUSSELL","RUSH","PRESIDENT","HARRIS COUNTY MUD 341","1300 POST OAK BLVD STE 2400",,"HOUSTON","TX","77056","3044","(713)623-4531",,"1300 POST OAK BLVD","STE 2400","SCHWARTZ PAGE & HARDING LLP","HOUSTON","TX","77056","3044","POINT (-95.460133038 29.753514994)"
"HARRIS","1746500","BUFFALO BAYOU MANAGEMENT DISTRICT","Municipal Management District","Active","RESPONSIBLE PARTY","KAY","CROOKER","POSITION ONE","BUFFALO BAYOU MANAGEMENT DISTRICT",,,,,,,,,,,,,,,,
"HARRIS","2281500","CHANNELVIEW IMPROVEMENT DISTRICT","Municipal Management District","Inactive",,,,,,,,,,,,,,,,,,,,,
"HARRIS","3737109","HARRIS COUNTY MUD 494","Municipal Utility District","Active","RESPONSIBLE PARTY","RICHARD","BEAL","BOARD PRESIDENT","HARRIS COUNTY MUD 494","1300 POST OAK BOULEVARD","STE 2400","HOUSTON","TX","77056","3044","(713)623-4531",,"1300 POST OAK BOULEVARD","STE 2400","SCHWARTZ PAGE & HARDING LLP","HOUSTON","TX","77056","3044","POINT (-95.460133038 29.753514994)"
"HARRIS","3737120","HARRIS COUNTY MUD 36","Municipal Utility District","Active","RESPONSIBLE PARTY","CHRIS","MAYEU","PRESIDENT","HARRIS COUNTY MUD 36","1300 POST OAK BLVD STE 2400",,"HOUSTON","TX","77056","3044","(713)623-4531",,"1300 POST OAK BLVD","STE 1400","SCHWARTZ PAGE & HARDING LLP","HOUSTON","TX","77056","3044","POINT (-95.460133038 29.753514994)"
"HARRIS","7555500","SEQUOIA IMPROVEMENT DISTRICT","Municipal Utility District","Active","RESPONSIBLE PARTY","JASON","ANDREW-SIMPSON","PRESIDENT","SEQUOIA IMPROVEMENT DISTRICT","2727 ALLEN PARKWAY","STE 1100","HOUSTON","TX","77019","2191","(713)652-6500",,"2727 ALLEN PARKWAY",,"STE 1100","HOUSTON","TX","77019","2191","POINT (-95.39588 29.75926)"
"HARRIS","3737572","HARRIS COUNTY MUD 249","Municipal Utility District","Active","RESPONSIBLE PARTY","RALPH","PALERMO","PRESIDENT","HARRIS COUNTY MUD 249","1300 POST OAK BOULEVARD","STE 2400","HOUSTON","TX","77056","3044","(713)623-4531",,"1300 POST OAK BOULEVARD","STE 1400","SCHWARTZ PAGE & HARDING LLP","HOUSTON","TX","77056","3044","POINT (-95.460133038 29.753514994)"
"HARRIS","3059900","FORESTS EDGE MUD","Municipal Utility District","Inactive","RESPONSIBLE PARTY","CAROL","BELTON","BOARD PRESIDENT","FORESTS EDGE MUD","716 WOOD RD",,"NEW BRAUNFELS","TX","78130",,"(210)625-3190",,"PO BOX 19461",,,"HOUSTON","TX","77024",,
"HARRIS","3737143","HARRIS COUNTY MUD 465","Municipal Utility District","Active","RESPONSIBLE PARTY","CYNTHIA","HILL","PRESIDENT","HARRIS COUNTY MUD 465","9 GREENWAY PLZ STE 1100",,"HOUSTON","TX","77046","3653","(713)651-0111",,"9 GREENWAY PLZ","STE 1100","COATS ROSE YALE RYMAN & LEE PC","HOUSTON","TX","77046","3653","POINT (-95.4185 29.7199)"
"HARRIS","3738050","HARRIS COUNTY MUD 358","Municipal Utility District","Active","RESPONSIBLE PARTY","DON","GARRETT","PRESIDENT","HARRIS COUNTY MUD 358","3200 SOUTHWEST FREEWAY","STE 2600","HOUSTON","TX","77027","7537","(713)860-6400",,"3200 SOUTHWEST FWY","STE 2600","ALLEN BOONE HUMPHRIES ROBINSON LLP","HOUSTON","TX","77027","7537","POINT (-95.428917993 29.730799994)"
"HARRIS","4395020","HARRIS COUNTY MUD 578","Municipal Utility District","Active","RESPONSIBLE PARTY","SAM","COCKE","BOARD PRESIDENT","HARRIS COUNTY MUD 578","9 GREENWAY PLZ STE 1000",,"HOUSTON","TX","77046","0900","(713)651-0111",,"9 GREENWAY PLZ","STE 1000",,"HOUSTON","TX","77046","0900","POINT (-95.43449103599994 29.73220798600005)"
"HARRIS","3737374","HARRIS COUNTY MUD 158","Municipal Utility District","Active","RESPONSIBLE PARTY","TONY","PILEGGE","PRESIDENT","HARRIS COUNTY MUD 158","2727 ALLEN PKWY","STE 1100","HOUSTON","TX","77019","2191","(713)652-6500",,"2727 ALLEN PKWY","STE 1100",,"HOUSTON","TX","77019","2191","POINT (-95.39588 29.75926)"
"HARRIS","3738350","HARRIS COUNTY MUD 370","Municipal Utility District","Active","RESPONSIBLE PARTY","STEVEN","REYENGA","PRESIDENT","HARRIS COUNTY MUD 370","1300 POST OAK BLVD STE 2400",,"HOUSTON","TX","77056","3044","(713)623-4531",,"1300 POST OAK BLVD","STE 2400","SCHWARTZ PAGE & HARDING LLP","HOUSTON","TX","77056","3044","POINT (-95.460133038 29.753514994)"
"HARRIS","9000011","HARRIS COUNTY MUD 572","Municipal Utility District","Active","RESPONSIBLE PARTY","JONATHAN","SANDERS","PRESIDENT","HARRIS COUNTY MUD 572","3200 SOUTHWEST FREEWAY","STE 2600","HOUSTON","TX","77027","7537","(713)860-6400",,"3200 SOUTHWEST FRWY","STE 2600",,"HOUSTON","TX","77027","7537","POINT (-95.428917993 29.730799994)"
"HARRIS","3737768","HARRIS COUNTY MUD 287","Municipal Utility District","Active","RESPONSIBLE PARTY","FRANK","SHEEHY","PRESIDENT","HARRIS COUNTY MUNICIPAL UTILITY DISTRICT 287","3200 SOUTHWEST FWY STE 2600",,"HOUSTON","TX","77027","7537","(713)860-6400",,"3200 SOUTHWEST FREEWAY","STE 2600","ALLEN BOONE HUMPHRIES ROBINSON LLP","HOUSTON","TX","77027","7537","POINT (-95.428917993 29.730799994)"
"HARRIS","3736699","HARRIS COUNTY IMPROVEMENT DISTRICT 27","Other","Inactive",,,,,,,,,,,,,,,,,,,,,
"HARRIS","4421010","HEATHERLOCH MUD","Municipal Utility District","Active","RESPONSIBLE PARTY","WAYNE","VERRETT","PRESIDENT","HEATHERLOCH MUD","9 GREENWAY PLAZA","STE 1000","HOUSTON","TX","77046","0900",,,"9 GREENWAY PLAZA","STE 1100","COATS ROSE PC","HOUSTON","TX","77046","0905","POINT (-95.434491036 29.732207986)"
"HARRIS","3737570","HARRIS COUNTY MUD 248","Municipal Utility District","Active","RESPONSIBLE PARTY","A","WILSON","PRESIDENT","HARRIS COUNTY MUD 248","2727 ALLEN PARKWAY","STE 1100","HOUSTON","TX","77019","2191","(713)652-6500",,"2727 ALLEN PARKWAY","STE 1100","SMITH MURDAUGH LITTLE AND BONHAM","HOUSTON","TX","77019","2191","POINT (-95.395606968 29.759715004)"
"HARRIS","5052895","HARRIS COUNTY MUD 609","Municipal Utility District","Active",,,,,,,,,,,,,,,,,,,,,
"HARRIS","3743500","HARRIS COUNTY UTILITY DISTRICT 6","Municipal Utility District","Active","RESPONSIBLE PARTY","REBECCA","WATKINS","PRESIDENT","HARRIS COUNTY UTILITY DISTRICT 6","3200 SOUTHWEST FREEWAY","STE 2600","HOUSTON","TX","77027","7537","(713)860-6400",,"3200 SOUTHWEST FREEWAY","STE 2600","ALLEN BOONE HUMPHRIES ROBINSON LLP","HOUSTON","TX","77027","7537","POINT (-95.428917993 29.730799994)"
"HARRIS","3738010","HARRIS COUNTY MUD 355","Municipal Utility District","Active",,,,,,,,,,,,,,"3200 SOUTHWEST FWY","STE 2600","ALLEN BOONE HUMPHRIES ROBINSON LLP","HOUSTON","TX","77027","7537","POINT (-95.42891799299997 29.73079999400005)"
"HARRIS","3737950","HARRIS COUNTY MUD 346","Municipal Utility District","Active",,,,,,,,,,,,,,"3200 SOUTHWEST FWY","STE 2600",,"HOUSTON","TX","77027","7537","POINT (-95.42891799299997 29.73079999400005)"
"HARRIS","3738380","HARRIS COUNTY MUD 372","Municipal Utility District","Active","RESPONSIBLE PARTY","DARIN","GOSDA","PRESIDENT","HARRIS COUNTY MUD 372","3200 SOUTHWEST FWY STE 2600",,"HOUSTON","TX","77027","7537","(713)860-6400",,"3200 SOUTHWEST FWY","STE 2600","ALLEN BOONE HUMPHRIES ROBINSON LLP","HOUSTON","TX","77027","7537","POINT (-95.428917993 29.730799994)"
"HARRIS","3737176","HARRIS COUNTY MUD 64","Municipal Utility District","Active","RESPONSIBLE PARTY","EMPERATRIS","PAZ","PRESIDENT","HARRIS COUNTY MUD 64","2727 ALLEN PARKWAY","STE 1100","HOUSTON","TX","77019","2191","(713)652-6500",,"2727 ALLEN PARKWAY","STE 1100","SMITH MURDAUGH LITTLE & BONHAM LLP","HOUSTON","TX","77019","2191","POINT (-95.395606968 29.759715004)"
"HARRIS","9000002","HARRIS COUNTY MUD 558","Municipal Utility District","Active","RESPONSIBLE PARTY","STEVEN","BONJONIA","PRESIDENT","HARRIS COUNTY MUD 558","3200 SOUTHWEST FWY STE 2600",,"HOUSTON","TX","77027","7537","(713)860-6400",,"3200 SOUTHWEST FWY","STE 2600",,"HOUSTON","TX","77027","7537","POINT (-95.428917993 29.730799994)"
"HARRIS","3737151","HARRIS COUNTY MUD 407","Municipal Utility District","Active","RESPONSIBLE PARTY","SUSAN","KUNZ","PRESIDENT","HARRIS COUNTY MUD 407","3200 SOUTHWEST FREEWAY","STE 2600","HOUSTON","TX","77027","7537","(713)860-6400",,"3200 SOUTHWEST FWY","STE 2600","ALLEN BOONE HUMPHRIES ROBINSON LLP","HOUSTON","TX","77027","7537","POINT (-95.428917993 29.730799994)"
"HARRIS","3747142","HARRIS COUNTY MUD 441","Municipal Utility District","Active","RESPONSIBLE PARTY","EDMUND","LEBLANC","PRESIDENT","HARRIS COUNTY MUD 441","3200 SOUTHWEST FWY STE 2600",,"HOUSTON","TX","77027","7537","(713)860-6400",,"3200 SOUTHWEST FWY","STE 2600",,"HOUSTON","TX","77027","7537","POINT (-95.428917993 29.730799994)"
"HARRIS","4033250","HARRIS COUNTY WCID 157","Water Control and Improvement District","Active","RESPONSIBLE PARTY","SHANE","WARE","PRESIDENT","HARRIS COUNTY WCID 157","1300 POST OAK BLVD STE 2400",,"HOUSTON","TX","77056","3044","(713)623-4531",,"1300 POST OAK BLVD","STE 2400","SCHWARTZ PAGE & HARDING LLP","HOUSTON","TX","77056","3044","POINT (-95.46004 29.75322)"
"HARRIS","1216400","BEECHNUT MUD","Municipal Utility District","Active","RESPONSIBLE PARTY","BRYAN","JOHNSON","PRESIDENT","BEECHNUT MUD","1301 MCKINNEY ST STE 5100",,"HOUSTON","TX","77010","3095","(713)651-5151",,"1301 MCKINNEY ST","STE 5100","FULBRIGHT & JAWORSKI LLP","HOUSTON","TX","77010","3095","POINT (-95.361575016 29.755568015)"
"HARRIS","3737546","HARRIS COUNTY MUD 239","Municipal Utility District","Active","RESPONSIBLE PARTY","FRED","GARCIA","PRESIDENT","HARRIS COUNTY MUD 239","1300 POST OAK BLVD STE 2400",,"HOUSTON","TX","77056","3044","(713)623-4531",,"1300 POST OAK BLVD","STE 2400","SCHWARTZ PAGE & HARDING LLP","HOUSTON","TX","77056","3078","POINT (-95.460133038 29.753514994)"
"HARRIS","8463000","WESTADOR MUD","Municipal Utility District","Active","RESPONSIBLE PARTY","RICHARD","MURPHY","PRESIDENT","WESTADOR MUD","1300 POST OAK BLVD STE 2400",,"HOUSTON","TX","77056","3044","(713)623-4531",,"1300 POST OAK BLVD","STE 2400","SCHWARTZ PAGE & HARDING LLP","HOUSTON","TX","77056","3078","POINT (-95.460133038 29.753514994)"
"HARRIS","5984800","NORTH HARRIS COUNTY REGIONAL WATER AUTHORITY","River Authority","Active","RESPONSIBLE PARTY","MARK","RAMSEY","BOARD PRESIDENT","NORTH HARRIS COUNTY REGIONAL WATER AUTHORITY","3648 CYPRESS CREEK PKWY STE 110",,"HOUSTON","TX","77098","3609","(281)448-3924",,"3648 CYPRESS CREEK PKWY","STE 110","JOHNSON PETROV LLP","HOUSTON","TX","77068","3609","POINT (-95.48441 29.99558)"
"HARRIS","5710757","HARRIS COUNTY MUD 608","Municipal Utility District","Active",,,,,,,,,,,,,,,,,,,,,
"HARRIS","3153250","THE GRAND PRAIRIE MANAGEMENT DISTRICT","Municipal Management District","Inactive",,,,,,,,,,,,,,,,,,,,,
"HARRIS","501963","290 BETKA MMD 1","Municipal Management District","Active","RESPONSIBLE PARTY","BRETT","BARNES","BOARD PRESIDENT","290 BETKA MMD 1","10007 HUEBNER RD STE 303",,"SAN ANTONIO","TX","78240","1646","(210)868-6500",,"10007 HUEBNER RD","STE 303",,"SAN ANTONIO","TX","78240","1646","POINT (-98.58766 29.53672)"
"HARRIS","3737098","HARRIS COUNTY MUD 25","Municipal Utility District","Active","RESPONSIBLE PARTY","ROB","WHITAKER","PRESIDENT","HARRIS COUNTY MUD 25","8827 W SAM HOUSTON PKWY N","STE 200","HOUSTON","TX","77040","5383","793-2722",,"10000 MEMORIAL DR","STE 260",,"HOUSTON","TX","77024","3430","POINT (-95.48355199199995 29.778930014000025)"
"HARRIS","3737067","HARRIS COUNTY MUD 594","Municipal Utility District","Inactive",,,,,,,,,,,,,,,,,,,,,
"HARRIS","8472900","WEST HARRIS COUNTY MUD 2","Municipal Utility District","Active","RESPONSIBLE PARTY","LORETTA","EVANS","PRESIDENT","WEST HARRIS COUNTY MUD 2","22323 N REBECCA BURWELL LANE",,"KATY","TX","77449","2910","(281)646-2137",,"6363 WOODWAY DRIVE","STE 800","BACON & WALLACE LLP","HOUSTON","TX","77057","1762","POINT (-95.496281001 29.755662018)"
"HARRIS","4073891","HARRIS-WALLER COUNTIES MUD 9","Municipal Utility District","Inactive",,,,,,,,,,,,,,,,,,,,,
"HARRIS","8472920","WEST HARRIS COUNTY MUD 4","Municipal Utility District","Active","RESPONSIBLE PARTY","MARY","GOMEZ","PRESIDENT","WEST HARRIS COUNTY MUD 4","2727 ALLEN PARKWAY","STE 1100","HOUSTON","TX","77019","2191","(713)652-6500",,"2727 ALLEN PARKWAY","STE 1100","SMITH MURDAUGH LITTLE & BONHAM LLP","HOUSTON","TX","77019","2191","POINT (-95.395606968 29.759715004)"
"HARRIS","8472974","WEST HARRIS COUNTY MUD 16","Municipal Utility District","Active","RESPONSIBLE PARTY","SPENCER","TSUI","PRESIDENT","WEST HARRIS COUNTY MUD 16","1300 POST OAK BOULEVARD","STE 2400","HOUSTON","TX","77056","3044","(713)623-4531",,"1300 POST OAK BOULEVARD","STE 2400","SCHWARTZ PAGE & HARDING LLP","HOUSTON","TX","77056","3044","POINT (-95.46013303799998 29.753514994000057)"
"HARRIS","8472960","WEST HARRIS COUNTY MUD 9","Municipal Utility District","Active","RESPONSIBLE PARTY","STEPHEN","SHEERAN","PRESIDENT","WEST HARRIS COUNTY MUD 9","10323 HONDO HILL ROAD",,"HOUSTON","TX","77064","7040","654-3175",,"6363 WOODWAY DRIVE","STE 800","BACON & WALLACE LLP","HOUSTON","TX","77057","1762","POINT (-95.496281001 29.755662018)"
"HARRIS","3747405","HARRIS COUNTY MUD 515","Municipal Utility District","Active","RESPONSIBLE PARTY","RONDALYN","FRANKLIN","PRESIDENT","HARRIS COUNTY MUD 515","9 GREENWAY PLAZA","STE 1000","HOUSTON","TX","77046","0900","(713)651-0111",,"9 GREENWAY PLAZA","STE 1000",,"HOUSTON","TX","77046","0900","POINT (-95.434491036 29.732207986)"
"HARRIS","7104250","PINE FOREST MUD","Municipal Utility District","Active","RESPONSIBLE PARTY","SELMA","KYLLO","PRESIDENT","PINE FOREST MUD","9 GREENWAY PLAZA","STE 1000","HOUSTON","TX","77046","0900","(713)651-0111",,"9 GREENWAY PLAZA",,"SUITE 1000","HOUSTON","TX","77046","0900","POINT (-95.434491036 29.732207986)"
"HARRIS","2412375","CYPRESS CREEK DRAINAGE IMPROVEMENT DISTRICT","Water Control and Improvement District","Inactive",,,,,,,,,,,,,,,,,,,,,
"HARRIS","2257000","CEDAR BAYOU PARK UTLITY DISTRICT","Water Control and Improvement District","Active","RESPONSIBLE PARTY","HERBERT","BRUNER","PRESIDENT","CEDAR BAYOU PARK UTILITY DISTRICT","5905 RUSSELL LANE",,"BAYTOWN","TX","77521","9281","(713)767-5740",,"5905 RUSSELL LN",,,"BAYTOWN","TX","77521","9281","POINT (-94.930912999 29.795967992)"
"HARRIS","4071229","HARRIS-WALLER COUNTIES MUD 8","Municipal Utility District","Inactive",,,,,,,,,,,,,,,,,,,,,
"HARRIS","3733010","HARRIS COUNTY FWSD 61","Municipal Utility District","Active","RESPONSIBLE PARTY","BEN","SOLIS","PRESIDENT","HARRIS COUNTY FWSD 61","2727 ALLEN PARKWAY","STE 1100","HOUSTON","TX","77019","2191","(713)652-6500",,"2727 ALLEN PARKWAY","STE 1100","SMITH MURDAUGH LITTLE & BONHAM LLP","HOUSTON","TX","77019","2191","POINT (-95.39588 29.75926)"
"HARRIS","2896280","HARRIS COUNTY MUD 426","Municipal Utility District","Active",,,,,,,,,,,,,,,,,,,,,
"HARRIS","3736789","HARRIS COUNTY IMPROVEMENT DISTRICT 5","Municipal Management District","Active",,,,,,,,,,,,,,"PO BOX 22167",,,"HOUSTON","TX","77227","2167","POINT (-95.4366454 29.7392553)"
"HARRIS","8474100","WEST PARK MUD","Municipal Utility District","Active","RESPONSIBLE PARTY","BROCK","HUDSON","PRESIDENT","WEST PARK MUD","3700 BUFFALO SPEEDWAY","STE 830","HOUSTON","TX","77098","3709","(713)942-9922",,"3700 BUFFALO SPEEDWAY","STE 830","MARKS RICHARDSON PC","HOUSTON","TX","77098","3709","POINT (-95.42949097899998 29.73244900800006)"
"HARRIS","3738405","HARRIS COUNTY MUD 377","Municipal Utility District","Active","RESPONSIBLE PARTY","MAYA","PARIKH","BOARD PRESIDENT","HARRIS COUNTY MUD 377","1300 POST OAK BLVD STE 2400",,"HOUSTON","TX","77056","3044","(713)623-4531",,"1300 POST OAK BLVD","STE 2400",,"HOUSTON","TX","77056","7597","POINT (-95.460133038 29.753514994)"
"HARRIS","3737472","HARRIS COUNTY MUD 202","Municipal Utility District","Active","RESPONSIBLE PARTY","WILLIAMS","PEGGY","PRESIDENT","HARRIS COUNTY MUD 202","2727 ALLEN PKWY","STE 1100","HOUSTON","TX","77019","2191","(713)652-6500",,"2727 ALLEN PKWY","STE 1100","SMITH MURDAUGH LITTLE & BONHAM LLP","HOUSTON","TX","77019","2191","POINT (-95.39588 29.75926)"
"HARRIS","3727154","HARRIS COUNTY MUD 461","Municipal Utility District","Active","RESPONSIBLE PARTY","RICKI","WILLOUGHBY","PRESIDENT","HARRIS COUNTY MUD 461","9 GREENWAY PLZ","STE 1000","HOUSTON","TX","77046","0900",,,"9 GREENWAY PLZ","STE 1000","COATS ROSE, PC","HOUSTON","TX","77046","0900","POINT (-95.4185 29.7199)"
"HARRIS","6368619","HARRIS COUNTY MUD 606","Municipal Utility District","Active",,,,,,,,,,,,,,,,,,,,,
"HARRIS","3738436","HARRIS COUNTY MUD 389","Municipal Utility District","Active","RESPONSIBLE PARTY","JENNIFER","HENRY","PRESIDENT","HARRIS COUNTY MUD 389","1300 POST OAK BLVD STE 2400",,"HOUSTON","TX","77056","3044","(713)623-4531",,"1300 POST OAK BLVD","STE 2400","SCHWARTZ PAGE & HARDING","HOUSTON","TX","77056","3044","POINT (-95.460133038 29.753514994)"
"HARRIS","3738754","HARRIS COUNTY MUD 399","Municipal Utility District","Active","RESPONSIBLE PARTY","JAQUETTA","BAKER","PRESIDENT","HARRIS COUNTY MUD 399","1300 POST OAK BOULEVARD","STE 2400","HOUSTON","TX","77056","3044","(713)623-4531",,"1300 POST OAK BLVD","SUITE 2400","SCHWARTZ PAGE & HARDING LLP","HOUSTON","TX","77056","3044","POINT (-95.460133038 29.753514994)"
"HARRIS","3737075","HARRIS COUNTY MUD 586","Municipal Utility District","Active","RESPONSIBLE PARTY","PAULA","BAYS","BOARD PRESIDENT","HARRIS COUNTY MUD 586","3200 SOUTHWEST FWY STE 2600",,"HOUSTON","TX","77027","7537","(713)860-6400",,"3200 SOUTHWEST FWY","STE 2600",,"HOUSTON","TX","77027","7537","POINT (-95.428917993 29.730799994)"
"HARRIS","3737131","HARRIS COUNTY MUD 400","Municipal Utility District","Active","RESPONSIBLE PARTY","SHEPARD","CROSS","PRESIDENT","HARRIS COUNTY MUNICIPAL UTILITY DISTRICT 400","1300 POST OAK BOULEVARD","STE 2400","HOUSTON","TX","77056","3044","(713)623-4531",,"1300 POST OAK BOULEVARD",,"STE 2400","HOUSTON","TX","77056","3044","POINT (-95.460133038 29.753514994)"
"HARRIS","3737356","HARRIS COUNTY MUD 149","Municipal Utility District","Active","RESPONSIBLE PARTY","JOHN","VAN DYKE","PRESIDENT","HARRIS COUNTY MUD 149","1300 POST OAK BLVD STE 2400",,"HOUSTON","TX","77056","3044","(713)623-4531",,"1300 POST OAK BLVD","STE 2400","SCHWARTZ PAGE & HARDING LLP","HOUSTON","TX","77056","3044","POINT (-95.460133038 29.753514994)"
"HARRIS","3737146","HARRIS COUNTY MUD 49","Municipal Utility District","Active","RESPONSIBLE PARTY","KERMIT","FISHER","PRESIDENT","HARRIS COUNTY MUD 49","2727 ALLEN PKWY STE 1100",,"HOUSTON","TX","77019","2191","(713)652-6500",,"2727 ALLEN PARKWAY","STE 1100","SMITH MURDAUGH LITTLE & BONHAM LLP","HOUSTON","TX","77019","2191","POINT (-95.395606968 29.759715004)"
"HARRIS","6368625","HARRIS COUNTY MUD 612","Municipal Utility District","Active","RESPONSIBLE PARTY","JOHNSON","ASHCRAFT","BOARD PRESIDENT","HARRIS COUNTY MUD 612","3200 SOUTHWEST FWY STE 2600",,"HOUSTON","TX","77027","7537","(713)860-6400",,"3200 SOUTHWEST FWY","STE 2600",,"HOUSTON","TX","77027","7537","POINT (-95.4288 29.73021)"
"HARRIS","3877063","HARRIS COUNTY WCID 159","Water Control and Improvement District","Active","RESPONSIBLE PARTY","WILLIAM","COOK","PRESIDENT","HARRIS COUNTY WCID 159","1300 POST OAK BLVD STE 2400",,"HOUSTON","TX","77056","3044","(713)623-4531",,"1300 POST OAK BLVD","STE 2400","SCHWARTZ PAGE & HARDING LLP","HOUSTON","TX","77056","3078","POINT (-95.46013303799998 29.753514994000057)"
"HARRIS","3740908","HARRIS COUNTY MUD 545","Municipal Utility District","Inactive",,,,,,,,,,,,,,,,,,,,,
"HARRIS","5786700","MAYDE CREEK MUD","Municipal Utility District","Active","RESPONSIBLE PARTY","CYRUS","DUMAS","PRESIDENT","MAYDE CREEK MUD","3200 SOUTHWEST FWY STE 2600",,"HOUSTON","TX","77027","7537","(713)860-6400",,"3200 SOUTHWEST FWY","STE 2600","ALLEN BOONE HUMPHRIES ROBINSON LLP","HOUSTON","TX","77027","7537","POINT (-95.428917993 29.730799994)"
"HARRIS","3738438","HARRIS COUNTY MUD 390","Municipal Utility District","Active","RESPONSIBLE PARTY","DEIDRE","RASHEED","PRESIDENT","HARRIS COUNTY MUD 390","1300 POST OAK BLVD STE 2400",,"HOUSTON","TX","77056","3044","(713)623-4531",,"1300 POST OAK BOULEVARD","STE 2400","SCHWARTZ PAGE & HARDING LLP","HOUSTON","TX","77056","3044","POINT (-95.460133038 29.753514994)"
"HARRIS","4066092","HARRIS COUNTY MUD 579","Municipal Utility District","Inactive",,,,,,,,,,,,,,,,,,,,,
"HARRIS","4095000","HARRIS COUNTY WCID 70","Water Control and Improvement District","Active","RESPONSIBLE PARTY","NORA","CAUFIELD","PRESIDENT","HARRIS COUNTY WCID 70","3534 SHORE SHADOWS DR",,"CROSBY","TX","77532","7221","(281)923-6497",,"6363 WOODWAY DR","STE 800",,"HOUSTON","TX","77057","1762","POINT (-95.496281001 29.755662018)"
"HARRIS","6042825","NORTHWEST PARK MUD","Municipal Utility District","Active","RESPONSIBLE PARTY","SHERRIE","WHITLOW-LEE","PRESIDENT","NORTHWEST PARK MUD","10110 CORALSTONE RD",,"HOUSTON","TX","77086","2803","928-6200",,"10000 MEMORIAL DR","STE 260","YOUNG & BROOKS","HOUSTON","TX","77024","3430","POINT (-95.48183 29.77837)"
"HARRIS","3737105","HARRIS COUNTY MUD 493","Municipal Utility District","Active","RESPONSIBLE PARTY","BURT","LAZAR","PRESIDENT","HARRIS COUNTY MUD 493","1300 POST OAK BLVD STE 2400",,"HOUSTON","TX","77056","3044","(713)623-4531",,"1300 POST OAK BLVD","STE 2400","SCHWARTZ PAGE & HARDING LLP","HOUSTON","TX","77056","3044","POINT (-95.460133038 29.753514994)"
"HARRIS","1543000","BILMA PUD","Municipal Utility District","Active","RESPONSIBLE PARTY","CYNTHIA","DAY","BOARD PRESIDENT","BILMA PUD","1401 ENCLAVE PKWY STE 625","C/O POLLEY GARZA","HOUSTON","TX","77077","2874","(346)440-1147",,"1401 ENCLAVE PKWY","STE 625","POLLEY GARZA PLLC","HOUSTON","TX","77077","2874","POINT (-95.61794 29.75773)"
"HARRIS","5954000","NEWPORT MUD","Municipal Utility District","Active","RESPONSIBLE PARTY","DELONNE","JOHNSON","PRESIDENT","NEWPORT MUD","2727 ALLEN PKWY STE 1100",,"HOUSTON","TX","77019","2191","(713)652-6500",,"2727 ALLEN PKWY","STE 1100","SMITH MURDAUGH LITTLE & BONHAM LLP","HOUSTON","TX","77019","2191","POINT (-95.39588 29.75926)"
"HARRIS","2896289","HARRIS COUNTY MUD 489","Municipal Utility District","Active","RESPONSIBLE PARTY","ANTHONY","MCBRIDE","PRESIDENT","HARRIS COUNTY MUD 489","1300 POST OAK BLVD STE 2400",,"HOUSTON","TX","77056","3044","(713)623-4531",,"1300 POST OAK BLVD","STE 2400","SCHWARTZ PAGE & HARDING LLP","HOUSTON","TX","77056","3044","POINT (-95.460133038 29.753514994)"
"HARRIS","3737168","HARRIS COUNTY MUD 434","Municipal Utility District","Active","RESPONSIBLE PARTY","MARK","SWANSON","PRESIDENT","HARRIS COUNTY MUD 434","1300 POST OAK BLVD STE 2400",,"HOUSTON","TX","77056","3044","(713)623-4531",,"1300 POST OAK BLVD","STE 1400","SCHWARTZ PAGE & HARDING LLP","HOUSTON","TX","77056","3078","POINT (-95.460133038 29.753514994)"
"HARRIS","3747400","HARRIS COUNTY MUD 514","Municipal Utility District","Active","RESPONSIBLE PARTY","CODY","CHRISTOPH","PRESIDENT","HARRIS COUNTY MUD 514","1300 POST OAK BOULEVARD","STE 2400","HOUSTON","TX","77056","3044","(713)623-4531",,"1300 POST OAK BOULEVARD",,"STE 2400","HOUSTON","TX","77056","3044","POINT (-95.460133038 29.753514994)"
"HARRIS","3737544","HARRIS COUNTY MUD 238","Municipal Utility District","Active","RESPONSIBLE PARTY","RANDY","LOVE","PRESIDENT","HARRIS COUNTY MUD 238","2001 TIMBERLOCH PL STE 500",,"THE WOODLANDS","TX","77380","1375","(832)789-1899",,"2001 TIMBERLOCH PL","STE 500","JONATHAN A ROACH, PLLC","THE WOODLANDS","TX","77380","1375","POINT (-95.466777038 30.157442009)"
"HARRIS","5326375","LAKEWOOD MUD 2","Municipal Utility District","Inactive",,,,,,,,,,,,,,,,,,,,,
"HARRIS","3737204","HARRIS COUNTY MUD 528","Municipal Utility District","Active","RESPONSIBLE PARTY","KENNETH","LONG","PRESIDENT","HARRIS COUNTY MUD 528","9 GREENWAY PLZ STE 1000",,"HOUSTON","TX","77046","0900","(713)651-0111",,"9 GREENWAY PLZ","STE 1000","COATS ROSE","HOUSTON","TX","77046","0905","POINT (-95.434491036 29.732207986)"
"HARRIS","3737838","HARRIS COUNTY MUD 321","Municipal Utility District","Active","RESPONSIBLE PARTY","KIMBERLY","OLSEN","PRESIDENT","HARRIS COUNTY MUD 321","3200 SOUTHWEST FWY STE 2600",,"HOUSTON","TX","77027","7537","(713)860-6400",,"3200 SOUTHWEST FWY","STE 2600","ALLEN BOONE HUMPHRIES ROBINSON LLP","HOUSTON","TX","77027","7537","POINT (-95.428917993 29.730799994)"
"HARRIS","3737113","HARRIS COUNTY MUD 491","Municipal Utility District","Active","RESPONSIBLE PARTY","REAGAN","GRIFFITH","PRESIDENT","HARRIS COUNTY MUD 491","1300 POST OAK BLVD STE 2400",,"HOUSTON","TX","77056","3044","(713)623-4531",,"1300 POST OAK BLVD","STE 2400",,"HOUSTON","TX","77056","3044","POINT (-95.460133038 29.753514994)"
"HARRIS","3929125","HARRIS COUNTY WCID 158","Water Control and Improvement District","Active","RESPONSIBLE PARTY","NANCY","SEALE","PRESIDENT","HARRIS COUNTY WCID 158","1300 POST OAK BLVD STE 2400",,"HOUSTON","TX","77056","3044","(713)623-4531",,"1300 POST OAK BOULEVARD",,"STE 2400","HOUSTON","TX","77056","3044","POINT (-95.460133038 29.753514994)"
"HARRIS","3739605","HARRIS COUNTY MUD 478B","Municipal Utility District","Active",,,,,,,,,,,,,,,,,,,,,
"HARRIS","7632500","SUNBELT FWSD","Fresh Water Supply District","Active","RESPONSIBLE PARTY","SANDRA","BRITO","BOARD PRESIDENT","SUNBELT FWSD","410 W GULF BANK ROAD",,"HOUSTON","TX","77037","2902",,,"410 W GULF BANK ROAD",,,"HOUSTON","TX","77037","2902","POINT (-95.402736028 29.889264987)"
"HARRIS","7281250","REMINGTON MUD 1","Municipal Utility District","Active","RESPONSIBLE PARTY","TIMOTHY","HARDIN","PRESIDENT","REMINGTON MUD 1","1300 POST OAK BLVD STE 2400",,"HOUSTON","TX","77056","3044","(713)623-4531",,"1300 POST OAK BLVD","STE 1400","SCHWARTZ PAGE & HARDING LLP","HOUSTON","TX","77056","3078","POINT (-95.460133038 29.753514994)"
"HARRIS","3830000","HARRIS COUNTY WCID 160","Water Control and Improvement District","Active","RESPONSIBLE PARTY","MARK","WARD","PRESIDENT","HARRIS COUNTY WCID 160","3200 SOUTHWEST FWY STE 2600",,"HOUSTON","TX","77027","7537","(713)860-6400",,"3200 SOUTHWEST FWY","STE 2600",,"HOUSTON","TX","77027","7537","POINT (-95.428917993 29.730799994)"
"HARRIS","3737312","HARRIS COUNTY MUD 127","Municipal Utility District","Active","RESPONSIBLE PARTY","MAUREEN","HERZOG","PRESIDENT","HARRIS COUNTY MUD 127","1155 DAIRY ASHFORD ROAD","STE 875","HOUSTON","TX","77079","3034","(713)864-5466",,"1155 DAIRY ASHFORD RD","STE 875",,"HOUSTON","TX","77079","3021","POINT (-95.607114991 29.78133298)"
"HARRIS","3737610","HARRIS COUNTY MUD 560","Municipal Utility District","Active","RESPONSIBLE PARTY","BRYAN","THOMAS","BOARD PRESIDENT","HARRIS COUNTY MUD 560","3200 SOUTHWEST FWY STE 2600",,"HOUSTON","TX","77027","7537","(713)860-6400",,"3200 SOUTHWEST FWY","STE 2600",,"HOUSTON","TX","77027","7537","POINT (-95.428917993 29.730799994)"
"HARRIS","5677000","MASON CREEK UTILITY DISTRICT","Municipal Utility District","Active","RESPONSIBLE PARTY","BRIAN","CONNOLLY","PRESIDENT","MASON CREEK UTILITY DISTRICT","20706 SEA PINE DR",,"KATY","TX","77450","4200","(281)578-7272",,"847 DOMINION DR",,,"KATY","TX","77450","2022","POINT (-95.72975 29.77387)"
"HARRIS","9000022","HARRIS COUNTY MUD 559","Municipal Utility District","Active","RESPONSIBLE PARTY","LESTER","JONES","BOARD PRESIDENT","HARRIS COUNTY MUD 559","3200 SOUTHWEST FWY STE 2600",,"HOUSTON","TX","77027","7537","(713)860-6400",,"3200 SOUTHWEST FWY","STE 2600",,"HOUSTON","TX","77027","7537","POINT (-95.428917993 29.730799994)"
"HARRIS","3738200","HARRIS COUNTY MUD 367","Municipal Utility District","Active","RESPONSIBLE PARTY","CHRISTOPHER","JACOB","BOARD PRESIDENT","HARRIS COUNTY MUD 367","3200 SOUTHWEST FREEWAY","STE 2600","HOUSTON","TX","77027","7537","(713)860-6400",,"3200 SOUTHWEST FWY","STE 2600","ALLEN BOONE HUMPHRIES ROBINSON LLP","HOUSTON","TX","77027","7537","POINT (-95.428917993 29.730799994)"
"HARRIS","9000029","HARRIS COUNTY MUD 570A","Municipal Utility District","Active","RESPONSIBLE PARTY","WILLIAM","RANDALL","PRESIDENT","HARRIS COUNTY MUD 570A","1300 POST OAK BOULEVARD","STE 2400","HOUSTON","TX","77056","3044","(713)623-4531",,"1300 POST OAK BOULEVARD",,"STE 2400","HOUSTON","TX","77056","3044","POINT (-95.46013303799998 29.753514994000057)"
"HARRIS","3737164","HARRIS COUNTY MUD 58","Municipal Utility District","Active","RESPONSIBLE PARTY","LEA","LAWSON","PRESIDENT","HARRIS COUNTY MUD 58","4911 CLIFT HAVEN DRIVE",,"HOUSTON","TX","77018","1420","(713)919-6290",,"10000 MEMORIAL DR","STE 260","YOUNG & BROOKS","HOUSTON","TX","77024","3430","POINT (-95.48183 29.77837)"
"HARRIS","3746533","HARRIS COUNTY MUD 539","Municipal Utility District","Active","RESPONSIBLE PARTY","JAMES","POTTER","PRESIDENT","HARRIS COUNTY MUD 539","3200 SOUTHWEST FWY STE 2600",,"HOUSTON","TX","77027","7537","(713)860-6400",,"3200 SOUTHWEST FWY","STE 2600",,"HOUSTON","TX","77027","7537","POINT (-95.428917993 29.730799994)"
"HARRIS","6041510","NORTHWEST HARRIS COUNTY MUD 12","Municipal Utility District","Active","RESPONSIBLE PARTY","MARY","SULLIVAN","PRESIDENT","NORTHWEST HARRIS COUNTY MUD 12","2727 ALLEN PKWY STE 1100",,"HOUSTON","TX","77019","2191","(713)652-6500",,"2727 ALLEN PKWY","STE 1100",,"HOUSTON","TX","77019","2191","POINT (-95.395606968 29.759715004)"
"HARRIS","1636578","BRAZORIA COUNTY MUD 67","Municipal Utility District","Active","RESPONSIBLE PARTY","SHANNON","CORBETT","BOARD PRESIDENT","BRAZORIA COUNTY MUD 67","3200 SOUTHWEST FWY STE 2600",,"HOUSTON","TX","77027","7537","(713)860-6400",,"3200 SOUTHWEST FWY","STE 2600",,"HOUSTON","TX","77027","7504","POINT (-95.428917993 29.730799994)"
"HARRIS","3737284","HARRIS COUNTY MUD 118","Municipal Utility District","Active","RESPONSIBLE PARTY","J","WORAH","PRESIDENT","HARRIS COUNTY MUD 118","2727 ALLEN PKWY STE 1100",,"HOUSTON","TX","77019","2191","(713)652-6500",,"2727 ALLEN PKWY","STE 1100",,"HOUSTON","TX","77019","2191","POINT (-95.395606968 29.759715004)"
"HARRIS","5307000","LAKE FOREST UTILITY DISTRICT","Municipal Utility District","Active","RESPONSIBLE PARTY","MICHAEL","YOUNG","PRESIDENT","LAKE FOREST UTILITY DISTRICT","2727 ALLEN PARKWAY","STE 1100","HOUSTON","TX","77019","2191","(713)652-6500",,"2727 ALLEN PARKWAY",,"STE 1100","HOUSTON","TX","77019","2115","POINT (-95.395606968 29.759715004)"
"HARRIS","3403200","GRAND NORTHWEST MUNICIPAL MANAGEMENT DISTRICT","Municipal Utility District","Active","RESPONSIBLE PARTY","SUMAHAN","BONNERJEE","PRESIDENT","GRAND NORTHWEST MUNICIPAL UTILITY DISTRICT","1300 POST OAK BLVD STE 1400",,"HOUSTON","TX","77056","3078","(713)623-4531",,"1300 POST OAK BLVD","STE 1400",,"HOUSTON","TX","77056","3078","POINT (-95.460133038 29.753514994)"
"HARRIS","5197500","KLEIN PUD","Municipal Utility District","Active","RESPONSIBLE PARTY","KEVIN","CORLESS","PRESIDENT","KLEIN PUD","2929 ALLEN PARKWAY","STE 3450","HOUSTON","TX","77019","7120","(713)237-1221",,"2929 ALLEN PKWY","STE 3450","RADCLIFFE BOBBITT ADAMS POLLEY PLLC","HOUSTON","TX","77019","7120","POINT (-95.396718995 29.759934987)"
"HARRIS","7024000","PARKWAY UTILITY DISTRICT","Municipal Utility District","Active","RESPONSIBLE PARTY","BRENDA","MCNEIL","PRESIDENT","PARKWAY UTILITY DISTRICT","13431 LAUREN FOREST LANE",,"HOUSTON","TX","77044","5668","(713)534-3571",,"1301 MCKINNEY STREET",,"STE 5100","HOUSTON","TX","77010","3095","POINT (-95.361575016 29.755568015)"
"HARRIS","3737158","HARRIS COUNTY MUD 55","Municipal Utility District","Active","RESPONSIBLE PARTY","ROBERT","SQUIRES","PRESIDENT","HARRIS COUNTY MUD 55","1301 MCKINNEY ST","STE 5100","HOUSTON","TX","77010","3095","(713)651-5398",,"1301 MCKINNEY ST","STE 5100","FULBRIGHT & JAWORSKI LLP","HOUSTON","TX","77010","3095","POINT (-95.361575016 29.755568015)"
"HARRIS","3738070","HARRIS COUNTY MUD 359","Municipal Utility District","Active","RESPONSIBLE PARTY","DAVID","KELLER","PRESIDENT","HARRIS COUNTY MUD 359","3200 SOUTHWEST FWY STE 2600",,"HOUSTON","TX","77027","7537","(713)860-6400",,"3200 SOUTHWEST FWY","STE 2600","ALLEN BOONE HUMPHRIES ROBINSON","HOUSTON","TX","77027","3078","POINT (-95.428917993 29.730799994)"
"HARRIS","5853000","MISSION BEND MUD 1","Municipal Utility District","Active","RESPONSIBLE PARTY","DEBORAH","CUPPLES","PRESIDENT","MISSION BEND MUD 1","3200 SOUTHWEST FREEWAY","STE 2600","HOUSTON","TX","77027","7537","(713)860-6400",,"3200 SOUTHWEST FWY","STE 2600","ALLEN BOONE HUMPHRIES ROBINSON LLP","HOUSTON","TX","77027","7537","POINT (-95.4288 29.73021)"
"HARRIS","4205000","HARRIS COUNTY WCID 92","Municipal Utility District","Active","RESPONSIBLE PARTY","DONALD","ROBERTS","PRESIDENT","HARRIS COUNTY WCID 92","9 GREENWAY PLZ STE 1000",,"HOUSTON","TX","77046","0900","(713)651-0111",,"9 GREENWAY PLAZA","STE 1000","COATS ROSE, PC","HOUSTON","TX","77046","0900","POINT (-95.434491036 29.732207986)"
"HARRIS","3737065","HARRIS COUNTY MUD 597","Municipal Utility District","Active","RESPONSIBLE PARTY","CHRISTOPHER","OMARA","PRESIDENT","HARRIS COUNTY MUD 597","3200 SOUTHWEST FWY STE 2600",,"HOUSTON","TX","77027","7537","(713)860-6400",,,,,,,,,
"HARRIS","4241090","HARRIS COUNTY WCID 109","Municipal Utility District","Active","RESPONSIBLE PARTY","ALLEN","SCHREIBER","PRESIDENT","HARRIS COUNTY WCID 109","1300 POST OAK BLVD STE 2400",,"HOUSTON","TX","77056","3044","(713)623-4531",,"1300 POST OAK BLVD","STE 2400","SCHWARTZ PAGE & HARDING LLP","HOUSTON","TX","77056","3044","POINT (-95.460133038 29.753514994)"
"HARRIS","7133000","PORT OF HOUSTON AUTHORITY","Navigation District","Active","RESPONSIBLE PARTY","RICHARD","CAMPO","PRESIDENT","PORT OF HOUSTON AUTHORITY","111 EAST LOOP NORTH",,"HOUSTON","TX","77029","4326","(713)670-2662",,"111 EAST LOOP NORTH",,,"HOUSTON","TX","77029","4326","POINT (-95.266701009 29.737878009)"
"HARRIS","9000007","HARRIS COUNTY MUD 566","Municipal Utility District","Active","RESPONSIBLE PARTY","NOLAN","MAINGUY","PRESIDENT","HARRIS COUNTY MUD 566","3200 SOUTHWEST FREEWAY","STE 2600","HOUSTON","TX","77027","7537","(713)860-6400",,"3200 SOUTHWEST FREEWAY",,"STE 2600","HOUSTON","TX","77027","7537","POINT (-95.428917993 29.730799994)"
"HARRIS","3747410","HARRIS COUNTY MUD 516","Municipal Utility District","Active",,,,,,,,,,,,,,,,,,,,,
"HARRIS","3737183","HARRIS-WALLER COUNTIES MUD 12","Municipal Utility District","Active","RESPONSIBLE PARTY","JOAN","RYMAN","BOARD PRESIDENT","HARRIS-WALLER COUNTIES MUD 12","3200 SOTUHWEST FWY STE 2600",,"HOUSTON","TX","77027","7537","(713)860-6400",,"3200 SOUTHWEST FWY","STE 2600","c/o ABHR","HOUSTON","TX","77027","7537","POINT (-95.428917993 29.730799994)"
"HARRIS","5662200","MALCOMSON ROAD UTILITY DISTRICT","Municipal Utility District","Active","RESPONSIBLE PARTY","R","PATTERSON","PRESIDENT","MALCOMSON ROAD UTILITY DISTRICT","15918 BIRCHVIEW DRIVE",,"TOMBALL","TX","77377","8505","(281)743-4875",,"10000 MEMORIAL DR","STE 260","YOUNG & BROOKS","HOUSTON","TX","77024","3430","POINT (-95.483551992 29.778930014)"
"HARRIS","2800550","EAST LAKE HOUSTON MANAGEMENT DISTRICT","Municipal Management District","Active","RESPONSIBLE PARTY","WILLIAM","WOODSON","BOARD PRESIDENT","EAST LAKE HOUSTON MANAGEMENT DISTRICT","2728 N HARWOOD ST STE 500",,"DALLAS","TX","75201","1743","(214)745-5353",,"2728 N HARWOOD ST","STE 500",,"DALLAS","TX","75201","1743","POINT (-96.80792 32.79368)"
"HARRIS","6182000","OAKMONT PUBLIC UTILITY DISTRICT","Municipal Utility District","Active","RESPONSIBLE PARTY","JENNIFER","SMITH","PRESIDENT","OAKMONT PUD","9 GREENWAY PLZ","STE 1000","HOUSTON","TX","77046","0900","(713)651-0111",,"9 GREENWAY PLZ","STE 1000",,"HOUSTON","TX","77046","0900","POINT (-95.434491036 29.732207986)"
"HARRIS","3737940","HARRIS COUNTY MUD 344","Municipal Utility District","Active","RESPONSIBLE PARTY","BETTY","BLAND","PRESIDENT","HARRIS COUNTY MUD 344","1300 POST OAK BLVD","STE 2400","HOUSTON","TX","77056","3044","(713)623-4531",,"1300 POST OAK BLVD","STE 1400","SCHWARTZ PAGE & HARDING LLP","HOUSTON","TX","77056","3078","POINT (-95.460133038 29.753514994)"
"HARRIS","3738410","HARRIS COUNTY MUD 382","Municipal Utility District","Active","RESPONSIBLE PARTY","AVERY","PLANK","PRESIDENT","HARRIS COUNTY MUD 382","3200 SOUTHWEST FWY STE 2600",,"HOUSTON","TX","77027","7537","(713)860-6400",,"3200 SOUTHWEST FWY","STE 2600","ALLEN BOONE HUMPHRIES ROBINSON LLP","HOUSTON","TX","77027","7597","POINT (-95.428917993 29.730799994)"
"HARRIS","3737754","HARRIS COUNTY MUD 282","Municipal Utility District","Active","RESPONSIBLE PARTY","DAWN","MOUTON","PRESIDENT","HARRIS COUNTY MUD 282","1300 POST OAK BLVD","STE 2400","HOUSTON","TX","77056","3044","(713)623-4531",,"1300 POST OAK BLVD","STE 1400","SCHWARTZ PAGE & HARDING LLP","HOUSTON","TX","77056","3078","POINT (-95.460133038 29.753514994)"
"HARRIS","3737172","HARRIS COUNTY MUD 62","Municipal Utility District","Active","RESPONSIBLE PARTY","ROBERT","KINCAID","PRESIDENT","HARRIS COUNTY MUD 62","22718 SPATSWOOD LN",,"KATY","TX","77449","5402","(281)881-4720",,"6363 WOODWAY DR","STE 800","BACON & WALLACE LLP","HOUSTON","TX","77057","1762","POINT (-95.496281001 29.755662018)"
"HARRIS","3737302","HARRIS COUNTY MUD 122","Municipal Utility District","Active","RESPONSIBLE PARTY","JOYCELYN","REESE","PRESIDENT","HARRIS COUNTY MUD 122","1300 POST OAK BLVD","STE 2400","HOUSTON","TX","77056","3044","(713)623-4531",,"1300 POST OAK BLVD","STE 1400","SCHWARTZ PAGE & HARDING LLP","HOUSTON","TX","77056","3078","POINT (-95.460133038 29.753514994)"
"HARRIS","3738432","HARRIS COUNTY MUD 387","Municipal Utility District","Active","RESPONSIBLE PARTY","STEPHEN","MILLS","PRESIDENT","HARRIS COUNTY MUD 387","1300 POST OAK BLVD","STE 2400","HOUSTON","TX","77056","3044","(713)623-4531",,"1300 POST OAK BLVD","STE 1400","SCHWARTZ PAGE & HARDING LLP","HOUSTON","TX","77056","3078","POINT (-95.460133038 29.753514994)"
"HARRIS","5968000","NORTHAMPTON MUNICIPAL UTILITY DISTRICT","Municipal Utility District","Active","RESPONSIBLE PARTY","E","THOMAS","PRESIDENT","NORTHAMPTON MUNICIPAL UTILITY DISTRICT","6306 JADECREST DRIVE",,"SPRING","TX","77389","3676","376-8916",,"6363 WOODWAY DR","STE 800","BACON & WALLACE LLP","HOUSTON","TX","77057","1762","POINT (-95.496281001 29.755662018)"
"HARRIS","4711500","INTERCONTINENTAL MUD","Municipal Utility District","Active","RESPONSIBLE PARTY","RICHARD","FLETCHER","PRESIDENT","INTERCONTINENTAL MUD","1300 POST OAK BOULEVARD","STE 2400","HOUSTON","TX","77056","3044","(713)623-4531",,"1300 POST OAK BLVD","STE 1400","SCHWARTZ PAGE & HARDING LLP","HOUSTON","TX","77056","3078","POINT (-95.46004 29.75322)"
"HARRIS","6041587","NORTHWEST HARRIS COUNTY MUD 24","Municipal Utility District","Active","RESPONSIBLE PARTY","WILLIAM","PUDER","PRESIDENT","NORTHWEST HARRIS COUNTY MUD 24","2800 POST OAK BLVD STE 4100",,"HOUSTON","TX","77056","6145","(832)390-2268",,"14446 HOLLI","STER STREET",,"HOUSTON","TX","77066","5706","POINT (-95.497305 29.95691)"
"HARRIS","3737073","HARRIS COUNTY MUD 588","Municipal Utility District","Active","RESPONSIBLE PARTY","DOMINIC","CASHIOLA","PRESIDENT","HARRIS COUNTY MUD 588","1300 POST OAK BLVD STE 2400",,"HOUSTON","TX","77056","3044","(713)623-4531",,"1300 POST OAK BLVD","STE 2400",,"HOUSTON","TX","77056","3044","POINT (-95.460133038 29.753514994)"
"HARRIS","4380137","HARRIS COUNTY MUD 534","Municipal Utility District","Active","RESPONSIBLE PARTY","ALEX","JACKSON","PRESIDENT","HARRIS COUNTY MUD 534","3200 SOUTHWEST FREEWAY STE 2600",,"HOUSTON","TX","77027","7537","(713)860-6400",,"3200 SOUTHWEST FREEWAY","STE 2600",,"HOUSTON","TX","77027","7537","POINT (-95.428917993 29.730799994)"
"HARRIS","3722995","HARRIS COUNTY FWSD 48","Fresh Water Supply District","Active","RESPONSIBLE PARTY","DAN","RICHARDSON","PRESIDENT","HARRIS COUNTY FWSD 48","9 GREENWAY PLZ STE 1000",,"HOUSTON","TX","77046","3653","(713)651-0111",,"9 GREENWAY PLZ","STE 1000",,"HOUSTON","TX","77046","3653","POINT (-95.434491036 29.732207986)"
"HARRIS","7281319","RICE VILLAGE MANAGEMENT DISTRICT","Municipal Management District","Active","RESPONSIBLE PARTY","KAREN","GEORGE","DIRECTOR","RICE VILLAGE MANAGEMENT DISTRICT",,,,,,,,,,,,,,,,
"HARRIS","3738100","HARRIS COUNTY MUD 361","Municipal Utility District","Active","RESPONSIBLE PARTY","TODD","COVART","PRESIDENT","HARRIS COUNTY MUD 361","2001 TIMBERLOCH PL","STE 500","THE WOODLANDS","TX","77380","1375","(832)789-1899",,"2001 TIMBERLOCH PL","STE 500","C/O ROACH & ASSOCIATES, PLLC","THE WOODLANDS","TX","77380","1375","POINT (-95.466777038 30.157442009)"
"HARRIS","5316625","LAGO BELLO MUD 1A","Municipal Utility District","Active","RESPONSIBLE PARTY","JAVIER","HERNANDEZ","PRESIDENT","LAGO BELLO MUD 1A","9 GREENWAY PLZ","STE 1000","HOUSTON","TX","77046","0900","(713)651-0111",,"9 GREENWAY PLAZA","STE 1000",,"HOUSTON","TX","77046","0900","POINT (-95.434491036 29.732207986)"
"HARRIS","3908823","HARRIS-WALLER COUNTIES MUD 2","Municipal Utility District","Active","RESPONSIBLE PARTY","JOHN","PENEWITT","PRESIDENT","HARRIS-WALLER COUNTIES MUD 2","1300 POST OAK BLVD STE 2400",,"HOUSTON","TX","77056","3044","(713)623-4531",,"1300 POST OAK BLVD","STE 1400",,"HOUSTON","TX","77056","3078","POINT (-95.460133038 29.753514994)"
"HARRIS","2260250","CENTRAL HARRIS COUNTY REGIONAL WATER AUTHORITY","Regional District","Active","RESPONSIBLE PARTY","MARGARET","COX","PRESIDENT","CENTRAL HARRIS COUNTY REGIONAL WATER AUTHORITY","1300 POST OAK BLVD STE 2400",,"HOUSTON","TX","77056","3044","(713)623-4531",,"1300 POST OAK BLVD","STE 2400","SCHWARTZ PAGE & HARDING LLP","HOUSTON","TX","77056","3044","POINT (-95.46004 29.75322)"
"HARRIS","3745908","HARRIS COUNTY MUD 540","Municipal Utility District","Active","RESPONSIBLE PARTY","SHAWN","PACHLHOFER","PRESIDENT","HARRIS COUNTY MUD 540","3200 SOUTHWEST FRWY STE 2600",,"HOUSTON","TX","77027","7504","(713)860-6400",,"3200 SOUTHWEST FRWY","STE 2600",,"HOUSTON","TX","77027","7504","POINT (-95.428917993 29.730799994)"
"HARRIS","3737762","HARRIS COUNTY MUD 284","Municipal Utility District","Active","RESPONSIBLE PARTY","JAKE","STANLEY","PRESIDENT","HARRIS COUNTY MUD 284","1300 POST OAK BLVD STE 2400",,"HOUSTON","TX","77056","3044","(713)623-4531",,"1300 POST OAK BLVD","STE 2400","SCHWARTZ PAGE & HARDING LLP","HOUSTON","TX","77056","3078","POINT (-95.460133038 29.753514994)"
"HARRIS","6041706","NORTHWEST HARRIS COUNTY MUD 32","Municipal Utility District","Active","RESPONSIBLE PARTY","STEVE","GRYCHKA","PRESIDENT","NORTHWEST HARRIS COUNTY MUD 32","1300 POST OAK BLVD STE 1400",,"HOUSTON","TX","77056","3078","(713)623-4531",,"1300 POST OAK BLVD","STE 2400","SCHWARTZ PAGE & HARDING LLP","HOUSTON","TX","77056","3044","POINT (-95.460133038 29.753514994)"
"HARRIS","2283250","CHARTERWOOD MUD","Municipal Utility District","Active","RESPONSIBLE PARTY","JEAN","ALDREDGE","PRESIDENT","CHARTERWOOD MUD","9 GREENWAY PLZ","STE 1000","HOUSTON","TX","77046","0900","(713)651-0111",,"9 GREENWAY PLAZA","STE 1000","COATS ROSE PC","HOUSTON","TX","77046","0900","POINT (-95.434491036 29.732207986)"
"HARRIS","5999500","NORTHPOINTE WCID","Water Control and Improvement District","Active","RESPONSIBLE PARTY","VANESSA","BISSEY-BEARD","PRESIDENT","NORTHPOINTE WCID","1300 POST OAK BLVD STE 2400",,"HOUSTON","TX","77056","3044","(713)623-4531",,"1300 POST OAK BLVD","STE 2400","SCHWARTZ PAGE & HARDING LLP","HOUSTON","TX","77056","3044","POINT (-95.460133038 29.753514994)"
"HARRIS","3744900","HARRIS COUNTY UTILITY DISTRICT 16","Municipal Utility District","Active","RESPONSIBLE PARTY","PATRICIA","TOPE","PRESIDENT","HARRIS COUNTY UTILITY DISTRICT 16","3700 BUFFALO SPEEDWAY","STE 830","HOUSTON","TX","77098","3709","(713)942-9922",,"3700 BUFFALO SPEEDWAY","STE 830","MARKS RICHARDSON PC","HOUSTON","TX","77098","3709","POINT (-95.429490979 29.732449008)"
"HARRIS","3737530","HARRIS COUNTY MUD 231","Municipal Utility District","Active","RESPONSIBLE PARTY","RANDY","POLLARD","PRESIDENT","HARRIS COUNTY MUD 231","2727 ALLEN PARKWAY","STE 1100","HOUSTON","TX","77019","2191","(713)652-6500",,"2727 ALLEN PARKWAY","STE 1100","SMITH MURDAUGH LITTLE & BONHAM LLP","HOUSTON","TX","77019","2191","POINT (-95.395606968 29.759715004)"
"HARRIS","3028000","FAULKEY GULLY MUD","Municipal Utility District","Active","RESPONSIBLE PARTY","J","ALLEN","BOARD PRESIDENT","FAULKEY GULLY MUD","13121 LOUETTA ROAD # 1040",,"CYPRESS","TX","77429","5155","(281)320-2470",,"13121 LOUETTA RD","# 1040",,"CYPRESS","TX","77429","5155","POINT (-95.62121 29.99494)"
"HARRIS","3737370","HARRIS COUNTY MUD 156","Municipal Utility District","Active","RESPONSIBLE PARTY","JEFFREY","PENNEY","PRESIDENT","HARRIS COUNTY MUD 156","3200 SOUTHWEST FWY STE 2600",,"HOUSTON","TX","77027","7537","(713)800-8678",,"3200 SOUTHWEST FWY","STE 2600","ALLEN BOONE HUMPHRIES ROBINSON LLP","HOUSTON","TX","77027","7597","POINT (-95.428917993 29.730799994)"
"HARRIS","3737137","HARRIS COUNTY MUD 419","Municipal Utility District","Active","RESPONSIBLE PARTY","DOUG","WOODALL","PRESIDENT","HARRIS COUNTY MUD 419","1300 POST OAK BLVD STE 1400",,"HOUSTON","TX","77056","3078","(713)623-4531",,"1300 POST OAK BLVD","STE 1400","SCHWARTZ PAGE & HARDING LLP","HOUSTON","TX","77056","3078","POINT (-95.46004 29.75322)"
"HARRIS","7684344","HARRIS COUNTY MUD 600A","Municipal Utility District","Inactive",,,,,,,,,,,,,,,,,,,,,
"HARRIS","3737742","HARRIS COUNTY MUD 276","Municipal Utility District","Active","RESPONSIBLE PARTY","HARRIS","MASTERSON","PRESIDENT","HARRIS COUNTY MUD 276","1300 POST OAK BLVD STE 2400",,"HOUSTON","TX","77056","3044","(713)623-4531",,"1300 POST OAK BLVD","STE 2400","SCHWARTZ PAGE & HARDING LLP","HOUSTON","TX","77056","3078","POINT (-95.460133038 29.753514994)"
"HARRIS","5684500","GENERATION PARK MANAGEMENT DISTRICT","Municipal Management District","Active","RESPONSIBLE PARTY","CHARLES","NEAHAUS","PRESIDENT","GENERATION PARK MANAGEMENT DISTRICT","1300 POST OAK BLVD STE 2400",,"HOUSTON","TX","77056","3044","(713)623-4531",,"1300 POST OAK BLVD","STE 2400",,"HOUSTON","TX","77056","3044","POINT (-95.460133038 29.753514994)"
"HARRIS","6041540","NORTHWEST HARRIS COUNTY MUD 15","Municipal Utility District","Active","RESPONSIBLE PARTY","LAWRENCE","LAHAIE","PRESIDENT","NORTHWEST HARRIS COUNTY MUD 15","1300 POST OAK BLVD STE 2400",,"HOUSTON","TX","77056","3044","(713)623-4531",,"1300 POST OAK BLVD","STE 2400","SCHWARTZ PAGE & HARDING LLP","HOUSTON","TX","77056","3044","POINT (-95.460133038 29.753514994)"
"HARRIS","5308563","LAGO BELLO MUD 1B","Municipal Utility District","Active","RESPONSIBLE PARTY","JON","DURNELL","BOARD PRESIDENT","LAGO BELLO MUD 1B","9 GREENWAY PLZ","STE 1000","HOUSTON","TX","77046","0900","(713)651-0111",,"9 GREENWAY PLS","STE 1000",,"HOUSTON","TX","77046","0900","POINT (-95.434491036 29.732207986)"
"HARRIS","3406000","GRANT ROAD PUD","Municipal Utility District","Active","RESPONSIBLE PARTY","ROBERT","KRZESZKIEWICZ","PRESIDENT","GRANT ROAD PUD","12934 LAKE MIST DR",,"CYPRESS","TX","77429","3510","(281)455-6544",,"6363 WOODWAY DR","STE 800",,"HOUSTON","TX","77057","1762","POINT (-95.496281001 29.755662018)"
"HARRIS","3737178","HARRIS COUNTY MUD 65","Municipal Utility District","Active","RESPONSIBLE PARTY","RICHARD","MARSHALL","PRESIDENT","HARRIS COUNTY MUD 65","19015 TYRONE ST",,"SPRING","TX","77373","5750","(281)353-2154",,"10000 MEMORIAL DR","STE 260","YOUNG & BROOKS","HOUSTON","TX","77024","3430","POINT (-95.483551992 29.778930014)"
"HARRIS","5447500","LONGHORN TOWN UTILITY DISTRICT","Municipal Utility District","Active","RESPONSIBLE PARTY","STEVEN","CRAIN","PRESIDENT","LONGHORN TOWN UTILITY DISTRICT","1300 POST OAK BLVD","STE 2400","HOUSTON","TX","77056","3044","(713)623-4531",,"1300 POST OAK BLVD","STE 1400","SCHWARTZ PAGE & HARDING LLP","HOUSTON","TX","77056","3078","POINT (-95.460133038 29.753514994)"
"HARRIS","3417700","GREEN TRAILS MUD","Municipal Utility District","Active","RESPONSIBLE PARTY","DOUGLAS","DIEHL","PRESIDENT","GREEN TRAILS MUD","1300 POST OAK BLVD","STE 2400","HOUSTON","TX","77056","3078","(713)623-4531",,"1300 POST OAK BLVD","STE 1400","SCHWARTZ PAGE & HARDING LLP","HOUSTON","TX","77056","3078","POINT (-95.460133038 29.753514994)"
"HARRIS","2880000","ENCANTO REAL UTILITY DISTRICT","Municipal Utility District","Active","RESPONSIBLE PARTY","BRUCE","BURKHARDT","PRESIDENT","ENCANTO REAL UTILITY DISTRICT","3355 W ALABAMA ST STE 350",,"HOUSTON","TX","77098","1866","(713)942-9922",,"3700 BUFFALO SPEEDWAY","STE 830","MARKS RICHARDSON PC","HOUSTON","TX","77098","3709","POINT (-95.42982 29.73268)"
"HARRIS","2414500","CYPRESSWOOD UTILITY DISTRICT","Municipal Utility District","Active","RESPONSIBLE PARTY","KEITH","SCHOONOVER","PRESIDENT","CYPRESSWOOD UTILITY DISTRICT","3200 SOUTHWEST FREEWAY","STE 2600","HOUSTON","TX","77027","7537","(713)860-6400",,"3200 SOUTHWEST FWY","STE 2600","ALLEN BOONE HUMPHRIES ROBINSON LLP","HOUSTON","TX","77027","7537","POINT (-95.428917993 29.730799994)"
"HARRIS","3737438","HARRIS COUNTY MUD 185","Municipal Utility District","Active","RESPONSIBLE PARTY","WALTER","DEASON","PRESIDENT","HARRIS COUNTY MUD 185","2727 ALLEN PARKWAY","STE 1100","HOUSTON","TX","77019","2191","(713)652-6500",,"2727 ALLEN PARKWAY",,"STE 1100","HOUSTON","TX","77019","2191","POINT (-95.395606968 29.759715004)"
"HARRIS","3413030","EAST END DISTRICT","Municipal Management District","Active","RESPONSIBLE PARTY","VERONICA","GROCZYNSKI","PRESIDENT","EAST END DISTRICT","3211 HARRISBURG BLVD",,"HOUSTON","TX","77003","2435","(713)928-9916",,"PO BOX 230099",,,"HOUSTON","TX","77223","0099","POINT (-95.320671 29.727565)"
"HARRIS","3737368","HARRIS COUNTY MUD 155","Municipal Utility District","Active","RESPONSIBLE PARTY","MARGARET","DAWSON","PRESIDENT","HARRIS COUNTY MUD 155","2727 ALLEN PKWY STE 1100",,"HOUSTON","TX","77019","2191","(713)652-6500",,"2727 ALLEN PARKWAY","STE 1100","SMITH MURDAUGH LITTLE & BONHAM LLP","HOUSTON","TX","77019","2191","POINT (-95.395606968 29.759715004)"
"HARRIS","3832500","HARRIS COUNTY WCID 161","Water Control and Improvement District","Active","RESPONSIBLE PARTY","JOAN","TRAYLOR","PRESIDENT","HARRIS COUNTY WCID 161","3200 SOUTHWEST FWY STE 2600",,"HOUSTON","TX","77027","7537","(713)860-6400",,"3200 SOUTHWEST FWY","STE 2600","c/o ALLEN BOONE HUMPHRIES ROBINSON LLP","HOUSTON","TX","77027","7537","POINT (-95.428917993 29.730799994)"
"HARRIS","3737468","HARRIS COUNTY MUD 200","Municipal Utility District","Active","RESPONSIBLE PARTY","JAMES","WRIGHT","PRESIDENT","HARRIS COUNTY MUD 200","1300 POST OAK BLVD STE 2400",,"HOUSTON","TX","77056","3044","(713)623-4531",,"1300 POST OAK BLVD","STE 2400","SCHWARTZ PAGE & HARDING LLP","HOUSTON","TX","77056","3078","POINT (-95.460133038 29.753514994)"
"HARRIS","3737050","HARRIS COUNTY MUD 1","Municipal Utility District","Active","RESPONSIBLE PARTY","CRAIG","YOUNG","PRESIDENT","HARRIS COUNTY MUD 1","2727 ALLEN PKWY STE 1100",,"HOUSTON","TX","77019","2191","(713)652-6500",,"2727 ALLEN PKWY","STE 1100",,"HOUSTON","TX","77019","2191","POINT (-95.39588 29.75926)"
"HARRIS","3738150","HARRIS COUNTY MUD 365","Municipal Utility District","Active","RESPONSIBLE PARTY","GREG","COLEMAN","PRESIDENT","HARRIS COUNTY MUD 365","3200 SOUTHWEST FWY STE 2600",,"HOUSTON","TX","77027","7537","(713)860-6400",,"3200 SOUTHWEST FWY","STE 2600","ALLEN BOONE HUMPHRIES ROBINSON LLP","HOUSTON","TX","77027","7537","POINT (-95.428917993 29.730799994)"
"HARRIS","3737170","HARRIS COUNTY MUD 61","Municipal Utility District","Active","RESPONSIBLE PARTY","WHEELER","BEMENT","PRESIDENT","HARRIS COUNTY MUD 61","3700 BUFFALO SPEEDWAY","STE 830","HOUSTON","TX","77098","3709","(713)942-9922",,"3700 BUFFALO SPEEDWAY","STE 830","MARKS RICHARDSON PC","HOUSTON","TX","77098","3709","POINT (-95.429490979 29.732449008)"
"HARRIS","3736694","HARRIS COUNTY IMPROVEMENT DISTRICT 24","Water Improvemnt District","Active","RESPONSIBLE PARTY","SIMMI","JAGGI","PRESIDENT","HARRIS COUNTY IMPROVEMENT DISTRICT 24","1400 Post Oak Blvd","Suite 1100","HOUSTON","TX","77056",,"(713)888-4098",,,,,,,,,
"HARRIS","1175000","BAMMEL UD","Municipal Utility District","Active","RESPONSIBLE PARTY","NICHOLAS","FAVA","PRESIDENT","BAMMEL UTILITY DISTRICT","15503 GROVESPRING DRIVE",,"HOUSTON","TX","77068","1810","(281)807-8886",,"10000 MEMORIAL DR","STE 260",,"HOUSTON","TX","77024","3430","POINT (-95.48183 29.77837)"
"HARRIS","4639000","H-M-W SUD","Special Utility District","Active","RESPONSIBLE PARTY","HANK","WEIRICH","PRESIDENT","H-M-W SUD","PO BOX 837",,"PINEHURST","TX","77362","0837","(281)356-5060",,"PO BOX 837",,,"PINEHURST","TX","77362","0837","POINT (-95.65265 30.1334659)"
"HARRIS","3736697","HARRIS COUNTY IMPROVEMENT DISTRICT 25","Water Improvemnt District","Active","RESPONSIBLE PARTY","JUSTIN","GOODMAN","PRESIDENT","HARRIS COUNTY IMPROVEMENT DISTRICT 25","3200 SOUTHWEST FREEWAY STE 2600",,"HOUSTON","TX","77027","7537","(713)860-6400",,"3200 SOUTHWEST FREEWAY","STE 2600",,"HOUSTON","TX","77027","7537","POINT (-95.428917993 29.730799994)"
"HARRIS","6041300","NORTHWEST HARRIS COUNTY MUD 9","Municipal Utility District","Active","RESPONSIBLE PARTY","COY","BASKIN","PRESIDENT","NORTHWEST HARRIS COUNTY MUD 9","2727 ALLEN PKWY STE 1100",,"HOUSTON","TX","77019","2191","(713)652-6500",,"2727 ALLEN PKWY","STE 1100","SMITH MURDAUGH LITTLE & BONHAM LLP","HOUSTON","TX","77019","2191","POINT (-95.39588 29.75926)"
"HARRIS","3737122","HARRIS COUNTY MUD 502","Municipal Utility District","Active","RESPONSIBLE PARTY","BRIAN","THOMAS","PRESIDENT","HARRIS COUNTY MUD 502","2727 ALLEN PKWY STE 1100",,"HOUSTON","TX","77019","2191","(713)652-6500",,"2727 ALLEN PKWY","STE 1100","SMITH MURDAUGH LITTLE & BONHAM LLP","HOUSTON","TX","77019","2191","POINT (-95.395606968 29.759715004)"
"HARRIS","3737410","HARRIS COUNTY MUD 171","Municipal Utility District","Active","RESPONSIBLE PARTY","DUANE","HECKMANN","BOARD PRESIDENT","HARRIS COUNTY MUD 171","3200 SOUTHWEST FREEWAY","STE 2600","HOUSTON","TX","77027","7537","(713)860-6400",,"3200 SOUTHWEST FWY","STE 2600","ALLEN BOONE HUMPHRIES ROBINSON LLP","HOUSTON","TX","77027","7537","POINT (-95.428917993 29.730799994)"
"HARRIS","3737500","HARRIS COUNTY MUD 216","Municipal Utility District","Active","RESPONSIBLE PARTY","BRETT","WINK","PRESIDENT","HARRIS COUNTY MUNICIPAL UTILITY DISTRICT 216","2727 ALLEN PKWY","STE 1100","HOUSTON","TX","77019","2191","(713)652-6500",,"2727 ALLEN PKWY","STE 1100","SMITH MURDAUGH LITTLE & BONHAM LLP","HOUSTON","TX","77019","2191","POINT (-95.395606968 29.759715004)"
"HARRIS","3737220","HARRIS COUNTY MUD 86","Municipal Utility District","Active","RESPONSIBLE PARTY","BETTY","GRUGAN","PRESIDENT","HARRIS COUNTY MUD 86","PO BOX 3772",,"HUMBLE","TX","77347","3772",,,"6363 WOODWAY DRIVE","STE 800","BACON & WALLACE LLP","HOUSTON","TX","77057","1762","POINT (-95.496281001 29.755662018)"
"HARRIS","3738430","HARRIS-MONTGOMERY COUNTIES MUD 386","Municipal Utility District","Active","RESPONSIBLE PARTY","F","JACOBS","PRESIDENT","HARRIS MONTGOMERY COUNTIES MUD 386","1300 POST OAK BLVD STE 2400",,"HOUSTON","TX","77056","3044","(713)623-4531",,"1300 POST OAK BLVD","STE 2400","SCHWARTZ PAGE & HARDING LLP","HOUSTON","TX","77056","3044","POINT (-95.460133038 29.753514994)"
"HARRIS","3747157","HARRIS COUNTY MUD 537","Municipal Utility District","Active","RESPONSIBLE PARTY","JAMES","BALOCK","PRESIDENT","HARRIS COUNTY MUD 537","1330 POST OAK BLVD STE 2650",,"HOUSTON","TX","77056","3072","(713)850-9000",,"1330 POST OAK BLVD","STE 2650",,"HOUSTON","TX","77056","3072","POINT (-95.46125 29.75313)"
"HARRIS","4418004","HARRIS FORT BEND COUNTIES MUD 3","Municipal Utility District","Active","RESPONSIBLE PARTY","RON","WELCH","PRESIDENT","HARRIS FORT BEND COUNTIES MUD 3","1300 POST OAK BLVD STE 2400",,"HOUSTON","TX","77056","3044","(713)623-4531",,"1300 POST OAK BLVD","STE 2400","SCHWARTZ PAGE & HARDING LLP","HOUSTON","TX","77056","3044","POINT (-95.460133038 29.753514994)"
"HARRIS","3833750","HARRIS COUNTY WCID 163","Water Control and Improvement District","Active","RESPONSIBLE PARTY","JUSTIN","BLACKMON","PRESIDENT","HARRIS COUNTY WCID 163","1300 Post Oak Blvd Suite 1400",,"HOUSTON","TX","77056","3078","(713)623-4531",,,,,,,,,
"HARRIS","3737432","HARRIS COUNTY MUD 182","Municipal Utility District","Active","RESPONSIBLE PARTY","THOMAS","COSSEY","PRESIDENT","HARRIS COUNTY MUD 182","2727 ALLEN PARKWAY","STE 1100","HOUSTON","TX","77019","2191","(713)652-6500",,"2727 ALLEN PARKWAY","STE 1100","SMITH MURDAUGH LITTLE & BONHAM LLP","HOUSTON","TX","77019","2191","POINT (-95.395606968 29.759715004)"
"HARRIS","7784000","TIMBERLAKE IMPROVEMENT DISTRICT","Municipal Utility District","Active","RESPONSIBLE PARTY","RICK","BOEHM","PRESIDENT","TIMBERLAKE IMPROVEMENT DISTRICT","12719 RETREAT TRL",,"CYPRESS","TX","77429","2631",,,"10000 MEMORIAL DR","STE 260","YOUNG & BROOKS","HOUSTON","TX","77024","3430","POINT (-95.48183 29.77837)"
"HARRIS","7786000","TIMBER LANE UTILITY DISTRICT","Municipal Utility District","Active","RESPONSIBLE PARTY","DANIEL","MEACHAM","PRESIDENT","TIMBER LANE UTILITY DISTRICT","2727 ALLEN PKWY STE 1100",,"HOUSTON","TX","77019","2191","(713)652-6500",,"2727 ALLEN PKWY","STE 1100",,"HOUSTON","TX","77019","2191","POINT (-95.395606968 29.759715004)"
"HARRIS","3736032","HARRIS COUNTY IMPROVEMENT DISTRICT 12","Municipal Management District","Active","RESPONSIBLE PARTY","ASHTON","TAYLOR","PRESIDENT","HARRIS COUNTY IMPROVEMENT DISTRICT 12","1300 POST OAK BLVD STE 2400",,"HOUSTON","TX","77056","3078","(713)623-4531",,"1300 POST OAK BOULEVARD",,"STE 2400","HOUSTON","TX","77056","3044","POINT (-95.460133038 29.753514994)"
"HARRIS","3737766","HARRIS COUNTY MUD 286","Municipal Utility District","Active","RESPONSIBLE PARTY","DAVID","GEASLEN","PRESIDENT","HARRIS COUNTY MUD 286","3700 BUFFALO SPEEDWAY","STE 830","HOUSTON","TX","77098","3709","(713)942-9922",,"3700 BUFFALO SPEEDWAY","STE 830","MARKS RICHARDSON PC","HOUSTON","TX","77098","3709","POINT (-95.429490979 29.732449008)"
"HARRIS","3737240","HARRIS COUNTY MUD 96","Municipal Utility District","Active","RESPONSIBLE PARTY","GREG","VOINIS","PRESIDENT","HARRIS COUNTY MUD 96","1300 POST OAK BLVD","STE 2400","HOUSTON","TX","77056","3044","(713)623-4531",,"1300 POST OAK BLVD","STE 1400","SCHWARTZ PAGE & HARDING LLP","HOUSTON","TX","77056","3078","POINT (-95.460133038 29.753514994)"
"HARRIS","3737188","HARRIS COUNTY MUD 70","Municipal Utility District","Active","RESPONSIBLE PARTY","STEPHANIE","PETERS","PRESIDENT","HARRIS COUNTY MUD 70","1300 POST OAK BLVD","STE 2400","HOUSTON","TX","77056","3044","(713)623-4531",,"1300 POST OAK BLVD","STE 1400","SCHWARTZ PAGE & HARDING LLP","HOUSTON","TX","77056","3078","POINT (-95.460133038 29.753514994)"
"HARRIS","9000006","HARRIS COUNTY MUD 569","Municipal Utility District","Active","RESPONSIBLE PARTY","JASON","SCHULTZ","BOARD PRESIDENT","HARRIS COUNTY MUD 569","1300 POST OAK BOULEVARD","STE 2400","HOUSTON","TX","77056","3044","(713)623-4531",,"1300 POST OAK BOULEVARD",,"STE 2400","HOUSTON","TX","77056","3044","POINT (-95.460133038 29.753514994)"
"HARRIS","3737134","HARRIS COUNTY MUD 43","Municipal Utility District","Active","RESPONSIBLE PARTY","MATT","FAGERBURG","PRESIDENT","HARRIS COUNTY MUD 43","5214 BRIGHT OAK CT",,"SPRING","TX","77373","7970","(713)220-4670",,"600 TRAVIS ST","STE 4200","ANDREWS KURTH LLP","HOUSTON","TX","77002","2929","POINT (-95.364007026 29.760398003)"
"HARRIS","6042880","NORTHWOOD MUD 1","Municipal Utility District","Active","RESPONSIBLE PARTY","JOHN","PERCHES","PRESIDENT","NORTHWOOD MUD 1","6363 WOODWAY DR STE 800",,"HOUSTON","TX","77057","1779","(713)739-1060",,"6363 WOODWAY DR","STE 800","WALLACE & PHILBIN LLP","HOUSTON","TX","77057","1799","POINT (-95.49644 29.75603)"
"HARRIS","3737502","HARRIS COUNTY MUD 217","Municipal Utility District","Active","RESPONSIBLE PARTY","CORDELIA","BROWN","PRESIDENT","HARRIS COUNTY MUD 217","24624 INTERSTATE 45 N","STE 200","THE WOODLANDS","TX","77386","4084","(281)719-1990",,"24624 INTERSTATE 45 N","STE 200",,"THE WOODLANDS","TX","77386","4084","POINT (-95.440773021 30.12013902)"
"HARRIS","7281475","RICHFIELD RANCH WCID","Water Control and Improvement District","Active","RESPONSIBLE PARTY","RANCHHOD","PATEL","PRESIDENT","RICHFIELD RANCH WCID","1300 POST OAK BOULEVARD","STE 2400","HOUSTON","TX","77056","3044","(713)623-4531",,"1300 POST OAK BOULEVARD",,"STE 2400","HOUSTON","TX","77056","3044","POINT (-95.460133038 29.753514994)"
"HARRIS","3737484","HARRIS COUNTY MUD 208","Municipal Utility District","Active","RESPONSIBLE PARTY","BOB","MCCAVITT","PRESIDENT","HARRIS COUNTY MUD 208","16911 SHADY SQUARE CT",,"HOUSTON","TX","77095","4120","651-5401",,"1301 MCKINNEY ST","STE 5100","FULBRIGHT & JAWORSKI LLP","HOUSTON","TX","77010","3095","POINT (-95.361575016 29.755568015)"
"HARRIS","9000032","HARRIS COUNTY MUD 570D","Municipal Utility District","Active","RESPONSIBLE PARTY","JILL","PAVLAS","BOARD PRESIDENT","HARRIS COUNTY MUD 570D","1300 POST OAK BLVD STE 2400",,"HOUSTON","TX","77056","3044","(713)623-4531",,"1300 POST OAK BLVD","STE 2400",,"HOUSTON","TX","77056","3044","POINT (-95.460133038 29.753514994)"
"HARRIS","3737400","HARRIS COUNTY MUD 166","Municipal Utility District","Active","RESPONSIBLE PARTY","RICHARD","LOVE","PRESIDENT","HARRIS COUNTY MUD 166","1300 POST OAK BLVD STE 2400",,"HOUSTON","TX","77056","3044","(713)623-4531",,"1300 POST OAK BLVD","STE 1400","SCHWARTZ PAGE & HARDING LLP","HOUSTON","TX","77056","3078","POINT (-95.460133038 29.753514994)"
"HARRIS","7587000","SPANISH COVE PUD","Municipal Utility District","Active","RESPONSIBLE PARTY","ELDON","GIZINSKI","PRESIDENT","SPANISH COVE PUD","2727 ALLEN PKWY STE 1100",,"HOUSTON","TX","77019","2191","(713)652-6500",,"2727 ALLEN PKWY","STE 1100",,"HOUSTON","TX","77019","2191","POINT (-95.395606968 29.759715004)"
"HARRIS","3737060","HARRIS COUNTY MUD 6","Municipal Utility District","Active","RESPONSIBLE PARTY","SHIVER","NOLAN","PRESIDENT","HARRIS COUNTY MUD 6","3200 SOUTHWEST FWY STE 2600",,"HOUSTON","TX","77027","7537","(713)860-6400",,"3200 SOUTHWEST FREEWAY","STE 2600","ALLEN BOONE HUMPHRIES ROBINSON LLP","HOUSTON","TX","77027","7537","POINT (-95.428917993 29.730799994)"
"HARRIS","1207570","BAYBROOK MUD 1","Municipal Utility District","Active","RESPONSIBLE PARTY","MARK","HARDY","PRESIDENT","BAYBROOK MUD 1","3200 SOUTHWEST FWY STE 2600",,"HOUSTON","TX","77027","7537","(713)860-6400",,"3200 SOUTHWEST FWY","STE 2600","ALLEN BOONE HUMPHRIES ROBINSON LLP","HOUSTON","TX","77027","7597","POINT (-95.428917993 29.730799994)"
"HARRIS","3737750","HARRIS COUNTY MUD 280","Municipal Utility District","Active","RESPONSIBLE PARTY","LYNDON","SOMMER","PRESIDENT","HARRIS COUNTY MUD 280","1300 POST OAK BLVD STE 2400",,"HOUSTON","TX","77056","3044","(713)623-4531",,"1300 POST OAK BLVD","STE 1400","SCHWARTZ PAGE & HARDING LLP","HOUSTON","TX","77056","3078","POINT (-95.460133038 29.753514994)"
"HARRIS","3737752","HARRIS COUNTY MUD 281","Municipal Utility District","Active","RESPONSIBLE PARTY","ROBERT","CRAIN","PRESIDENT","HARRIS COUNTY MUD 281","1300 POST OAK BLVD STE 2400",,"HOUSTON","TX","77056","3044","(713)623-4531",,"1300 POST OAK BLVD","STE 1400","SCHWARTZ PAGE & HARDING LLP","HOUSTON","TX","77056","3078","POINT (-95.460133038 29.753514994)"
"HARRIS","3737255","HARRIS COUNTY MUD 524","Municipal Utility District","Active",,,,,,,,,,,,,,,,,,,,,
"HARRIS","3742103","HARRIS COUNTY MUD 498","Municipal Utility District","Active",,,,,,,,,,,,,,,,,,,,,
"HARRIS","8715000","WOODCREEK MUD","Municipal Utility District","Active","RESPONSIBLE PARTY","ROY","COOK","PRESIDENT","WOODCREEK MUD","23726 ARDMORE COVE DR",,"SPRING","TX","77386","4255","860-6400",,"6363 WOODWAY DR","STE 800",,"HOUSTON","TX","77057","1762","POINT (-95.496281001 29.755662018)"
"HARRIS","2286690","CIMARRON MUD","Municipal Utility District","Active","RESPONSIBLE PARTY","DAVID","JONES","PRESIDENT","CIMARRON MUD","3200 SOUTHWEST FWY STE 2600",,"HOUSTON","TX","77027","7537","(713)860-6400",,"3200 SOUTHWEST FWY","STE 2600","ALLEN BOONE HUMPHRIES ROBINSON LLP","HOUSTON","TX","77027","7537","POINT (-95.428917993 29.730799994)"
"HARRIS","7764000","TATTOR ROAD MUNICIPAL DISTRICT","Water Control and Improvement District","Active","RESPONSIBLE PARTY","FRANCES","BLAND","PRESIDENT","TATTOR ROAD MUD","2727 ALLEN PKWY STE 1100",,"HOUSTON","TX","77019","2191","(713)652-6500",,"2727 ALLEN PKWY","STE 1100","STE 1100","HOUSTON","TX","77019","2191","POINT (-95.395606968 29.759715004)"
"HARRIS","3737148","HARRIS COUNTY MUD 50","Municipal Utility District","Active","RESPONSIBLE PARTY","ALICE","DANGERFIELD","PRESIDENT","HARRIS COUNTY MUD 50","1550 LAMAR ST STE 2000",,"HOUSTON","TX","77010","4106","(713)651-5151",,"1550 LAMAR ST","STE 2000",,"HOUSTON","TX","77010","4106","POINT (-95.361 29.75294)"
"HARRIS","9000055","HARRIS COUNTY MUD 570B2","Municipal Utility District","Inactive","RESPONSIBLE PARTY","RANDALL","PHILLIP","DIRECTOR","HARRIS COUNTY MUD 570B2",,,,,,,,,,,,,,,,
"HARRIS","2412800","CYPRESS KLEIN UTILITY DISTRICT","Municipal Utility District","Active","RESPONSIBLE PARTY","DIANE","WHITE","VICE PRESIDENT","CYPRESS KLEIN UTILITY DISTRICT","1980 POST OAK BLVD STE 1380",,"HOUSTON","TX","77056","3970","(713)850-9000",,"1330 POST OAK BLVD","STE 2650",,"HOUSTON","TX","77056","3072","POINT (-95.46125 29.75313)"
"HARRIS","7811000","TRAIL OF THE LAKES MUD","Municipal Utility District","Active","RESPONSIBLE PARTY","CRYSTAL","KIRBY","PRESIDENT","TRAIL OF THE LAKES MUD","2929 ALLEN PKWY STE 3450",,"HOUSTON","TX","77019","7120","(713)237-1221",,"2929 ALLEN PKWY","STE 3450",,"HOUSTON","TX","77019","7120","POINT (-95.396718995 29.759934987)"
"HARRIS","3746845","HARRIS COUNTY MUD 538","Municipal Utility District","Active","RESPONSIBLE PARTY","WILLIAM","JORDAN","PRESIDENT","HARRIS COUNTY MUD 538","3200 SOUTHWEST FREEWAY","STE 2600","HOUSTON","TX","77027","7537","(713)860-6400",,"3200 SOUTHWEST FWY","STE 2600","C/O ALLEN BOONE HUMPHRIES ROBINSON LLP","HOUSTON","TX","77027","7537","POINT (-95.428917993 29.730799994)"
"HARRIS","5355000","LANGHAM CREEK UTILITY DISTRICT","Municipal Utility District","Active","RESPONSIBLE PARTY","LARRY","PEAK","PRESIDENT","LANGHAM CREEK UTILITY DISTRICT","1300 POST OAK BLVD STE 2400",,"HOUSTON","TX","77056","3044","(713)623-4531",,"1300 POST OAK BLVD","STE 2400","SCHWARTZ PAGE & HARDING LLP","HOUSTON","TX","77056","3078","POINT (-95.460133038 29.753514994)"
"HARRIS","3737362","HARRIS COUNTY MUD 152","Municipal Utility District","Active","RESPONSIBLE PARTY","ERNEST","BEZDEK","PRESIDENT","HARRIS COUNTY MUD 152","1550 LAMAR ST STE 2000",,"HOUSTON","TX","77010","4106","(713)651-5151",,"1550 LAMAR ST","STE 2000","NORTON ROSE FULBRIGHT US LLP","HOUSTON","TX","77010","4106","POINT (-95.361 29.75294)"
"HARRIS","7176000","RANKIN ROAD WEST MUD","Municipal Utility District","Active","RESPONSIBLE PARTY","KELVIN","SMITH","BOARD PRESIDENT","RANKIN ROAD WEST MUD","2727 ALLEN PKWY STE 1100",,"HOUSTON","TX","77019","2191","(713)652-6500",,"2727 ALLEN PKWY","STE 1100","SMITH MURDAUGH LITTLE & BONHAM LLP","HOUSTON","TX","77019","2191","POINT (-95.395606968 29.759715004)"
"HARRIS","3737354","HARRIS COUNTY MUD 148","Municipal Utility District","Active","RESPONSIBLE PARTY","VACANT","VACANT","PRESIDENT","HARRIS COUNTY MUD 148","2929 ALLEN PKWY STE 3150",,"HOUSTON","TX","77019","7126","(713)489-8977",,"2929 ALLEN PKWY","STE 3150",,"HOUSTON","TX","77019","7126","POINT (-95.396718995 29.759934987)"
"HARRIS","5052876","HARRIS COUNTY MUD 576","Municipal Utility District","Active","RESPONSIBLE PARTY","HENRY","CROSWELL IV","PRESIDENT","HARRIS COUNTY MUD 576","1300 POST OAK BOULEVARD","STE 2400","HOUSTON","TX","77056","3044","(713)623-4531",,"1300 POST OAK BOULEVARD",,"STE 240","HOUSTON","TX","77056","3044","POINT (-95.460133038 29.753514994)"
"HARRIS","2297000","CLEAR BROOK CITY MUD","Municipal Utility District","Active","RESPONSIBLE PARTY","JIM","BISHOP","PRESIDENT","CLEAR BROOK CITY MUD","11911 BLACKHAWK BLVD",,"HOUSTON","TX","77089","4220","(713)651-8353",,"11911 BLACKHAWK BLVD",,,"HOUSTON","TX","77089","4220","POINT (-95.22396 29.57186)"
"HARRIS","3736431","HARRIS COUNTY IMPROVEMENT DISTRICT 16","Municipal Management District","Inactive","RESPONSIBLE PARTY","F","WALTERS","PRESIDENT","HARRIS COUNTY IMPROVEMENT DISTRICT 16","3200 SOUTHWEST FWY STE 2600",,"HOUSTON","TX","77027","7537","(713)860-6400",,"3200 SOUTHWEST FWY","STE 2600","ALLEN BOONE HUMPHRIES ROBINSON LLP","HOUSTON","TX","77027","7537","POINT (-95.42861 29.730405)"
"HARRIS","3737212","HARRIS COUNTY MUD 82","Municipal Utility District","Active","RESPONSIBLE PARTY","JERRY","CHESNUTT","PRESIDENT","HARRIS COUNTY MUD 82","3200 SOUTHWEST FWY STE 2600",,"HOUSTON","TX","77027","7537","(713)860-6400",,"3200 SOUTHWEST FWY","STE 2600","ALLEN BOONE HUMPHRIES ROBINSON LLP","HOUSTON","TX","77027","7537","POINT (-95.42861 29.730405)"
"HARRIS","3727000","HARRIS COUNTY FWSD 51","Municipal Utility District","Active","RESPONSIBLE PARTY","JERRY","DOMINY","PRESIDENT","HARRIS COUNTY FWSD 51","3200 SOUTHWEST FREEWAY STE 2600",,"HOUSTON","TX","77027","7537","(713)860-6400",,"3200 SOUTHWEST FREEWAY","STE 2600","ALLEN BOONE HUMPHRIES ROBINSON LLP","HOUSTON","TX","77027","7537","POINT (-95.42861 29.730405)"
"HARRIS","3736938","HARRIS COUNTY IMPROVEMENT DISTRICT 11","Municipal Management District","Active",,,,,,,,,,,,,,,,,,,,,
"HARRIS","3737388","HARRIS COUNTY MUD 165","Municipal Utility District","Active","RESPONSIBLE PARTY","ALAN","BENTSON","PRESIDENT","HARRIS COUNTY MUD 165","3200 SOUTHWEST FWY STE 2600",,"HOUSTON","TX","77027","7537","(713)860-6400",,"3200 SOUTHWEST FWY","STE 2600","ALLEN BOONE HUMPHRIES ROBINSON LLP","HOUSTON","TX","77027","7537","POINT (-95.42861 29.730405)"
"HARRIS","3738409","HARRIS COUNTY MUD 381","Municipal Utility District","Active","RESPONSIBLE PARTY","RICHARD","LEWIS","PRESIDENT","HARRIS COUNTY MUD 381","3200 SOUTHWEST FWY","STE 2600","HOUSTON","TX","77027","7537","(713)860-6400",,"3200 SOUTHWEST FWY","STE 2600","ALLEN BOONE HUMPHRIES ROBINSON LLP","HOUSTON","TX","77027","7537","POINT (-95.42861 29.730405)"
"HARRIS","3737156","HARRIS COUNTY MUD 412","Municipal Utility District","Active","RESPONSIBLE PARTY","MARK","OEHL","PRESIDENT","HARRIS COUNTY MUD 412","3200 SOUTHWEST FWY STE 2600",,"HOUSTON","TX","77027","7537","(713)860-6400",,"3200 SOUTHWEST FWY","STE 2600","ALLEN BOONE HUMPHRIES ROBINSON LLP","HOUSTON","TX","77027","7537","POINT (-95.42861 29.730405)"
"HARRIS","2309000","COASTAL WATER AUTHORITY","Other","Active","RESPONSIBLE PARTY","D","KLOTZ","PRESIDENT","COASTAL WATER AUTHORITY","1160 DAIRY ASHFORD ST STE 500",,"HOUSTON","TX","77079","3098","(281)589-7257",,"1801 MAIN ST","STE 800",,"HOUSTON","TX","77002","8129","POINT (-95.36989 29.75057)"
"HARRIS","2890000","ENCHANTED PLACE PUD","Municipal Utility District","Inactive","RESPONSIBLE PARTY","DONALD","HALL","BOARD PRESIDENT","ENCHANTED PLACE PUD","PO BOX 39087",,"HOUSTON","TX","77039",,"(281)225-8876",,"10000 MEMORIAL DR","STE 260",,"HOUSTON","TX","77024","3430","POINT (-95.48184 29.77837)"
"HARRIS","8474545","WEST RANCH MANAGEMENT DISTRICT","Municipal Management District","Active","RESPONSIBLE PARTY","BRIAN","GIBSON","PRESIDENT","WEST RANCH MANAGEMENT DISTRICT","3200 SOUTHWEST FWY STE 2600",,"HOUSTON","TX","77027","7537","(713)860-6400",,"3200 SOUTHWEST FWY","STE 2600","ALLEN BOONE HUMPHRIES ROBINSON LLP","HOUSTON","TX","77027","7537","POINT (-95.42861 29.730405)"
"HARRIS","3737774","HARRIS COUNTY MUD 290","Municipal Utility District","Active","RESPONSIBLE PARTY","MICHELLE","DUEITT","PRESIDENT","HARRIS COUNTY MUD 290","3200 SOUTHWEST FWY STE 2600",,"HOUSTON","TX","77027","7537","(713)860-6400",,"3200 SOUTHWEST FWY","STE 2600","ALLEN BOONE HUMPHRIES ROBINSON LLP","HOUSTON","TX","77027","7597","POINT (-95.42861 29.730405)"
"HARRIS","3736675","HARRIS COUNTY IMPROVEMENT DISTRICT 22","Water Improvemnt District","Inactive","RESPONSIBLE PARTY","JAMES","BOONE","ATTORNEY","ALLEN BOONE HUMPHRIES ROBINSON LLP","3200 SOUTHWEST FWY STE 2600",,"HOUSTON","TX","77027","7537","(713)860-6400",,,,,,,,,
"HARRIS","3738403","HARRIS COUNTY MUD 375","Municipal Utility District","Inactive","RESPONSIBLE PARTY","DANIEL","KOLKHORST","BOARD PRESIDENT","HARRIS COUNTY MUD 375",,,,,,,,,"10000 MEMORIAL DR","STE 260",,"HOUSTON","TX","77024","3430","POINT (-95.48184 29.77837)"
"HARRIS","3737180","HARRIS COUNTY MUD 552","Municipal Utility District","Active","RESPONSIBLE PARTY","BEN","GILLIS","PRESIDENT","HARRIS COUNTY MUD 552","1330 POST OAK BLVD STE 2650",,"HOUSTON","TX","77056","3072","(713)850-9000",,"1330 POST OAK BLVD",,"SUITE 2650","HOUSTON","TX","77056","3970","POINT (-95.46125 29.75313)"
"HARRIS","7293000","ROBIN PUD","Municipal Utility District","Inactive","RESPONSIBLE PARTY","RAY","SIMS","BOARD PRESIDENT","ROBIN PUD","1100 LOUISIANA ST STE 400",,"HOUSTON","TX","77002","5211","(713)652-6500",,"1100 LOUISIANA ST","STE 400","SMITH MURDAUGH LITTLE & BONHAM LLP","HOUSTON","TX","77002","5211","POINT (-95.36843 29.7574)"
"HARRIS","5798010","MEADOWHILL REGIONAL MUD","Municipal Utility District","Active","RESPONSIBLE PARTY","ALAN","LICZWEK","PRESIDENT","MEADOWHILL REGIONAL MUD","2929 ALLEN PKWY STE 3150",,"HOUSTON","TX","77019","7100","(713)489-8977",,"2929 ALLEN PKWY","STE 3150","JOHNSON RADCLIFFE PETROV & BOBBITT PLLC","HOUSTON","TX","77019","7100","POINT (-95.39551 29.7612)"
"HARRIS","6041550","NORTHWEST HARRIS COUNTY MUD 16","Municipal Utility District","Active","RESPONSIBLE PARTY","JOSEPH","MILLSPAUGH","PRESIDENT","NORTHWEST HARRIS COUNTY MUD 16","2929 ALLEN PKWY STE 3150",,"HOUSTON","TX","77019","2118","(713)489-8977",,"2929 ALLEN PKWY","STE 3150",,"HOUSTON","TX","77019","2118","POINT (-95.39551 29.7612)"
"HARRIS","3737145","HARRIS COUNTY MUD 406","Municipal Utility District","Active","RESPONSIBLE PARTY","BRUCE","ARENDALE","PRESIDENT","HARRIS COUNTY MUD 406","3200 SOUTHWEST FWY STE 2600",,"HOUSTON","TX","77027","7537","(713)860-6400",,"3200 SOUTHWEST FWY","STE 2600","ALLEN BOONE HUMPHRIES ROBINSON LLP","HOUSTON","TX","77027","7537","POINT (-95.42861 29.730405)"
"HARRIS","5969000","NORTH BELT UTILITY DISTRICT","Municipal Utility District","Active","RESPONSIBLE PARTY","ANTHONY","DAVIS","PRESIDENT","NORTH BELT UTILITY DISTRICT","2727 ALLEN PKWY STE 1100",,"HOUSTON","TX","77019","2191","(713)652-6500",,"2727 ALLEN PKWY","STE 1100","SMITH MURDAUGH LITTLE & BONHAM LLP","HOUSTON","TX","77019","2191","POINT (-95.39427 29.76096)"
"HARRIS","2296000","CLAY ROAD MUD","Municipal Utility District","Active","RESPONSIBLE PARTY","SEMALEE","BILBREY","PRESIDENT","CLAY ROAD MUD","3200 SOUTHWEST FWY STE 2600",,"HOUSTON","TX","77027","7537","(713)860-6400",,"3200 SOUTHWEST FWY","STE 2600","ALLEN BOONE HUMPHRIES ROBINSON LLP","HOUSTON","TX","77027","7537","POINT (-95.42861 29.730405)"
"HARRIS","3737496","HARRIS COUNTY MUD 213A","Municipal Utility District","Active","RESPONSIBLE PARTY","W","MAXWELL","PRESIDENT","HARRIS COUNTY MUD 213-A","9 GREENWAY PLZ","STE 1000","HOUSTON","TX","77046","0900","(713)651-0111",,"9 GREENWAY PLZ","STE 1000","C/O COATS ROSE","HOUSTON","TX","77046","0900","POINT (-95.43381 29.7318)"
"HARRIS","5839500","MIDTOWN MANAGEMENT DISTRICT","Municipal Management District","Active","RESPONSIBLE PARTY","MATT","THIBODEUAX","EXECUTIVE DIRECTOR","MIDTOWN REDEVELOPMENT AUTHORITY","410 PIERCE ST STE 355",,"HOUSTON","TX","77002","8646","(713)526-7577",,"410 PIERCE ST","STE 355",,"HOUSTON","TX","77002","8646","POINT (-95.37539 29.75224)"
"HARRIS","7591650","SPRING BRANCH MANAGEMENT DISTRICT","Municipal Management District","Active","RESPONSIBLE PARTY","PATRICIA","MADDOX","PRESIDENT","SPRING BRANCH MANAGEMENT DISTRICT","PO BOX 22167",,"HOUSTON","TX","77227","2167","(713)595-1200",,"PO BOX 22167",,"HAWES HILL CALDERON LLP","HOUSTON","TX","77227","2167",
"HARRIS","6041580","NORTHWEST HARRIS COUNTY MUD 22","Municipal Utility District","Active","RESPONSIBLE PARTY","ANTHONY","SIDNEY","PRESIDENT","NORTHWEST HARRIS COUNTY MUD 22","5005 WOODWAY DR STE 201",,"HOUSTON","TX","77056","1711","(281)726-0474",,"5005 WOODWAY DR","STE 201",,"HOUSTON","TX","77056","1711","POINT (-95.46463 29.7617)"
"HARRIS","3737740","HARRIS COUNTY MUD 275","Municipal Utility District","Active","RESPONSIBLE PARTY","GEOFFREY","LONG","PRESIDENT","HARRIS COUNTY MUD 275","2727 ALLEN PKWY STE 1100",,"HOUSTON","TX","77019","2191","(713)652-6500",,"2727 ALLEN PKWY","STE 1100","SMITH MURDAUGH LITTLE & BONHAM LLP","HOUSTON","TX","77019","2191","POINT (-95.39427 29.76096)"
"HARRIS","4712000","INTERNATIONAL MANAGEMENT DISTRICT","Municipal Management District","Active","RESPONSIBLE PARTY","WEA","LEE","DIRECTOR","INTERNATIONAL MANAGEMENT DISTRICT","PO BOX 22167",,"HOUSTON","TX","77227","2167","(713)541-0447",,"PO BOX 22167",,"HAWES HILL CALDERON LLP","HOUSTON","TX","77227","2167",
"HARRIS","7281470","RICHEY ROAD MUD","Municipal Utility District","Active","RESPONSIBLE PARTY","DENNIS","CAIN","PRESIDENT","RICHEY ROAD MUD","2929 ALLEN PKWY STE 3150",,"HOUSTON","TX","77019","7100","(713)489-8977",,"2929 ALLEN PKWY","STE 3150","JOHNSON PETROV LLP","HOUSTON","TX","77019","7100","POINT (-95.39551 29.7612)"
"HARRIS","6041645","NORTHWEST HARRIS COUNTY MUD 27","Municipal Utility District","Inactive","RESPONSIBLE PARTY","JON","KIRK","BOARD PRESIDENT","NORTHWEST HARRIS COUNTY MUD 27","10777 WESTHEIMER RD STE 800",,"HOUSTON","TX","77042","3458","(713)784-6100",,"10000 MEMORIAL DR","STE 260",,"HOUSTON","TX","77024","3430","POINT (-95.48184 29.77837)"
"HARRIS","2252500","CAMFIELD MUD","Municipal Utility District","Active","RESPONSIBLE PARTY","SANDRA","SANTA MARIA","PRESIDENT","CAMFIELD MUD","1300 POST OAK BOULEVARD","STE 2400","HOUSTON","TX","77056","3044","(713)623-4531",,"1300 POST OAK BLVD","STE 1400","SCHWARTZ PAGE & HARDING LLP","HOUSTON","TX","77056","3078","POINT (-95.46004 29.75322)"
"HARRIS","3736650","HARRIS COUNTY IMPROVEMENT DISTRICT 21","Municipal Management District","Active",,,,,,,,,,,,,,,,,,,,,
"HARRIS","3737190","HARRIS COUNTY MUD 71","Municipal Utility District","Active","RESPONSIBLE PARTY","PAM","KERR","PRESIDENT","HARRIS COUNTY MUNICIPAL UTILITY DISTRICT 71","3200 SOUTHWEST FWY STE 2600",,"HOUSTON","TX","77027","7537","(713)860-6400",,"3200 SOUTHWEST FWY","STE 2600","ALLEN BOONE HUMPHRIES ROBINSON LLP","HOUSTON","TX","77027","7537","POINT (-95.42861 29.730405)"
"HARRIS","5787200","HARRIS-LIBERTY COUNTIES MUD 1","Municipal Utility District","Inactive","RESPONSIBLE PARTY","I","MAY","BOARD PRESIDENT","MAY PUD","1100 LOUISIANA ST STE 400",,"HOUSTON","TX","77002","5211","(713)652-6500",,"1100 LOUISIANA ST","STE 400","SMITH MURDAUGH LITTLE & BONHAM LLP","HOUSTON","TX","77002","5211","POINT (-95.36843 29.7574)"
"HARRIS","3738434","HARRIS COUNTY MUD 388","Municipal Utility District","Inactive","RESPONSIBLE PARTY","STEVEN","GELLIA","PRESIDENT","HARRIS COUNTY MUD 388","1300 POST OAK BLVD STE 1400",,"HOUSTON","TX","77056","3078","(713)623-4531",,"1300 POST OAK BLVD","STE 1400","SCHWARTZ PAGE & HARDING LLP","HOUSTON","TX","77056","3078","POINT (-95.46015 29.75257)"
"HARRIS","2412350","CY FAIR COMMUNITY IMPROVEMENT DISTRICT","Municipal Management District","Inactive","RESPONSIBLE PARTY","MIKE","BUBELA","PRESIDENT","CY FAIR COMMUNITY IMPROVEMENT DISTRICT",,,,,,,,,,,,,,,,
"HARRIS","3738370","HARRIS COUNTY MUD 371","Municipal Utility District","Active","RESPONSIBLE PARTY","STEPHEN","JESTER","PRESIDENT","HARRIS COUNTY MUD 371","2727 ALLEN PKWY STE 1100",,"HOUSTON","TX","77019","2191","(713)652-6500",,"2727 ALLEN PKWY","STE 1100","SMITH MURDAUGH LITTLE & BONHAM LLP","HOUSTON","TX","77019","2191","POINT (-95.39427 29.76096)"
"HARRIS","4665000","HOUSTON DOWNTOWN MANAGEMENT DISTRICT","Municipal Management District","Active","RESPONSIBLE PARTY","DONALD","HENDERSON","PRESIDENT","HOUSTON DOWNTOWN MANAGEMENT DISTRICT","909 FANNIN STE 1650",,"HOUSTON","TX","77010","1024","(713)650-3022",,"909 FANNIN","STE 1650",,"HOUSTON","TX","77010","1024","POINT (-95.36376 29.75678)"
"HARRIS","8370000","WALLER TOWN CENTER MANAGEMENT DISTRICT","Municipal Management District","Active",,,,,,,,,,,,,,"3200 SOUTHWEST FWY","STE 2600","ALLEN BOONE HUMPHRIES ROBINSON LLP","HOUSTON","TX","77027","7537","POINT (-95.42861 29.730405)"
"HARRIS","9000090","HARRIS COUNTY IMPROVEMENT DISTRICT 29","Other","Inactive","RESPONSIBLE PARTY","CHARLES","LUSK III","DIRECTOR","HARRIS COUNTY IMPROVEMENT DISTRICT 29",,,,,,,,,,,,,,,,
"HARRIS","3047000","FIVE CORNERS IMPROVEMENT DISTRICT","Municipal Management District","Active","RESPONSIBLE PARTY","HOMER","CLARK","CHAIRMAN","FIVE CORNERS IMPROVEMENT DISTRICT","PO BOX 22167",,"HOUSTON","TX","77227","2167","(713)595-1200",,"PO BOX 22167",,,"HOUSTON","TX","77227","2167",
"HARRIS","985700","EAST ALDINE MANAGEMENT DISTRICT","Municipal Management District","Active","RESPONSIBLE PARTY","GERALD","OVERTURFF","CHAIRMAN","EAST ALDINE MANAGEMENT DISTRICT","PO BOX 22167",,"HOUSTON","TX","77227","2167","(713)595-1200",,"PO BOX 22167",,"HAWES HILL CALDERON LLP","HOUSTON","TX","77227","2167",
"HARRIS","3745000","HARRIS COUNTY WCID-FONDREN ROAD","Water Control and Improvement District","Active","RESPONSIBLE PARTY","DENNIS","GIUFFRE","PRESIDENT","HARRIS COUNTY WCID-FONDREN ROAD","1330 Post Oak Blvd Ste 2650",,"HOUSTON","TX","77056","3970","(713)850-9000",,"1330 POST OAK BLVD","STE 2650","SANFORD KUHL HAGAN KUGLE PARKER KAHN LLP","HOUSTON","TX","77056","3970","POINT (-95.46125 29.75313)"
"HARRIS","3737364","HARRIS COUNTY MUD 153","Municipal Utility District","Active","RESPONSIBLE PARTY","SAM","CLAYTOR","PRESIDENT","HARRIS COUNTY MUD 153","1301 MCKINNEY ST STE 5100",,"HOUSTON","TX","77010","3093","(713)651-5581",,"1301 MCKINNEY ST","STE 5100","FULBRIGHT & JAWORSKI LLP","HOUSTON","TX","77010","3095","POINT (-95.36188 29.75512)"
"HARRIS","3737200","HARRIS COUNTY MUD 421","Municipal Utility District","Active","RESPONSIBLE PARTY","MARK","YOKEM","PRESIDENT","HARRIS COUNTY MUD 421","2727 ALLEN PKWY STE 1100",,"HOUSTON","TX","77019","2191","(713)652-6500",,"2727 ALLEN PKWY","STE 1100","SMITH MURDAUGH LITTLE & BONHAM LLP","HOUSTON","TX","77019","2191","POINT (-95.39427 29.76096)"
"HARRIS","5947350","NEAR NORTHSIDE MANAGEMENT DISTRICT","Municipal Management District","Active",,,,,,,,,,,,,,,,,,,,,
"HARRIS","5890500","MOUNT HOUSTON ROAD MUD","Municipal Utility District","Active","RESPONSIBLE PARTY","MATTHEW","ZEVE","PRESIDENT","MOUNT HOUSTON ROAD MUD","1330 POST OAK BLVD STE 2650",,"HOUSTON","TX","77056","3970","(713)850-9000",,"1330 POST OAK BLVD","STE 2650",,"HOUSTON","TX","77056","3970","POINT (-95.46125 29.75313)"
"HARRIS","3738952","HARRIS COUNTY MUD 551","Municipal Utility District","Active","RESPONSIBLE PARTY","BRIAN","SEILER","PRESIDENT","HARRIS COUNTY MUD 551","1330 POST OAK BLVD STE 2650",,"HOUSTON","TX","77056","3072","(713)850-9000",,"1330 POST OAK BLVD","STE 2650","C/O SANFORD KUHL HAGAN KUGLE PARKER KAHN LLP","HOUSTON","TX","77056","3072","POINT (-95.46125 29.75313)"
"HARRIS","3737346","HARRIS COUNTY MUD 144","Municipal Utility District","Active","RESPONSIBLE PARTY","BOB","FORD","PRESIDENT","HARRIS COUNTY MUD 144","6727 MISTFLOWER LN",,"KATY","TX","77449","4441","228-6468",,"6363 WOODWAY DR","STE 800",,"HOUSTON","TX","77057","1762","POINT (-95.49651 29.75601)"
"HARRIS","3737353","HARRIS COUNTY MUD 520","Municipal Utility District","Inactive",,,,,,,,,,,,,,,,,,,,,
"HARRIS","1213000","BEAR CREEK MUD","Municipal Utility District","Inactive",,,,,,,,,,,,,,"1300 POST OAK BLVD","STE 1400",,"HOUSTON","TX","77056","3078","POINT (-95.46004 29.75322)"
"HARRIS","3737426","HARRIS COUNTY MUD 179","Municipal Utility District","Active","RESPONSIBLE PARTY","BUDDY","MYERS","PRESIDENT","HARRIS COUNTY MUD 179","15203 NEW HASTING DRIVE",,"HOUSTON","TX","77095","2930","(281)413-5132",,"1301 MCKINNEY ST","STE 4100","Todd B. Brewer","HOUSTON","TX","77010","3096","POINT (-95.36188 29.75512)"
"HARRIS","3739500","HARRIS COUNTY ROAD IMPROVEMENT DISTRICT 2","Other","Active","RESPONSIBLE PARTY","ASHLYN","TANKERSLEY","PRESIDENT","HARRIS COUNTY ROAD IMPROVEMENT DISTRICT 2","3200 SOUTHWEST FWY STE 2600",,"HOUSTON","TX","77027","7537",,,"3200 SOUTHWEST FWY","STE 2600",,"HOUSTON","TX","77027","7537","POINT (-95.42861 29.730405)"
"HARRIS","3736688","HARRIS COUNTY IMPROVEMENT DISTRICT 23","Municipal Management District","Active","RESPONSIBLE PARTY","ADAM","WILLIAMS","PRESIDENT","HARRIS COUNTY IMPROVEMENT DISTRICT 23","3200 SOUTHWEST FWY STE 2600",,"HOUSTON","TX","77027","7537","(713)860-6400",,"3200 SOUTHWEST FWY","STE 2600",,"HOUSTON","TX","77027","7537","POINT (-95.42861 29.730405)"
"HARRIS","1207450","BAYBROOK MANAGEMENT DISTRICT","Other","Active","RESPONSIBLE PARTY","STEPHEN","POHL","BOARD PRESIDENT","BAYBROOK MANAGEMENT DISTRICT","1560 W BAY AREA BLVD STE 350",,"FRIENDSWOOD","TX","77546","2676","(281)480-5066",,"3200 SOUTHWEST FWY","STE 2600",,"HOUSTON","TX","77027","7537","POINT (-95.42861 29.730405)"
"HARRIS","8472930","WEST HARRIS COUNTY MUD 6","Municipal Utility District","Active","RESPONSIBLE PARTY","MARSHALL","COHEN","BOARD PRESIDENT","WEST HARRIS COUNTY MUD 6","13402 Katy Knoll Court",,"HOUSTON","TX","77082","3468","(713)202-3959",,"6363 WOODWAY DRIVE","STE 800","WALLACE & PHILBIN LLP","HOUSTON","TX","77057","1762","POINT (-95.49644 29.75603)"
"HARRIS","3738404","HARRIS COUNTY MUD 376","Municipal Utility District","Inactive","RESPONSIBLE PARTY","ROBYN","DOYLE","BOARD PRESIDENT","HARRIS COUNTY MUD 376",,,,,,,,,"3200 SOUTHWEST FWY","STE 2600",,"HOUSTON","TX","77027","7597","POINT (-95.42861 29.730405)"
"HARRIS","7510001","SAINT GEORGE PLACE MANAGEMENT DISTRICT","Municipal Management District","Active","RESPONSIBLE PARTY","BILL","HUTZ","PRESIDENT","SAINT GEORGE PLACE MD","PO BOX 22167",,"HOUSTON","TX","77227","2167","(713)595-1200",,"PO BOX 22167",,"Hawes HIll Calderon LLP","HOUSTON","TX","77227","2167",
"HARRIS","3995000","HARRIS COUNTY WCID 50","Water Control and Improvement District","Active","RESPONSIBLE PARTY","MARIO","RUNCO","PRESIDENT","HARRIS COUNTY WCID 50","1122 CEDAR LN",,"EL LAGO","TX","77586","6004","(281)326-5573",,"2727 ALLEN PKWY","STE 1100",,"HOUSTON","TX","77019","2191","POINT (-95.39427 29.76096)"
"HARRIS","3742080","HARRIS COUNTY MUD 476","Municipal Utility District","Inactive",,,,,,,,,,,,,,,,,,,,,
"HARRIS","2055425","HARRIS COUNTY MUD 425","Municipal Utility District","Active",,,,,,,,,,,,,,,,,,,,,
"HARRIS","5357100","LA PORTE AREA WATER AUTHORITY","Other","Active","RESPONSIBLE PARTY","STEVE","VALERIUS","PRESIDENT","LA PORTE AREA WATER AUTHORITY","140 HAZEL ST",,"LA PORTE","TX","77571","6479","(713)453-1406",,"604 W FAIRMONT PKWY",,,"LA PORTE","TX","77571","6215","POINT (-95.02447 29.6525)"
"HARRIS","8881000","HARRIS COUNTY MUD 531","Municipal Utility District","Active","RESPONSIBLE PARTY","PAUL","WHITE","PRESIDENT","HARRIS COUNTY MUD 531","3200 SOUTHWEST FWY STE 2600",,"HOUSTON","TX","77027","7537","(713)860-6400",,"3200 SOUTHWEST FWY","STE 2600","c/o ALLEN BOONE HUMPHRIES ROBINSON, LLP","HOUSTON","TX","77027","7537","POINT (-95.42861 29.730405)"
"HARRIS","3737495","HARRIS-WALLER COUNTIES MUD 11","Municipal Utility District","Inactive",,,,,,,,,,,,,,,,,,,,,
"HARRIS","3736963","HOBBY AREA DISTRICT","Municipal Management District","Active","RESPONSIBLE PARTY","DANNY","PERKINS","CHAIRMAN","HOBBY AREA DISTRICT","8121 BROADWAY ST","Suite 199","HOUSTON","TX","77061","1342","(832)703-1103",,"8121 BROADWAY",,"Suite 199","HOUSTON","TX","77061","6736","POINT (-95.27709 29.6753)"
"HARRIS","4225000","HARRIS COUNTY WCID 96","Water Control and Improvement District","Active","RESPONSIBLE PARTY","LONNIE","JACKSON","PRESIDENT","HARRIS COUNTY WCID 96","1330 POST OAK BLVD STE 2650",,"HOUSTON","TX","77056","3072","(713)850-9000",,"1330 POST OAK BLVD","STE 2650","SANFORD KUHL HAGAN KUGLE PARKER KAHN LLP","HOUSTON","TX","77056","3072","POINT (-95.46125 29.75313)"
"HARRIS","4418006","KATY MANAGEMENT DISTRICT 1","Municipal Management District","Active","RESPONSIBLE PARTY","DONALD","COX","BOARD PRESIDENT","KATY MANAGEMENT DISTRICT 1","2611 AVENUE D",,"KATY","TX","77493","1228","(281)395-8333",,"3200 SOUTHWEST FWY","STE 2600","ALLEN BOONE HUMPHRIES LLP","HOUSTON","TX","77027","7537","POINT (-95.42861 29.730405)"
"HARRIS","3737412","HARRIS COUNTY MUD 172","Municipal Utility District","Active","RESPONSIBLE PARTY","JERRY","FOLMAR","PRESIDENT","HARRIS COUNTY MUD 172","2727 ALLEN PKWY STE 1100",,"HOUSTON","TX","77019","2191","(713)652-6500",,"2727 ALLEN PKWY","STE 1100","SMITH MURDAUGH LITTLE & BONHAM LLP","HOUSTON","TX","77019","2191","POINT (-95.39427 29.76096)"
"HARRIS","3737166","HARRIS COUNTY MUD 462","Municipal Utility District","Inactive","RESPONSIBLE PARTY","DAVID","PAVLESIC",,"HARRIS COUNTY MUD 462",,,,,,,,,,,,,,,,
"HARRIS","8472998","WEST HARRIS COUNTY RWA","Other","Active","RESPONSIBLE PARTY","ERIC","HANSEN","PRESIDENT","WEST HARRIS COUNTY REGIONAL WATER AUTHORITY","3200 SOUTHWEST FWY STE 2600",,"HOUSTON","TX","77027","7537","(713)860-6400",,"3200 SOUTHWEST FWY","STE 2600","ALLEN BOONE HUMPHRIES ROBINSON LLP","HOUSTON","TX","77027","7537","POINT (-95.42861 29.730405)"
"HARRIS","3738144","HARRIS COUNTY MUD 452","Municipal Utility District","Inactive",,,,,,,,,,,,,,,,,,,,,
"HARRIS","2412300","CY CHAMP PUD","Municipal Utility District","Active","RESPONSIBLE PARTY","RON","WALKOVIAK","PRESIDENT","CY CHAMP PUD","4201 FM 1960 W STE 465",,"HOUSTON","TX","77068","3447","(281)645-6780",,"10000 MEMORIAL DR","STE 260","C/O YOUNG & BROOKS","HOUSTON","TX","77024","3430","POINT (-95.48184 29.77837)"
"HARRIS","3737174","HARRIS COUNTY MUD 63","Municipal Utility District","Active","RESPONSIBLE PARTY","KATHY","JONES","PRESIDENT","HARRIS COUNTY MUD 63","11111 KATY FWY STE 535",,"HOUSTON","TX","77079","2110","(713)273-1377",,"10000 MEMORIAL DR","STE 260","YOUNG & BROOKS","HOUSTON","TX","77024","3430","POINT (-95.48184 29.77837)"
"HARRIS","3737384","HARRIS COUNTY MUD 163","Municipal Utility District","Active","RESPONSIBLE PARTY","SHANNON","BIRDWELL","PRESIDENT","HARRIS COUNTY MUD 163","1301 MCKINNEY ST STE 5100",,"HOUSTON","TX","77010","3093","(713)651-5401",,"1301 MCKINNEY ST","STE 5100","FULBRIGHT & JAWORSKI LLP","HOUSTON","TX","77010","3095","POINT (-95.36188 29.75512)"
"HARRIS","3737366","HARRIS COUNTY MUD 154","Municipal Utility District","Active","RESPONSIBLE PARTY","JUDY","MADISON","PRESIDENT","HARRIS COUNTY MUD 154","1301 MCKINNEY ST STE 5100",,"HOUSTON","TX","77010","3095","(713)651-5581",,"1301 MCKINNEY ST","STE 5100","FULBRIGHT & JAWORSKI LLP","HOUSTON","TX","77010","3093","POINT (-95.36188 29.75512)"
"HARRIS","5326250","LAKEWOOD MUD 1","Municipal Utility District","Inactive",,,,,,,,,,,,,,,,,,,,,
"HARRIS","3632028","HARRIS COUNTY MUD 429","Municipal Utility District","Active","RESPONSIBLE PARTY","DON","HALEY","PRESIDENT","HARRIS COUNTY MUD 429","3200 SOUTHWEST FWY STE 2600",,"HOUSTON","TX","77027","7537","(713)860-6400",,"3200 SOUTHWEST FWY","STE 2600",,"HOUSTON","TX","77027","7537","POINT (-95.42861 29.730405)"
"HARRIS","3413100","NORTH HOUSTON DISTRICT","Municipal Management District","Active","RESPONSIBLE PARTY","GREG","SIMPSON","CHAIRMAN","NORTH HOUSTON DISTRICT","16945 Northchase Dr STE 1900",,"HOUSTON","TX","77060","3218","(281)874-2144",,"16945 NORTHCHASE DR","STE 1900","JEANNE H MCDONALD PC","HOUSTON","TX","77060","2140","POINT (-95.40587 29.9475)"
"HARRIS","3737161","HARRIS COUNTY MUD 422","Municipal Utility District","Active","RESPONSIBLE PARTY","NORMAN","SCHOLES","PRESIDENT","HARRIS COUNTY MUD 422","3200 SOUTHWEST FWY STE 2600",,"HOUSTON","TX","77027","7537","(713)860-6400",,"3200 SOUTHWEST FWY","STE 2600","ALLEN BOONE HUMPHRIES ROBINSON LLP","HOUSTON","TX","77027","7537","POINT (-95.42861 29.730405)"
"HARRIS","3736600","HARRIS COUNTY IMPROVEMENT DISTRICT 20","Municipal Management District","Active",,,,,,,,,,,,,,,,,,,,,
"HARRIS","2283350","CHELFORD ONE MUD","Municipal Utility District","Active","RESPONSIBLE PARTY","MICHAEL","MARTIN","PRESIDENT","CHELFORD ONE MUD","3200 SOUTHWEST FWY STE 2600",,"HOUSTON","TX","77027","7537","(713)860-6400",,"3200 SOUTHWEST FWY","STE 2600","ALLEN BOONE HUMPHRIES ROBINSON LLP","HOUSTON","TX","77027","7537","POINT (-95.42861 29.730405)"
"HARRIS","3630000","HARRIS COUNTY FCD","Other","Active","RESPONSIBLE PARTY","VINCE","RYAN","ATTORNEY","HARRIS COUNTY FCD","1019 CONGRESS ST FL 15",,"HOUSTON","TX","77002","1799","(713)755-5105",,"9900 NORTHWEST FWY",,,"HOUSTON","TX","77092","8619","POINT (-95.45269 29.80538)"
"HARRIS","3737144","HARRIS COUNTY MUD 48","Municipal Utility District","Active","RESPONSIBLE PARTY","THEODORE","PAGE","PRESIDENT","HARRIS COUNTY MUD 48","3355 W ALABAMA ST STE 350",,"HOUSTON","TX","77098","7120","(713)237-1221",,"3355 W ALABAMA ST","STE 350","RADCLIFFE BOBBITT ADAMS POLLEY PLLC","HOUSTON","TX","77098","7120","POINT (-95.42807 29.73836)"
"HARRIS","6205100","OLD TOWN SPRING IMPROVEMENT DISTRICT","Municipal Management District","Active",,,,,,,,,,,,,,,,,,,,,
"HARRIS","8472940","WEST HARRIS COUNTY MUD 7","Municipal Utility District","Active","RESPONSIBLE PARTY","BILL","WELDON","BOARD PRESIDENT","WEST HARRIS COUNTY MUD 7","2727 ALLEN PKWY STE 1100",,"HOUSTON","TX","77019","2191","(713)652-6500",,"2727 ALLEN PKWY","STE 1100",,"HOUSTON","TX","77019","2191","POINT (-95.39427 29.76096)"
"HARRIS","3736920","HARRIS COUNTY IMPROVEMENT DISTRICT 8","Municipal Management District","Inactive","RESPONSIBLE PARTY","JEFF","LAGOW","PRESIDENT","HARRIS COUNTY IMPROVEMENT DISTRICT 8","3200 SOUTHWEST FWY STE 2600",,"HOUSTON","TX","77027","7537","(713)860-6400",,"3200 SOUTHWEST FWY","STE 2600",,"HOUSTON","TX","77027","7537","POINT (-95.42861 29.730405)"
"HARRIS","3737130","HARRIS COUNTY MUD 411","Municipal Utility District","Active","RESPONSIBLE PARTY","ANDY","PARKER","PRESIDENT","HARRIS COUNTY MUD 411","3200 SOUTHWEST FWY STE 2600","C/O ABHR","HOUSTON","TX","77027","7537","(713)860-6400",,"3200 SOUTHWEST FWY","STE 2600","ALLEN BOONE HUMPHRIES ROBINSON LLP","HOUSTON","TX","77027","7537","POINT (-95.42861 29.730405)"
"HARRIS","3099500","FOUNTAINHEAD MUD","Municipal Utility District","Active","RESPONSIBLE PARTY","SIDNEY","HUBBARD","PRESIDENT","FOUNTAINHEAD MUD","4622 CHRISTOPHER PL",,"HOUSTON","TX","77066","1707","880-3800",,"5120 BAYARD LN",,"MICHAEL A COLE PC","HOUSTON","TX","77006","6512","POINT (-95.3919 29.72713)"
"HARRIS","1214574","HARRIS COUNTY MUD 483","Municipal Utility District","Inactive",,,,,,,,,,,,,,,,,,,,,
"HARRIS","3736833","MONTROSE MANAGEMENT DISTRICT","Municipal Management District","Active","RESPONSIBLE PARTY","MICHAEL","GROVER","PRESIDENT","WEST MONTROSE MANAGEMENT DISTRICT","514 HEIGHTS BLVD",,"HOUSTON","TX","77007","2522","(713)225-6511",,"1001 FANNIN ST","STE 2300",,"HOUSTON","TX","77002","6736","POINT (-95.36433 29.75608)"
"HARRIS","3737159","HARRIS COUNTY MUD 416","Municipal Utility District","Active","RESPONSIBLE PARTY","CHRISTOPHER","HUGHES","PRESIDENT","HARRIS COUNTY MUD 416","2727 ALLEN PKWY STE 1100",,"HOUSTON","TX","77019","2191","(713)652-6500",,"2727 ALLEN PKWY","STE 1100","SMITH MURDAUGH LITTLE & BONHAM LLP","HOUSTON","TX","77019","2191","POINT (-95.39427 29.76096)"
"HARRIS","4241320","HARRIS COUNTY WCID 132","Municipal Utility District","Active","RESPONSIBLE PARTY","TERRY","WILLIAMS","PRESIDENT","HARRIS COUNTY WCID 132","1330 POST OAK BLVD STE 2650",,"HOUSTON","TX","77056","3970","(713)850-9000",,"1330 POST OAK BLVD","STE 2650",,"HOUSTON","TX","77056","5650","POINT (-95.46125 29.75313)"
"HARRIS","3747156","HARRIS COUNTY MUD 536","Municipal Utility District","Active","RESPONSIBLE PARTY","JOSEPH","FORRESTER","BOARD PRESIDENT","HARRIS COUNTY MUD 536","1300 POST OAK BLVD STE 1400",,"HOUSTON","TX","77056","3078","(713)623-4531",,"1300 POST OAK BLVD","STE 1400",,"HOUSTON","TX","77056","3078","POINT (-95.46015 29.75257)"
"HARRIS","3736407","HARRIS COUNTY IMPROVEMENT DISTRICT 15","Municipal Management District","Active","RESPONSIBLE PARTY","RICHARD","MARRIOTT","PRESIDENT","HARRIS COUNTY IMPROVEMENT DISTRICT 15","3200 SOUTHWEST FWY STE 2600",,"HOUSTON","TX","77027","7537","(713)860-6400",,"3200 SOUTHWEST FWY","STE 2600","ALLEN BOONE HUMPHRIES ROBINSON LLP","HOUSTON","TX","77027","7537","POINT (-95.42861 29.730405)"
"HARRIS","7593900","STADIUM PARK MANAGEMENT DISTRICT","Municipal Management District","Inactive",,,,,,,,,,,,,,,,,,,,,
"HARRIS","3650000","HARRIS COUNTY FWSD 6","Fresh Water Supply District","Active","RESPONSIBLE PARTY","GARY","OBRIAN","CHAIRMAN","HARRIS COUNTY FWSD 6","822 HARDING ST",,"CHANNELVIEW","TX","77530","4604","(281)452-2232",,"15902 MARKET ST",,,"CHANNELVIEW","TX","77530","4510","POINT (-95.12206 29.77259)"
"HARRIS","3738300","HARRIS COUNTY MUD 368","Municipal Utility District","Active","RESPONSIBLE PARTY","ROY","LACKEY","PRESIDENT","HARRIS COUNTY MUD 368","2929 ALLEN PKWY STE 3150",,"HOUSTON","TX","77019","7126","(713)489-8977",,"2929 ALLEN PKWY","STE 3150",,"HOUSTON","TX","77019","7100","POINT (-95.39551 29.7612)"
"HARRIS","7589000","SPENCER ROAD PUD","Municipal Utility District","Active","RESPONSIBLE PARTY","WAYNE","AHRENS","BOARD PRESIDENT","SPENCER ROAD PUD","6363 WOODWAY DR STE 725",,"HOUSTON","TX","77057","1799","(713)783-4120",,"6363 WOODWAY DR","STE 725","PAUL A PHILBIN AND ASSOCIATES","HOUSTON","TX","77057","1799","POINT (-95.49651 29.75601)"
"HARRIS","3737834","HARRIS COUNTY MUD 319","Municipal Utility District","Active","RESPONSIBLE PARTY","MARK","JANIK","PRESIDENT","HARRIS COUNTY MUD 319","3200 SOUTHWEST FWY STE 2600",,"HOUSTON","TX","77027","7537","(713)860-6400",,"3200 SOUTHWEST FWY","STE 2600","C/O ALLEN BOONE HUMPHRIES ROBINSON LLP","HOUSTON","TX","77027","7537","POINT (-95.42861 29.730405)"
"HARRIS","3737453","HARRIS COUNTY MUD 519","Municipal Utility District","Inactive",,,,,,,,,,,,,,,,,,,,,
"HARRIS","8474000","WESTON MUD","Municipal Utility District","Active","RESPONSIBLE PARTY","TIMOTHY","CONNOLLY","PRESIDENT","WESTON MUD","1301 MCKINNEY ST STE 5100",,"HOUSTON","TX","77010","3093",,,"1301 MCKINNEY ST","STE 5100","FULBRIGHT AND JAWORSKI","HOUSTON","TX","77010","3093","POINT (-95.36188 29.75512)"
"HARRIS","3737318","HARRIS COUNTY MUD 130","Municipal Utility District","Active","RESPONSIBLE PARTY","MARC","WEBSTER","PRESIDENT","HARRIS COUNTY MUD 130","1330 POST OAK BLVD STE 2650",,"HOUSTON","TX","77056","3072","(713)850-9000",,"1330 POST OAK BLVD","STE 2650",,"HOUSTON","TX","77056","3072","POINT (-95.46125 29.75313)"
"HARRIS","3737600","HARRIS COUNTY MUD 250","Municipal Utility District","Active","RESPONSIBLE PARTY","STEPHANIE","YOUNG","PRESIDENT","HARRIS COUNTY MUD 250","14830 FAIRWAY SQUARE DR",,"HOUSTON","TX","77084","6242","(713)857-4047",,"6363 WOODWAY DR","STE 800","BACON & WALLACE LLP","HOUSTON","TX","77057","1762","POINT (-95.49651 29.75601)"
"HARRIS","3737136","HARRIS COUNTY MUD 44","Municipal Utility District","Active","RESPONSIBLE PARTY","ROLF","FLEMMING","PRESIDENT","HARRIS COUNTY MUD 44","1330 POST OAK BOULEVARD","SUITE 2650","HOUSTON","TX","77056","3970","(713)850-9000",,"1330 POST OAK BLVD","STE 2650","SANFORD KUHL HAGAN KUGLE PARKER KAHN LLP","HOUSTON","TX","77056","3970","POINT (-95.46125 29.75313)"
"HARRIS","8472987","WEST HARRIS COUNTY MUD 21","Municipal Utility District","Active","RESPONSIBLE PARTY","KURT","ADKINS","PRESIDENT","WEST HARRIS COUNTY MUD 21","3800 SOUTHWEST FWY",,"HOUSTON","TX","77027","7574","(713)805-4861",,"10000 MEMORIAL DR","STE 260","YOUNG & BROOKS","HOUSTON","TX","77024","3430","POINT (-95.48184 29.77837)"
"HARRIS","3737116","HARRIS COUNTY MUD 451","Municipal Utility District","Active","RESPONSIBLE PARTY","ZAR","GARCIA","PRESIDENT","HARRIS COUNTY MUD 451","3200 SOUTHWEST FWY STE 2600",,"HOUSTON","TX","77027","7537","(713)860-6400",,"3200 SOUTHWEST FWY","STE 2600","ALLEN BOONE HUMPHRIES ROBINSON LLP","HOUSTON","TX","77027","7537","POINT (-95.42861 29.730405)"
"HARRIS","8537000","WHITE OAK BEND MUD","Municipal Utility District","Active","RESPONSIBLE PARTY","JIM","PODLESNEY","PRESIDENT","WHITE OAK BEND MUD","3355 W ALABAMA ST STE 350",,"HOUSTON","TX","77098","7120","(713)237-1221",,"3355 W ALABAMA ST","STE 350","RADCLIFFE BOBBITT ADAMS POLLEY PLLC","HOUSTON","TX","77098","7120","POINT (-95.42807 29.73836)"
"HARRIS","9000009","HARRIS COUNTY MUD 570","Municipal Utility District","Inactive",,,,,,,,,,,,,,,,,,,,,
"HARRIS","3737186","HARRIS COUNTY MUD 69","Municipal Utility District","Active","RESPONSIBLE PARTY","BENJAMIN","WILKERSON","PRESIDENT","HARRIS COUNTY MUD 69","11342 ROUSSEAU DR",,"HOUSTON","TX","77065","2030","(281)890-4958",,"3200 SOUTHWEST FWY","STE 2600","ALLEN BOONE HUMPHRIES ROBINSON LLP","HOUSTON","TX","77027","7537","POINT (-95.42861 29.730405)"
"HARRIS","3737084","HARRIS COUNTY MUD 18","Municipal Utility District","Active","RESPONSIBLE PARTY","ROBERT","BERNARDINI","PRESIDENT","HARRIS COUNTY MUD 18","3200 SOUTHWEST FWY STE 2600",,"HOUSTON","TX","77027","7537","(713)860-6400",,"3200 SOUTHWEST FWY","STE 2600","ALLEN BOONE HUMPHRIES ROBINSON LLP","HOUSTON","TX","77027","7537","POINT (-95.42861 29.730405)"
"HARRIS","3737058","HARRIS COUNTY MUD 5","Municipal Utility District","Active","RESPONSIBLE PARTY","FELICIA","YOUNG","PRESIDENT","HARRIS COUNTY MUD 5","3355 W ALABAMA ST STE 350",,"HOUSTON","TX","77098","1866","(713)942-9922",,"3355 W ALABAMA ST","STE 350","MARKS RICHARDSON PC","HOUSTON","TX","77098","1866","POINT (-95.42765 29.73837)"
"HARRIS","3737414","HARRIS COUNTY MUD 173","Municipal Utility District","Active","RESPONSIBLE PARTY","DAVID","TINNEY","PRESIDENT","HARRIS COUNTY MUD 173","2727 ALLEN PKWY STE 1100",,"HOUSTON","TX","77019","2191","(713)652-6500",,"2727 ALLEN PKWY","STE 1100",,"HOUSTON","TX","77019","2191","POINT (-95.39427 29.76096)"
"HARRIS","3737129","HARRIS COUNTY MUD 401","Municipal Utility District","Active","RESPONSIBLE PARTY","BLAIR","FESLER","PRESIDENT","HARRIS COUNTY MUD 401","3355 W ALABAMA ST STE 350",,"HOUSTON","TX","77098","1866","(713)942-9922",,"3355 W ALABAMA ST","STE 350","MARKS RICHARDSON PC","HOUSTON","TX","77098","1866","POINT (-95.42765 29.73837)"
"HARRIS","3742164","HARRIS COUNTY MUD 506","Municipal Utility District","Active","RESPONSIBLE PARTY","BROCK","TAUTENHAHN","PRESIDENT","HARRIS COUNTY MUD 506","3200 SOUTHWEST FWY STE 2600",,"HOUSTON","TX","77027","7537","(713)860-6400",,"3200 SOUTHWEST FWY","STE 2600",,"HOUSTON","TX","77027","7537","POINT (-95.42861 29.730405)"
"HARRIS","373715","HARRIS COUNTY MUD 424","Municipal Utility District","Active",,,,,,,,,,,,,,"1300 POST OAK BLVD","STE 1400",,"HOUSTON","TX","77056","3078","POINT (-95.46015 29.75257)"
"HARRIS","3737806","HARRIS COUNTY MUD 306","Municipal Utility District","Inactive","RESPONSIBLE PARTY","SANDY","FORTNEY","BOARD PRESIDENT","HARRIS COUNTY MUD 306","5890 VALLEY FORGE",,"HOUSTON","TX","77057",,"(713)626-3930",,"1300 POST OAK BLVD","STE 1400",,"HOUSTON","TX","77056","3078","POINT (-95.46015 29.75257)"
"HARRIS","5949700","NEAR NORTHWEST MANAGEMENT DISTRICT","Municipal Management District","Active","RESPONSIBLE PARTY","JAMES","KILPATRICK","CHAIRMAN","NEAR NORTHWEST MANAGEMENT DISTRICT","7603 ANTOINE DR",,"HOUSTON","TX","77088","5409","(713)895-9238",,"7603 ANTOINE DR",,,"HOUSTON","TX","77088","5409","POINT (-95.47492 29.87486)"
"HARRIS","9000001","HARRIS COUNTY MUD 561","Municipal Utility District","Active",,,,,,,,,,,,,,"3200 SOUTHWEST FREEWAY","SUITE 2600","c/o ABHR","HOUSTON","TX","77027","7537","POINT (-95.42861 29.730405)"
"HARRIS","3737230","HARRIS COUNTY MUD 91","Municipal Utility District","Inactive","RESPONSIBLE PARTY","JOE","FUTRELL","BOARD PRESIDENT","HARRIS COUNTY MUD 91","6909 ASHCROFT SUITE 315",,"HOUSTON","TX","77081",,"(713)774-9655",,"10000 MEMORIAL DR","STE 260",,"HOUSTON","TX","77024","3430","POINT (-95.48184 29.77837)"
"HARRIS","3737086","HARRIS COUNTY MUD 581","Municipal Utility District","Inactive",,,,,,,,,,,,,,,,,,,,,
"HARRIS","3735750","HARRIS COUNTY IMPROVEMENT DISTRICT 10","Municipal Management District","Active",,,,,,,,,,,,,,,,,,,,,
"HARRIS","3737850","HARRIS COUNTY MUD 327","Municipal Utility District","Inactive","RESPONSIBLE PARTY","J","RIGGS","BOARD PRESIDENT","HARRIS COUNTY MUD 327","11811 N FREEWAY STE 500",,"HOUSTON","TX","77060",,,,"1300 POST OAK BLVD","STE 1400",,"HOUSTON","TX","77056","3078","POINT (-95.46015 29.75257)"
"HARRIS","6041570","NORTHWEST HARRIS COUNTY MUD 20","Municipal Utility District","Active","RESPONSIBLE PARTY","BRIAN","WRIGHT","PRESIDENT","NORTHWEST HARRIS COUNTY MUD 20","15126 MORNING PINE LN",,"HOUSTON","TX","77068","3808",,,"10000 MEMORIAL DR","STE 260","YOUNG & BROOKS","HOUSTON","TX","77024","3430","POINT (-95.48184 29.77837)"
"HARRIS","3722000","HARRIS COUNTY FWSD 47","Municipal Utility District","Active","RESPONSIBLE PARTY","DENNIS","HAMALA","PRESIDENT","HARRIS COUNTY FWSD 47","210 BROOKVIEW ST",,"CHANNELVIEW","TX","77530","3210","(281)452-2872",,"210 BROOKVIEW ST",,,"CHANNELVIEW","TX","77530","3210","POINT (-95.1548 29.7749)"
"HARRIS","3738407","HARRIS COUNTY MUD 379","Municipal Utility District","Inactive","RESPONSIBLE PARTY","JUDY","BARTLETT","BOARD PRESIDENT","HARRIS COUNTY MUD 379",,,,,,,,,"3200 SOUTHWEST FWY","STE 2600",,"HOUSTON","TX","77027","7597","POINT (-95.42861 29.730405)"
"HARRIS","3737288","HARRIS COUNTY MUD 120","Municipal Utility District","Active","RESPONSIBLE PARTY","GARY","GASSMANN","PRESIDENT","HARRIS COUNTY MUD 120","3200 SOUTHWEST FWY","STE 2600","HOUSTON","TX","77027","7537","(713)860-6400",,"3200 SOUTHWEST FWY","STE 2600","ALLEN BOONE HUMPHRIES ROBINSON LLP","HOUSTON","TX","77027","7537","POINT (-95.42861 29.730405)"
"HARRIS","3737508","HARRIS COUNTY MUD 220","Municipal Utility District","Active","RESPONSIBLE PARTY","JERRY","HOMAN","PRESIDENT","HARRIS COUNTY MUD 220","2727 ALLEN PKWY STE 1100",,"HOUSTON","TX","77019","2191","(713)652-6500",,"2727 ALLEN PKWY","STE 1100",,"HOUSTON","TX","77019","2191","POINT (-95.39427 29.76096)"
"HARRIS","3738400","HARRIS COUNTY MUD 373","Municipal Utility District","Active","RESPONSIBLE PARTY","DAVID","CHAPEK","PRESIDENT","HARRIS COUNTY MUD 373","6300 WEST LOOP S STE 415",,"HOUSTON","TX","77401","2913","(713)395-4200","102","6300 WEST LOOP S","STE 415","SECHRIST & DUCKERS LLP","HOUSTON","TX","77401","2913","POINT (-95.4606 29.71271)"
"HARRIS","1701000","BRIAR RIDGE MUD","Water Control and Improvement District","Inactive","RESPONSIBLE PARTY","H","GILMER","BOARD PRESIDENT","BRIAR RIDGE MUD","BOX 720657",,"HOUSTON","TX","77272",,"(713)940-5396",,"10000 MEMORIAL DR","STE 260",,"HOUSTON","TX","77024","3430","POINT (-95.48184 29.77837)"
"HARRIS","3526921","HARRIS COUNTY MUD 428","Municipal Utility District","Active",,,,,,,,,,,,,,,,,,,,,
"HARRIS","373716","HARRIS COUNTY MUD 482","Municipal Utility District","Inactive","RESPONSIBLE PARTY","NATHAN","ALLEN",,"HARRIS COUNTY MUD 482",,,,,,,,,,,,,,,,
"HARRIS","8472962","WEST HARRIS COUNTY MUD 10","Municipal Utility District","Active","RESPONSIBLE PARTY","M","MUELLER","PRESIDENT","WEST HARRIS COUNTY MUNICIPAL UTILITY DISTRICT 10","10138 RUSTIC BEND CT",,"HOUSTON","TX","77064","5715","(281)580-9333",,"10000 MEMORIAL DR","STE 260","C/O YOUNG & BROOKS","HOUSTON","TX","77024","3430","POINT (-95.48184 29.77837)"
"HARRIS","3738406","HARRIS COUNTY MUD 378","Municipal Utility District","Inactive","RESPONSIBLE PARTY","RANDELL","BROWNING","BOARD PRESIDENT","HARRIS COUNTY MUD 378",,,,,,,,,"1001 FANNIN ST","STE 2300","VINSON AND ELKINS","HOUSTON","TX","77002","6760","POINT (-95.36433 29.75608)"
"HARRIS","3737510","HARRIS COUNTY MUD 221","Municipal Utility District","Active","RESPONSIBLE PARTY","EDWARD","STUCEY","PRESIDENT","HARRIS COUNTY MUD 221","711 Louisiana St Suite 2300",,"HOUSTON","TX","77002","2770",,,"711 LOUISIANA ST","STE 2300","BRACEWELL & GIULIANI LLP","HOUSTON","TX","77002","2770","POINT (-95.36589 29.76058)"
"HARRIS","5880000","MORTON ROAD MUD","Municipal Utility District","Active","RESPONSIBLE PARTY","ALAN","SEITZ","BOARD PRESIDENT","MORTON ROAD MUD","1300 POST OAK BLVD STE 1400",,"HOUSTON","TX","77056","3078","(713)623-4531",,"1300 POST OAK BLVD","STE 1400","SCHWARTZ PAGE & HARDING LLP","HOUSTON","TX","77056","3078","POINT (-95.46015 29.75257)"
"HARRIS","5326000","LAKEWOOD IMPROVEMENT DISTRICT","Water Improvemnt District","Inactive",,,,,,,,,,,,,,,,,,,,,
"HARRIS","985000","ADDICKS UTILITY DISTRICT","Municipal Utility District","Active","RESPONSIBLE PARTY","MICHAEL","LIGON","PRESIDENT","ADDICKS UTILITY DISTRICT","1300 POST OAK BLVD STE 2400",,"HOUSTON","TX","77056","3044","(713)623-4531",,"1300 POST OAK BLVD","STE 2400","SCHWARTZ PAGE & HARDING LLP","HOUSTON","TX","77056","3034","POINT (-95.46015 29.75257)"
"HARRIS","6041150","NORTHWEST HARRIS COUNTY MUD 6","Municipal Utility District","Active","RESPONSIBLE PARTY","DAVID","HARRIS","PRESIDENT","NORTHWEST HARRIS COUNTY MUD 6","2727 ALLEN PKWY STE 1100",,"HOUSTON","TX","77019","2191","(713)652-6500",,"2727 ALLEN PKWY","STE 1100",,"HOUSTON","TX","77019","2191","POINT (-95.39427 29.76096)"
"HARRIS","3738424","HARRIS COUNTY MUD 383","Municipal Utility District","Active","RESPONSIBLE PARTY","JOHN","POREA","PRESIDENT","HARRIS COUNTY MUD 383","3200 SOUTHWEST FWY STE 2600",,"HOUSTON","TX","77027","7537","(713)860-6400",,"3200 SOUTHWEST FWY","STE 2600","ALLEN BOONE HUMPHRIES ROBINSON LLP","HOUSTON","TX","77027","7537","POINT (-95.42861 29.730405)"
"HARRIS","3736876","HARRIS COUNTY IMPROVEMENT DISTRICT 7","Municipal Management District","Active",,,,,,,,,,,,,,,,,,,,,
"HARRIS","7631750","SUN LAKE IMPROVEMENT DISTRICT","Water Improvemnt District","Active",,,,,,,,,,,,,,,,,,,,,
"HARRIS","2284300","CHIMNEY HILL MUD","Municipal Utility District","Active","RESPONSIBLE PARTY","W","SZINYEI","PRESIDENT","CHIMNEY HILL MUD","9 GREENWAY PLZ","STE 1000","HOUSTON","TX","77046","0900","(713)651-0111",,"9 GREENWAY PLZ","STE 1000","COATS ROSE PC","HOUSTON","TX","77046","0900","POINT (-95.4185 29.7199)"
"HARRIS","3737010","HARRIS COUNTY MUNICIPAL MANAGEMENT DISTRICT 1","Municipal Management District","Active","RESPONSIBLE PARTY","VACANT","VACANT","PRESIDENT","HARRIS COUNTY MUNICIPAL MANAGEMENT DISTRICT 1","9821 KATY FWY STE 180",,"HOUSTON","TX","77024","1291","(713)984-8737",,"9821 KATY FWY","STE 180",,"HOUSTON","TX","77024","1291","POINT (-95.53709 29.78296)"
"HARRIS","1211100","BAYTOWN AREA WATER AUTHORITY","Other","Active","RESPONSIBLE PARTY","BRENDA","SMITH","PRESIDENT","BAYTOWN AREA WATER AUTHORITY","122 N BURNETT DR",,"BAYTOWN","TX","77520","1104",,,"7425 THOMPSON RD",,,"BAYTOWN","TX","77521","1056","POINT (-95.03198 29.80326)"
"HARRIS","8472972","WEST HARRIS COUNTY MUD 15","Municipal Utility District","Active","RESPONSIBLE PARTY","ROBERT","CAMPBELL","PRESIDENT","WEST HARRIS COUNTY MUD 15","6307 WASHINGTON AVE",,"HOUSTON","TX","77007","2108","(713)880-5800",,"10000 MEMORIAL DR","STE 260","YOUNG & BROOKS","HOUSTON","TX","77024","3430","POINT (-95.48184 29.77837)"
"HARRIS","7317000","ROLLING FORK PUD","Municipal Utility District","Active","RESPONSIBLE PARTY","DEBBIE","GIBSON","PRESIDENT","ROLLING FORK PUD","1155 DAIRY ASHFORD ROAD, SUITE 875",,"HOUSTON","TX","77079","3034","(713)864-5466",,"1155 DAIRY ASHFORD ROAD","SUITE 875",,"HOUSTON","TX","77079","3034","POINT (-95.6065 29.7815)"
"HARRIS","9000004","HARRIS COUNTY MUD 553","Municipal Utility District","Inactive",,,,,,,,,,,,,,,,,,,,,
"HARRIS","3736500","HARRIS COUNTY IMPROVEMENT DISTRICT 2","Municipal Management District","Active","RESPONSIBLE PARTY","STUART","KENSINGER","BOARD PRESIDENT","HARRIS COUNTY IRRIGATION DIST 2",,,,,,,,,"1001 FANNIN ST","STE 2300","VINSON AND ELKINS","HOUSTON","TX","77002","6760","POINT (-95.36433 29.75608)"
"HARRIS","9000008","HARRIS COUNTY MUD 571","Municipal Utility District","Inactive",,,,,,,,,,,,,,,,,,,,,
"HARRIS","3737402","HARRIS COUNTY MUD 167","Municipal Utility District","Active","RESPONSIBLE PARTY","VERNEATH","HRONAS","PRESIDENT","HARRIS COUNTY MUD 167","3200 SOUTHWEST FWY STE 2600",,"HOUSTON","TX","77027","7537","(713)860-6400",,"3200 SOUTHWEST FWY","STE 2600","ALLEN BOONE HUMPHRIES ROBINSON LLP","HOUSTON","TX","77027","7537","POINT (-95.42861 29.730405)"
"HARRIS","3737139","HARRIS COUNTY MUD 418","Municipal Utility District","Active","RESPONSIBLE PARTY","COLBY","MCCLARY","PRESIDENT","HARRIS COUNTY MUD 418","1300 POST OAK BLVD STE 2400",,"HOUSTON","TX","77056","3044","(713)623-4531",,"1300 POST OAK BLVD","STE 2400","SCHWARTZ PAGE & HARDING LLP","HOUSTON","TX","77056","3044","POINT (-95.46004 29.75322)"
"HARRIS","3737111","HARRIS COUNTY MUD 438","Municipal Utility District","Active","RESPONSIBLE PARTY","CAROLINE","CORNETT","BOARD PRESIDENT","HARRIS COUNTY MUD 438","3200 SOUTHWEST FWY STE 2600",,"HOUSTON","TX","77027","7537","(713)860-6400",,"ALLEN BOONE HUMPHRIES ROBINSON LLP",,"3200 SOUTHWEST FWY STE 2600","HOUSTON","TX","77027","7537",
"HARRIS","3747104","HARRIS COUNTY MUD 497","Municipal Utility District","Inactive",,,,,,,,,,,,,,,,,,,,,
"HARRIS","3737169","HARRIS COUNTY MUD 439","Municipal Utility District","Active","RESPONSIBLE PARTY","ADAM","KRAMER","PRESIDENT","HARRIS COUNTY MUD 439","3200 SOUTHWEST FWY STE 2600",,"HOUSTON","TX","77027","7537","(713)860-6400",,"3200 SOUTHWEST FWY","STE 2600","ALLEN BOONE HUMPHRIES ROBINSON LLP","HOUSTON","TX","77027","7537","POINT (-95.42861 29.730405)"
"HARRIS","3737512","HARRIS COUNTY MUD 222","Municipal Utility District","Active","RESPONSIBLE PARTY","TEAGUE","HARRIS","PRESIDENT","HARRIS COUNTY MUD 222","3200 SOUTHWEST FREEWAY","STE 2600","HOUSTON","TX","77027","7537","(713)860-6400",,"3200 SOUTHWEST FWY","STE 2600","ALLEN BOONE HUMPHRIES ROBINSON LLP","HOUSTON","TX","77027","7597","POINT (-95.4288 29.73021)"
"HARRIS","3737250","HARRIS COUNTY MUD 101","Municipal Utility District","Inactive",,,,,,,,,,,,,,"1415 LOUISIANA ST",,"5TH FLOOR YOUNG AND BROOKS","HOUSTON","TX","77002","7349","POINT (-95.37031 29.75507)"
"HARRIS","7576700","SOUTHBEND MUD","Municipal Utility District","Inactive","RESPONSIBLE PARTY","RAY","POMYKAL","BOARD PRESIDENT","SOUTHBEND MUD","1100 LOUISIANA ST STE 400",,"HOUSTON","TX","77002","5211","(713)652-6500",,"1100 LOUISIANA ST","STE 400","SMITH MURDAUGH LITTLE & BONHAM LLP","HOUSTON","TX","77002","5211","POINT (-95.36843 29.7574)"
"HARRIS","5813000","MEMORIAL HILLS UTILITY DISTRICT","Municipal Utility District","Active","RESPONSIBLE PARTY","KAREN","LARGE","PRESIDENT","MEMORIAL HILLS UTILITY DISTRICT","2727 ALLEN PARKWAY STE 1100",,"HOUSTON","TX","77019","2191","(713)652-6500",,"2727 ALLEN PKWY","STE 1100","SMITH MURDAUGH LITTLE & BONHAM LLP","HOUSTON","TX","77019","2191","POINT (-95.39427 29.76096)"
"HARRIS","7557000","SHASLA PUD","Municipal Utility District","Active","RESPONSIBLE PARTY","HARRY","LEMASTER","PRESIDENT","SHASLA PUD","20402 EVERGREEN SPRINGS LN",,"SPRING","TX","77379","7979","(281)517-3400",,"10000 MEMORIAL DR","STE 260","YOUNG & BROOKS","HOUSTON","TX","77024","3430","POINT (-95.48184 29.77837)"
"HARRIS","2404375","CORNERSTONES MUD","Municipal Utility District","Active","RESPONSIBLE PARTY","MORGAN","STAGG","PRESIDENT","CORNERSTONES MUD","22218 N LAKE VILLAGE DR",,"KATY","TX","77450","7629","785-6406",,"10000 MEMORIAL DR","STE 260","C/O YOUNG & BROOKS","HOUSTON","TX","77024","3430","POINT (-95.48184 29.77837)"
"HARRIS","4115000","HARRIS COUNTY WCID 74","Water Control and Improvement District","Active","RESPONSIBLE PARTY","RAMIRO","VASQUEZ","PRESIDENT","HARRIS COUNTY WCID 74","4901 SANDYDALE LN",,"HOUSTON","TX","77039","3722","(281)442-9072",,"4901 SANDYDALE LN",,,"HOUSTON","TX","77039","3722","POINT (-95.31875 29.90674)"
"HARRIS","3737303","HARRIS COUNTY MUD 518","Municipal Utility District","Active","RESPONSIBLE PARTY","CHAD","HABLINSKI","PRESIDENT","HARRIS COUNTY MUD 518","3200 SOUTHWEST FWY","STE 2600","HOUSTON","TX","77027","7537","(713)860-6400",,"3200 SOUTHWEST FWY","STE 2600",,"HOUSTON","TX","77027","7537","POINT (-95.42861 29.730405)"
"HARRIS","2817500","EL DORADO UTILITY DISTRICT","Municipal Utility District","Active","RESPONSIBLE PARTY","PETER","HWANG","PRESIDENT","EL DORADO UTILITY DISTRICT","9 GREENWAY PLZ STE 1000",,"HOUSTON","TX","77046","0900","(713)651-0111",,"9 GREENWAY PLZ","STE 1000","COATS ROSE PC","HOUSTON","TX","77046","0900","POINT (-95.4185 29.7199)"
"HARRIS","1544400","BISSONNET MUD","Municipal Utility District","Active","RESPONSIBLE PARTY","ROBERT","COURT","PRESIDENT","BISSONNET MUD","6363 WOODWAY DR STE 800",,"HOUSTON","TX","77057","1762","(713)739-1060",,"6363 WOODWAY DR","STE 800","WALLACE & PHILBIN LLP","HOUSTON","TX","77057","1762","POINT (-95.49644 29.75603)"
"HARRIS","3737141","HARRIS COUNTY MUD 432","Municipal Utility District","Active","RESPONSIBLE PARTY","KEN","SUMINSKI","PRESIDENT","HARRIS COUNTY MUD 432","2012 Suffolk",,"HOUSTON","TX","77027","3801","999-9999",,"10000 MEMORIAL DR","STE 260","YOUNG & BROOKS","HOUSTON","TX","77024","3430","POINT (-95.48184 29.77837)"
"HARRIS","3413175","SOUTHWEST MANAGEMENT DISTRICT","Municipal Management District","Active","RESPONSIBLE PARTY","KENNETH","LI","PRESIDENT","SOUTHWEST MANAGEMENT DISTRICT","PO BOX 22167",,"HOUSTON","TX","77227","2167","(713)595-1200",,"PO BOX 22167",,,"HOUSTON","TX","77227","2167",
"HARRIS","987000","ALDINE PUD","Municipal Utility District","Inactive","RESPONSIBLE PARTY","A","HILSHER","PRESIDENT","ALDINE PUD","2727 ALLEN PKWY STE 1100",,"HOUSTON","TX","77019","2191","(713)652-6500",,"2727 ALLEN PKWY","STE 1100","SMITH MURDAUGH LITTLE & BONHAM LLP","HOUSTON","TX","77019","2191","POINT (-95.39427 29.76096)"
"HARRIS","3735844","HARRIS COUNTY IMPROVEMENT DISTRICT 10A","Municipal Management District","Active",,,,,,,,,,,,,,,,,,,,,
"HARRIS","1768000","CNP UTILITY DISTRICT","Municipal Utility District","Active","RESPONSIBLE PARTY","RENEE","GRANBERRY","PRESIDENT","CNP UTILITY DISTRICT","3355 W ALABAMA ST STE 350",,"HOUSTON","TX","77098","1866","(713)942-9922",,"3355 W ALABAMA ST","STE 350",,"HOUSTON","TX","77098","1866","POINT (-95.42765 29.73837)"
"HARRIS","5984200","NORTH GREEN MUD","Municipal Utility District","Active","RESPONSIBLE PARTY","JOE","FOGARTY","PRESIDENT","NORTH GREEN MUD","1301 MCKINNEY ST STE 5100",,"HOUSTON","TX","77010","3093","(713)651-5401",,"1301 MCKINNEY ST","STE 5100","FULBRIGHT & JAWORSKI LLP","HOUSTON","TX","77010","3095","POINT (-95.36188 29.75512)"
"HARRIS","3750000","HARRIS COUNTY WCID 1","Water Control and Improvement District","Active","RESPONSIBLE PARTY","LEON","MULLINS","BOARD PRESIDENT","HARRIS COUNTY WCID 1","125 SAN JACINTO AVE",,"HIGHLANDS","TX","77562","3760","(281)426-2115",,"125 SAN JACINTO AVE",,,"HIGHLANDS","TX","77562","3760","POINT (-95.05632 29.81576)"
"HARRIS","3738155","HARRIS COUNTY MUD 530","Municipal Utility District","Active","RESPONSIBLE PARTY","MIKE","POTTER","PRESIDENT","HARRIS COUNTY MUD 530","3200 SOUTHWEST FWY STE 2600",,"HOUSTON","TX","77027","7537","(713)860-6400",,"3200 SOUTHWEST FWY","STE 2600",,"HOUSTON","TX","77027","7537","POINT (-95.42861 29.730405)"
"HARRIS","3728000","CHAMPIONS MUNICIPAL UTILITY DISTRICT","Municipal Utility District","Active","RESPONSIBLE PARTY","SCOTT","CHENOWETH","PRESIDENT","CHAMPIONS MUD","2929 ALLEN PKWY STE 3150",,"HOUSTON","TX","77019","7126","(713)489-8977",,"2929 ALLEN PKWY","STE 3150",,"HOUSTON","TX","77019","7126","POINT (-95.39551 29.7612)"
"HARRIS","3737167","HARRIS COUNTY MUD 458","Municipal Utility District","Active","RESPONSIBLE PARTY","DAVID","PATTERSON","BOARD PRESIDENT","HARRIS COUNTY MUD 458","3200 SOUTHWEST FWY STE 2600",,"HOUSTON","TX","77027","7504","(713)860-6400",,"ALLEN BOONE HUMPHRIES ROBINSON LLP",,"3200 SOUTHWEST FWY STE 2600","HOUSTON","TX","77027","7537",
"HARRIS","9000003","HARRIS COUNTY MUD 557","Municipal Utility District","Inactive",,,,,,,,,,,,,,,,,,,,,
"HARRIS","8472850","WEST HARRIS COUNTY MUD 1","Municipal Utility District","Active","RESPONSIBLE PARTY","RAYMOND","MATTHEWS","PRESIDENT","WEST HARRIS COUNTY MUD 1","2A HOLLY TREE LN",,"SPRING","TX","77373","5721",,,"10000 MEMORIAL DR","STE 260","YOUNG & BROOKS","HOUSTON","TX","77024","3430","POINT (-95.48184 29.77837)"
"HARRIS","1845217","HARRIS COUNTY MUD 485","Municipal Utility District","Inactive",,,,,,,,,,,,,,,,,,,,,
"HARRIS","7027500","PEARLAND MMD 1","Municipal Management District","Active",,,,,,,,,,,,,,"3200 SOUTHWEST FWY","STE 2600","ALLEN BOONE HUMPHRIES ROBINSON LLP","HOUSTON","TX","77027","7537","POINT (-95.42861 29.730405)"
"HARRIS","3737064","HARRIS COUNTY MUD 8","Municipal Utility District","Active","RESPONSIBLE PARTY","EDWARD","MILLER","PRESIDENT","HARRIS COUNTY MUD 8","12715 WOODFOREST BLVD",,"HOUSTON","TX","77015","2737","(713)450-1911",,"10000 MEMORIAL DR","STE 260","YOUNG & BROOKS","HOUSTON","TX","77024","3430","POINT (-95.48184 29.77837)"
"HARRIS","3738402","HARRIS COUNTY MUD 374","Municipal Utility District","Active","RESPONSIBLE PARTY","JOE","SYKES","PRESIDENT","HARRIS COUNTY MUD 374","3200 SOUTHWEST FWY STE 2600",,"HOUSTON","TX","77027","7537","(713)860-6400",,"3200 SOUTHWEST FWY","STE 2600","ALLEN BOONE HUMPHRIES ROBINSON LLP","HOUSTON","TX","77027","7537","POINT (-95.42861 29.730405)"
"HARRIS","3736125","HARRIS COUNTY IMPROVEMENT DISTRICT 13","Municipal Management District","Active","RESPONSIBLE PARTY","TARA","KLEIN","PRESIDENT","HARRIS COUNTY IMPROVEMENT DISTRICT 13","3200 SOUTHWEST FWY STE 2600",,"HOUSTON","TX","77027","7537","(713)860-6400",,"3200 SOUTHWEST FWY","STE 2600","ALLEN BOONE HUMPHRIES ROBINSON LLP","HOUSTON","TX","77027","7537","POINT (-95.42861 29.730405)"
"HARRIS","3738180","HARRIS COUNTY MUD 366","Municipal Utility District","Active","RESPONSIBLE PARTY","DENNIS","COTE","PRESIDENT","HARRIS COUNTY MUD 366","2727 ALLEN PKWY STE 1100",,"HOUSTON","TX","77019","2191","(713)652-6500",,"2727 ALLEN PKWY","STE 1100","SMITH MURDAUGH LITTLE & BONHAM LLP","HOUSTON","TX","77019","2191","POINT (-95.39427 29.76096)"
"HARRIS","3737428","HARRIS COUNTY MUD 180","Municipal Utility District","Active","RESPONSIBLE PARTY","DONALD","BEASLEY","PRESIDENT","HARRIS COUNTY MUD 180","1155 DAIRY ASHFORD ROAD","STE 875","HOUSTON","TX","77079","4125","(713)864-5466",,"1155 DAIRY ASHFORD","STE 875",,"HOUSTON","TX","77079","4125","POINT (-95.6065 29.7815)"
"HARRIS","3737714","HARRIS COUNTY MUD 261","Municipal Utility District","Active","RESPONSIBLE PARTY","S","WHITAKER","BOARD PRESIDENT","HARRIS COUNTY MUD 261","2727 ALLEN PKWY STE 1100",,"HOUSTON","TX","77019","2191","(713)652-6500",,"2727 ALLEN PKWY","STE 1100","SMITH MURDAUGH LITTLE & BONHAM LLP","HOUSTON","TX","77019","2191","POINT (-95.39427 29.76096)"
"HARRIS","3737920","HARRIS COUNTY MUD 342","Municipal Utility District","Active","RESPONSIBLE PARTY","GERARD","PROBANDT","PRESIDENT","HARRIS COUNTY MUD 342","1300 POST OAK BLVD STE 1400",,"HOUSTON","TX","77056","3078","(713)623-4531",,"1300 POST OAK BLVD","STE 1400","SCHWARTZ PAGE & HARDING LLP","HOUSTON","TX","77056","3078","POINT (-95.46015 29.75257)"
"HARRIS","3640000","HARRIS COUNTY FWSD 1-B","Fresh Water Supply District","Active","RESPONSIBLE PARTY","LANNIE","EMFINGER","SUPERVISOR","HARRIS COUNTY FWSD 1-B","800 STEELE RD",,"HIGHLANDS","TX","77562","4345",,,"1721 JONES RD",,,"HIGHLANDS","TX","77562","4399","POINT (-95.03288 29.80758)"
"HARRIS","2875000","EMERALD FOREST UTILITY DISTRICT","Municipal Utility District","Active",,,,,,,,,,,,,,"3200 SOUTHWEST FWY","STE 2600","ALLEN BOONE HUMPHRIES ROBINSON LLP","HOUSTON","TX","77027","7597","POINT (-95.42861 29.730405)"
"HARRIS","3737160","HARRIS COUNTY MUD 423","Municipal Utility District","Active","RESPONSIBLE PARTY","J","YURKANIN","BOARD PRESIDENT","HARRIS COUNTY MUD 423","3200 SOUTHWEST FREEWAY","STE 2600","HOUSTON","TX","77027","7537","(713)860-6400",,"3200 SOUTHWEST FWY","STE 2600","ALLEN BOONE HUMPHRIES ROBINSON LLP","HOUSTON","TX","77027","7537","POINT (-95.4288 29.73021)"
"HARRIS","5851000","MILLS ROAD MUD","Municipal Utility District","Active","RESPONSIBLE PARTY","LARRY","CARNEY","PRESIDENT","MILLS ROAD MUD","9 GREENWAY PLZ STE 1000",,"HOUSTON","TX","77046","0905","(713)651-0111",,"9 GREENWAY PLZ","STE 1000","COATS ROSE YALE RYMAN & LEE PC","HOUSTON","TX","77046","0905","POINT (-95.4185 29.7199)"
"HARRIS","3413200","GREATER SOUTHEAST MANAGEMENT DISTRICT","Municipal Management District","Active","RESPONSIBLE PARTY","BRIAN","SMITH","PRESIDENT","GREATER SOUTHEAST MANAGEMENT DISTRICT","5311 BLYTHEWOOD ST",,"HOUSTON","TX","77021","1602","(713)529-4949",,"711 LOUISIANA","STE 2300",,"HOUSTON","TX","77002","2770","POINT (-95.36589 29.76058)"
"HARRIS","6041585","NORTHWEST HARRIS COUNTY MUD 23","Municipal Utility District","Active","RESPONSIBLE PARTY","B","BENSON","PRESIDENT","NORTHWEST HARRIS COUNTY MUD 23","1155 DAIRY ASHFORD ROAD","SUITE 875","HOUSTON","TX","77079","3034","(713)864-5466",,"1155 DAIRY ASHFORD ROAD","STE 875","STRAWN AND RICHARDSON PC","HOUSTON","TX","77079","3034","POINT (-95.6065 29.7815)"
"HARRIS","5326500","LAKEWOOD MUD 3","Municipal Utility District","Inactive",,,,,,,,,,,,,,,,,,,,,
"HARRIS","3737352","HARRIS COUNTY MUD 147","Municipal Utility District","Active","RESPONSIBLE PARTY","DAVID","BUGYI","PRESIDENT","HARRIS COUNTY MUD 147","3200 SOUTHWEST FREEWAY","STE 2600","HOUSTON","TX","77027","7537","(713)860-6400",,"3200 SOUTHWEST FWY","STE 2600","ALLEN BOONE HUMPHRIES ROBINSON LLP","HOUSTON","TX","77027","7537","POINT (-95.4288 29.73021)"
"HARRIS","5980500","NORTHEAST HARRIS COUNTY MUD 1","Municipal Utility District","Active","RESPONSIBLE PARTY","JAMES","MOFFATT","PRESIDENT","NORTHEAST HARRIS COUNTY MUD 1","3200 SOUTHWEST FREEWAY","SUITE 2600","HOUSTON","TX","77027","7537","(713)860-6400",,"3200 SOUTHWEST FWY","STE 2600","ALLEN BOONE HUMPHRIES ROBINSON LLP","HOUSTON","TX","77027","7537","POINT (-95.42861 29.730405)"
"HARRIS","3737163","HARRIS COUNTY MUD 459","Municipal Utility District","Active","RESPONSIBLE PARTY","THOMAS","PARENT","PRESIDENT","HARRIS COUNTY MUD 459","3200 SOUTHWEST FWY STE 2600",,"HOUSTON","TX","77027","7537","(713)860-6400",,"3200 SOUTHWEST FWY","STE 2600","ALLEN BOONE HUMPHRIES ROBINSON LLP","HOUSTON","TX","77027","7537","POINT (-95.42861 29.730405)"
"HARRIS","3737199","HARRIS COUNTY MUD 457","Municipal Utility District","Active","RESPONSIBLE PARTY","LUKE","VIDRINE","PRESIDENT","HARRIS COUNTY MUD 457","3200 SOUTHWEST FWY STE 2600",,"HOUSTON","TX","77027","7537","(713)860-6400",,"ALLEN BOONE HUMPHRIES ROBINSON LLP",,"3200 SOUTHWEST FWY STE 2600","HOUSTON","TX","77027","7537",
"HARRIS","1204000","BARKER CYPRESS MUD","Municipal Utility District","Active","RESPONSIBLE PARTY","JARED","RICHARDS","PRESIDENT","BARKER-CYPRESS MUD","1300 POST OAK BLVD STE 2400",,"HOUSTON","TX","77056","3044","(713)623-4531",,"1300 POST OAK BLVD",,"STE 2400","HOUSTON","TX","77056","3044","POINT (-95.460133038 29.753514994)"
"HARRIS","7593525","SPRING WEST MUD","Municipal Utility District","Active","RESPONSIBLE PARTY","BEVERLY","ONEAL","PRESIDENT","SPRING WEST MUD","1300 POST OAK BLVD STE 2400",,"HOUSTON","TX","77056","3044","(713)623-4531",,"1300 POST OAK BLVD","STE 2400",,"HOUSTON","TX","77056","3044","POINT (-95.46004 29.75322)"
"HARRIS","3737840","HARRIS COUNTY MUD 322","Municipal Utility District","Active","RESPONSIBLE PARTY","MARC","NEWMAN","PRESIDENT","HARRIS COUNTY MUD 322","1550 LAMAR ST STE 2000",,"HOUSTON","TX","77010","4106","(713)651-5151",,"1550 LAMAR ST","STE 2000","FULBRIGHT & JAWORSKI LLP","HOUSTON","TX","77010","4106","POINT (-95.360995995 29.75297499)"
"HARRIS","3737201","HARRIS COUNTY MUD 405","Municipal Utility District","Active","RESPONSIBLE PARTY","JOHN","DUFILHO","PRESIDENT","HARRIS COUNTY MUD 405","1401 ENCLAVE PKWY STE 625",,"HOUSTON","TX","77077","2874","(346)440-1147",,"1401 ENCLAVE PKWY","STE 625","C/O POLLEY GARZA PLLC","HOUSTON","TX","77077","2874","POINT (-95.61794 29.75773)"
"HARRIS","2892900","FALL CREEK MANAGEMENT DISTRICT","Municipal Management District","Active","RESPONSIBLE PARTY","RANDY","JONES","PRESIDENT","FALL CREEK MANAGEMENT DISTRICT","1330 POST OAK BLVD STE 2650",,"HOUSTON","TX","77056","3072","(713)850-9000",,"1980 POST OAK BLVD","STE 1380",,"HOUSTON","TX","77056","3970","POINT (-95.46245 29.7464)"
"HARRIS","4241360","HARRIS COUNTY WCID 136","Municipal Utility District","Active","RESPONSIBLE PARTY","GREGORY","PAVLICEK","PRESIDENT","HARRIS COUNTY WCID 136","3355 W ALABAMA ST STE 350",,"HOUSTON","TX","77098","1866","(713)237-1221",,"3355 W ALABAMA ST","STE 350","RADCLIFFE BOBBITT ADAMS POLLEY PLLC","HOUSTON","TX","77098","1866","POINT (-95.42807 29.73836)"
"HARRIS","7593030","SPRING MEADOWS MUD","Municipal Utility District","Active","RESPONSIBLE PARTY","FRANK","COPE","PRESIDENT","SPRING MEADOWS MUD","12519 RAVENSWAY DR",,"CYPRESS","TX","77429","2640","293-8305",,"10000 MEMORIAL DR","STE 260","YOUNG & BROOKS","HOUSTON","TX","77024","3430","POINT (-95.483551992 29.778930014)"
"HARRIS","3737706","HARRIS COUNTY MUD 257","Municipal Utility District","Active","RESPONSIBLE PARTY","MARK","COLLINS","PRESIDENT","HARRIS COUNTY MUD 257","1300 POST OAK BLVD STE 2400",,"HOUSTON","TX","77056","3044","(713)623-4531",,"1300 POST OAK BLVD","STE 2400","SCHWARTZ PAGE & HARDING LLP","HOUSTON","TX","77056","3044","POINT (-95.460133038 29.753514994)"
"HARRIS","7281100","REID ROAD MUD 1","Municipal Utility District","Active","RESPONSIBLE PARTY","PATRICK","CIESLEWITZ","PRESIDENT","REID ROAD MUD 1","2727 ALLEN PKWY STE 1100",,"HOUSTON","TX","77019","2191","(713)652-6500",,"2727 ALLEN PKWY","STE 1100","SMITH MURDAUGH LITTLE AND BONHAM","HOUSTON","TX","77019","2191","POINT (-95.395606968 29.759715004)"
"HARRIS","3737123","HARRIS COUNTY MUD 503","Municipal Utility District","Active","RESPONSIBLE PARTY","JENNIFER","TAYLOR","PRESIDENT","HARRIS COUNTY MUD 503","3200 SOUTHWEST FWY STE 2600",,"HOUSTON","TX","77027","7537","(713)860-6400",,"3200 SOUTHWEST FWY","STE 2600","c/o ALLEN BOONE HUMPHRIES ROBINSON LLP","HOUSTON","TX","77027","7537","POINT (-95.428917993 29.730799994)"
"HARRIS","4241500","HARRIS COUNTY WCID 156","Water Control and Improvement District","Active","RESPONSIBLE PARTY","SUSAN","LINDAMOOD","PRESIDENT","HARRIS COUNTY WCID 156","3355 W ALABAMA ST STE 350",,"HOUSTON","TX","77098","1866","(713)237-1221",,"3355 W ALABAMA ST","STE 350","Radcliffe Adams Barner PLLC","HOUSTON","TX","77098","1866","POINT (-95.42765 29.73837)"
"HARRIS","5983700","NORTHGATE CROSSING MUD 2","Municipal Utility District","Active","RESPONSIBLE PARTY","RAPHAEL","ORTEGA","BOARD PRESIDENT","NORTHGATE CROSSING MUD 2","9 GREENWAY PLZ STE 1000",,"HOUSTON","TX","77046","3653","(713)651-0111",,"9 GREENWAY PLZ","STE 1000",,"HOUSTON","TX","77046","3653","POINT (-95.434491036 29.732207986)"
"HARRIS","2306000","CLEAR LAKE CITY WATER AUTHORITY","Water Control and Improvement District","Active","RESPONSIBLE PARTY","W","MORROW",,"CLEAR LAKE CITY WATER AUTHORITY","900 BAY AREA BLVD",,"HOUSTON","TX","77058","2604","(281)488-6644",,"900 BAY AREA BLVD",,,"HOUSTON","TX","77058","2604","POINT (-95.121279012 29.553579991)"
"HARRIS","8472925","WEST HARRIS COUNTY MUD 5","Municipal Utility District","Active","RESPONSIBLE PARTY","MARY-FRANCES","MATTHEWS","PRESIDENT","WEST HARRIS COUNTY MUD 5","2202 LAUREL PASS CT",,"PEARLAND","TX","77089","1690","(713)862-4033",,"10000 MEMORIAL DR","STE 260","YOUNG & BROOKS","HOUSTON","TX","77024","3430","POINT (-95.483551992 29.778930014)"
"HARRIS","8472964","WEST HARRIS COUNTY MUD 11","Municipal Utility District","Active","RESPONSIBLE PARTY","ANDREW","JOHNSON","PRESIDENT","WEST HARRIS COUNTY MUD 11","10000 MEMORIAL DR STE 260",,"HOUSTON","TX","77024","3430","(713)722-7669",,"10000 MEMORIAL DR","STE 260","YOUNG & BROOKS","HOUSTON","TX","77024","3430","POINT (-95.483551992 29.778930014)"
"HARRIS","4200000","HARRIS COUNTY WCID 91","Water Control and Improvement District","Active","RESPONSIBLE PARTY","FRED","WINDISCH","PRESIDENT","HARRIS COUNTY WCID 91","1522 ROANWOOD DR",,"HOUSTON","TX","77090","2422","(281)330-9895",,"10000 MEMORIAL DR","STE 260","YOUNG & BROOKS","HOUSTON","TX","77024","3430","POINT (-95.483551992 29.778930014)"
"HARRIS","4711250","INTERCONTINENTAL CROSSING MUD","Municipal Utility District","Active","RESPONSIBLE PARTY","LIZ","DAVIS","PRESIDENT","INTERCONTINENTAL CROSSING MUD","6363 WOODWAY DR STE 800",,"HOUSTON","TX","77057","1762","(713)739-1060",,"6363 WOODWAY DR","STE 800","BACON, WALLACE & PHILBIN, LLP","HOUSTON","TX","77057","1762","POINT (-95.496281001 29.755662018)"
"HARRIS","9000012","HARRIS COUNTY MUD 568","Municipal Utility District","Active",,,,,,,,,,,,,,,,,,,,,
"HARRIS","3736700","HARRIS COUNTY IMPROVEMENT DISTRICT 3","Municipal Management District","Active","RESPONSIBLE PARTY","ALBERT","KELLER","PRESIDENT","HARRIS COUNTY IMPROVEMENT DISTRICT 3","1980 POST OAK BLVD STE 1380",,"HOUSTON","TX","77056","3970","(713)850-9000",,"1980 POST OAK BLVD","STE 1380","SANFORD KUHL HAGAN KUGLE PARKER KAHN LLP","HOUSTON","TX","77056","3970","POINT (-95.463239036 29.746134016)"
"HARRIS","3737162","HARRIS COUNTY MUD 420","Municipal Utility District","Active","RESPONSIBLE PARTY","LARRY","HOPE","PRESIDENT","HARRIS COUNTY MUD 420","3200 SOUTHWEST FWY STE 2600",,"HOUSTON","TX","77027","7537","(713)860-6400",,"3200 SOUTHWEST FWY","STE 2600","ALLEN BOONE HUMPHRIES ROBINSON LLP","HOUSTON","TX","77027","7537","POINT (-95.428917993 29.730799994)"
"HARRIS","3737175","HARRIS COUNTY MUD 480","Municipal Utility District","Active","RESPONSIBLE PARTY","VINCE","CONTRERAS","PRESIDENT","HARRIS COUNTY MUD 480","3200 SOUTHWEST FWY STE 2600",,"HOUSTON","TX","77027","7537","(713)860-6400",,"3200 SOUTHWEST FREEWAY","STE 2600","ALLEN BOONE HUMPHRIES ROBINSON LLP","HOUSTON","TX","77027","7537","POINT (-95.428917993 29.730799994)"
"HARRIS","5155000","VILLAGE AT KATY DEVELOPMENT DISTRICT","Other","Active","RESPONSIBLE PARTY","MICHAEL","HARRINGTON","PRESIDENT","VILLAGE AT KATY DEVELOPMENT DISTRICT","3200 SOUTHWEST FWY STE 2600",,"HOUSTON","TX","77027","7537","(713)860-6400",,"3200 SOUTHWEST FWY","STE 2600","ALLEN BOONE HUMPHRIES ROBINSON LLP","HOUSTON","TX","77027","7537","POINT (-95.428917993 29.730799994)"
"HARRIS","3737434","HARRIS COUNTY MUD 183","Municipal Utility District","Active","RESPONSIBLE PARTY","ANTHONY","LANGLEY","PRESIDENT","HARRIS COUNTY MUD 183","1300 POST OAK BLVD STE 2400",,"HOUSTON","TX","77056","3044","(713)623-4531",,"1300 POST OAK BLVD","STE 1400","SCHWARTZ PAGE & HARDING LLP","HOUSTON","TX","77056","3078","POINT (-95.46004 29.75322)"
"HARRIS","3737746","HARRIS COUNTY MUD 278","Municipal Utility District","Active","RESPONSIBLE PARTY","EUGENE","NEWSOM","PRESIDENT","HARRIS COUNTY MUD 278","3200 SOUTHWEST FWY STE 2600",,"HOUSTON","TX","77027","7537","(713)860-6400",,"3200 SOUTHWEST FWY","STE 2600","ALLEN BOONE HUMPHRIES ROBINSON LLP","HOUSTON","TX","77027","7537","POINT (-95.4288 29.73021)"
"HARRIS","6030000","NORTHWEST FREEWAY MUD","Municipal Utility District","Active","RESPONSIBLE PARTY","TOM","WILDRICK","PRESIDENT","NORTHWEST FREEWAY MUD","1300 POST OAK BLVD","STE 2400","HOUSTON","TX","77056","3044","(713)623-4531",,"1300 POST OAK BLVD","STE 2400","SCHWARTZ PAGE & HARDING LLP","HOUSTON","TX","77056","3078","POINT (-95.46004 29.75322)"
"HARRIS","3056000","FM 2920 BECKER ROAD MUD OF HARRIS COUNTY","Municipal Utility District","Inactive","RESPONSIBLE PARTY","BRIAN","TOLDAN","DIRECTOR","FM 2920 BECKER ROAD MUD",,,,,,,,,,,,,,,,
"HARRIS","2412750","CYPRESS HILL MUD 1","Municipal Utility District","Active","RESPONSIBLE PARTY","RONALD","KOEHN","PRESIDENT","CYPRESS HILL MUD 1","1550 LAMAR ST STE 2000",,"HOUSTON","TX","77010","4106","(713)651-5151",,"1550 LAMAR ST","STE 2000",,"HOUSTON","TX","77010","4106","POINT (-95.360995995 29.75297499)"
"HARRIS","3834375","HARRIS COUNTY WCID 164","Water Control and Improvement District","Active","RESPONSIBLE PARTY","LOUIS","GIRARD","BOARD PRESIDENT","HARRIS COUNTY WCID 164","1300 POST OAK BLVD STE 2400",,"HOUSTON","TX","77056","3044","(713)623-4531",,"1300 POST OAK BLVD","STE 2400",,"HOUSTON","TX","77056","3044","POINT (-95.460133038 29.753514994)"
"HARRIS","3737254","HARRIS COUNTY MUD 525","Municipal Utility District","Active","RESPONSIBLE PARTY","MARK","SIKES","PRESIDENT","HARRIS COUNTY MUD 525","3200 SOUTHWEST FWY STE 2600",,"HOUSTON","TX","77027","7537","(713)860-6400",,"3200 SOUTHWEST FWY","STE 2600","C/O ALLEN BOON HUMPHRIES ROBINSON, LLP","HOUSTON","TX","77027","7537","POINT (-95.428917993 29.730799994)"
"HARRIS","4241130","HARRIS COUNTY WCID 113","Water Control and Improvement District","Active","RESPONSIBLE PARTY","VACANT","VACANT","PRESIDENT","HARRIS COUNTY WCID 113","2727 ALLEN PARKWAY","STE 1100","HOUSTON","TX","77019","2191","(713)652-6500",,"2727 ALLEN PARKWAY",,"STE 1100","HOUSTON","TX","77019","2191","POINT (-95.39588 29.75926)"
"HARRIS","3737764","HARRIS COUNTY MUD 285","Municipal Utility District","Active","RESPONSIBLE PARTY","WALTER","KNOWLES","PRESIDENT","HARRIS COUNTY MUD 285","3200 SOUTHWEST FREEWAY","STE 2600","HOUSTON","TX","77027","7537","(713)860-6400",,"3200 SOUTHWEST FWY","STE 2600","ALLEN BOONE HUMPHRIES ROBINSON LLP","HOUSTON","TX","77027","7597","POINT (-95.4288 29.73021)"
"HARRIS","3454500","GULFTON AREA MUNICIPAL MANAGEMENT DISTRICT","Municipal Management District","Active","RESPONSIBLE PARTY","TOMASA","RODRIGUEZ","CHAIRMAN","GULFTON AREA MUNICIPAL MANAGEMENT DISTRICT","P.O Box 22167",,"HOUSTON","TX","77227","2167","(713)595-1200",,,,,,,,,
"HARRIS","3444050","GULF COAST PROTECTION DISTRICT","Other","Active","RESPONSIBLE PARTY","ROGER","GUENTHER","PRESIDENT","GULF COAST PROTECTION DISTRICT","3200 SOUTHWEST FWY STE 2600",,"HOUSTON","TX","77027","7537","(713)860-6400",,"3200 SOUTHWEST FWY","STE 2600",,"HOUSTON","TX","77027","7537","POINT (-95.4288 29.73021)"
"HARRIS","9000077","HARRIS COUNTY MUD 610","Municipal Utility District","Active","RESPONSIBLE PARTY","HOLLIS","GASPER","BOARD PRESIDENT","HARRIS COUNTY MUD 610","1330 POST OAK BLVD STE 2650",,"HOUSTON","TX","77056","3072","(713)850-9000",,"1330 POST OAK BLVD","STE 2650",,"HOUSTON","TX","77056","3072","POINT (-95.46125 29.75313)"
"HARRIS","7146100","POST WOOD MUD","Municipal Utility District","Active","RESPONSIBLE PARTY","DIANE","FLYNN","PRESIDENT","POST WOOD MUD","23203 PINE POST",,"SPRING","TX","77373","7027","(281)821-7439",,"3700 BUFFALO SPEEDWAY","STE 830",,"HOUSTON","TX","77098","3709","POINT (-95.42982 29.73268)"
"HARRIS","2747000","DOWDELL PUD","Municipal Utility District","Active","RESPONSIBLE PARTY","JERRY","NELSON","PRESIDENT","DOWDELL PUD","PO BOX 22149",,"HOUSTON","TX","77227","2149","(713)565-3095",,"PO BOX 22149",,"Roach Goodall","HOUSTON","TX","77227","2149",
"HARRIS","3737258","HARRIS COUNTY MUD 105","Municipal Utility District","Active","RESPONSIBLE PARTY","CHARLES","LACONTI","PRESIDENT","HARRIS COUNTY MUD 105","PO BOX 22149",,"HOUSTON","TX","77227","2149","(713)565-3095",,"PO BOX 22149",,"Roach Goodall","HOUSTON","TX","77227","2149",
"HARRIS","9000068","HARRIS COUNTY MUD 600","Municipal Utility District","Active","RESPONSIBLE PARTY","STEPHEN","SWEENEY","PRESIDENT","HARRIS COUNTY MUD 600","3200 SOUTHWEST FWY STE 2600",,"HOUSTON","TX","77027","7537","(713)860-6400",,,,,,,,,
"HARRIS","5023117","HARRIS COUNTY MUD 533","Municipal Utility District","Active","RESPONSIBLE PARTY","TYLER","LEGGETT","PRESIDENT","HARRIS COUNTY MUD 533","3200 SOUTHWEST FWY","STE 2600","HOUSTON","TX","77027","7537","(713)860-6400",,"3200 SOUTHWEST FWY",,"STE 2600","HOUSTON","TX","77027","7537","POINT (-95.42861 29.730405)"
"HARRIS","3737094","HARRIS COUNTY MUD 23","Municipal Utility District","Active","RESPONSIBLE PARTY","CHRISTY","SHEPARD","BOARD PRESIDENT","HARRIS COUNTY MUD 23","7342 WOODOAK DR",,"HOUSTON","TX","77040","3710","(281)779-0234",,"5120 BAYARD LN",,"MICHAEL A COLE PC","HOUSTON","TX","77006","6512","POINT (-95.3919 29.72713)"
"HARRIS","6368557","HARRIS COUNTY MUD 590","Municipal Utility District","Inactive",,,,,,,,,,,,,,,,,,,,,
"HARRIS","3737124","HARRIS COUNTY MUD 490","Municipal Utility District","Active","RESPONSIBLE PARTY","LEE","MARKIEWICZ","PRESIDENT","HARRIS COUNTY MUD 490","1300 POST OAK BLVD","STE 2400","HOUSTON","TX","77056","3044","(713)623-4531",,"1300 POST OAK BLVD","STE 2400",,"HOUSTON","TX","77056","3078","POINT (-95.46004 29.75322)"
"HARRIS","3418000","GREENWOOD UTILITY DISTRICT","Municipal Utility District","Active","RESPONSIBLE PARTY","GARY","FLIGHT","PRESIDENT","GREENWOOD UTILITY DISTRICT","3355 W ALABAMA ST STE 350",,"HOUSTON","TX","77098","1866","(713)237-1221",,"3355 W ALABAMA ST","STE 350","RADCLIFFE ADAMS BARNER PLLC","HOUSTON","TX","77098","1866","POINT (-95.42765 29.73837)"
"HARRIS","3737340","HARRIS COUNTY MUD 478A","Municipal Utility District","Inactive",,,,,,,,,,,,,,,,,,,,,
"HARRIS","3737076","HARRIS COUNTY MUD 584","Municipal Utility District","Inactive",,,,,,,,,,,,,,,,,,,,,
"HARRIS","7107000","PINE VILLAGE PUD","Municipal Utility District","Active","RESPONSIBLE PARTY","VIOLET","ALLEN","PRESIDENT","PINE VILLAGE PUD","3355 W ALABAMA ST STE 350",,"HOUSTON","TX","77098","1866","(713)237-1221",,"3355 W ALABAMA ST","STE 350","RADCLIFFE ADAMS BARNER PLLC","HOUSTON","TX","77098","1866","POINT (-95.42765 29.73837)"
"HARRIS","4241160","HARRIS COUNTY WCID 116","Water Control and Improvement District","Active","RESPONSIBLE PARTY","LESSLY","GRIFFITH","PRESIDENT","HARRIS COUNTY WCID 116","3355 W ALABAMA ST STE 350",,"HOUSTON","TX","77098","1866","(713)237-1221",,"3355 W ALABAMA ST","STE 350","RADCLIFFE ADAMS BARNER PLLC","HOUSTON","TX","77098","1866","POINT (-95.42765 29.73837)"
"HARRIS","5983650","NORTHGATE CROSSING MUD 1","Municipal Utility District","Active","RESPONSIBLE PARTY","JASON","WILLIAMS","PRESIDENT","NORTHGATE CROSSING MUD 1","1330 POST OAK BLVD STE 2650",,"HOUSTON","TX","77056","3072","(713)850-9000",,"1330 POST OAK BLVD","STE 2650","SANFORD KUHL HAGAN KUGLE PARKER KAHN LLP","HOUSTON","TX","77056","3072","POINT (-95.46125 29.75313)"
"HARRIS","3737155","HARRIS COUNTY MUD 450","Municipal Utility District","Active","RESPONSIBLE PARTY","ROBERT","STEGALL","PRESIDENT","HARRIS COUNTY MUD 450","3355 W ALABAMA ST STE 350",,"HOUSTON","TX","77098","1866","(713)237-1221",,"3355 W ALABAMA ST","STE 350","RADCLIFFE ADAMS BARNER PLLC","HOUSTON","TX","77098","1866","POINT (-95.42765 29.73837)"
"HARRIS","4699000","HUNTERS GLEN MUD","Municipal Utility District","Active","RESPONSIBLE PARTY","RANDALL","CHESNUTT","PRESIDENT","HUNTERS GLEN MUD","3355 W ALABAMA ST STE 350",,"HOUSTON","TX","77098","7120","(713)237-1221",,"3355 W ALABAMA ST","STE 350","RADCLIFFE ADAMS BARNER PLLC","HOUSTON","TX","77098","1866","POINT (-95.42765 29.73837)"
"HARRIS","3737114","HARRIS COUNTY MUD 33","Municipal Utility District","Active","RESPONSIBLE PARTY","CARRIE","JONES-PATTERSON","BOARD PRESIDENT","HARRIS COUNTY MUD 33","3355 W ALABAMA ST STE 350",,"HOUSTON","TX","77098","1866","(713)237-1221",,"3355 W ALABAMA ST","STE 350","RADCLIFFE ADAMS BARNER PLLC","HOUSTON","TX","77098","1866","POINT (-95.42765 29.73837)"
"HARRIS","3736443","SOUTHEAST REGIONAL MANAGEMENT DISTRICT","Municipal Management District","Active","RESPONSIBLE PARTY","KENDRICK","JAMES","PRESIDENT","HARRIS COUNTY IMPROVEMENT DISTRICT 17","1330 POST OAK BLVD STE 2650",,"HOUSTON","TX","77056","3970","(713)850-9000",,"1330 POST OAK BLVD","STE 2650",,"HOUSTON","TX","77056","3970","POINT (-95.46125 29.75313)"
"HARRIS","3737126","HARRIS COUNTY MUD 403","Municipal Utility District","Active","RESPONSIBLE PARTY","SCOTT","BAYER","PRESIDENT","HARRIS COUNTY MUD 403","1300 POST OAK BOULEVARD","STE 2400","HOUSTON","TX","77056","3078","(713)623-4531",,"1300 POST OAK BLVD","STE 1400","SCHWARTZ PAGE & HARDING LLP","HOUSTON","TX","77056","3078","POINT (-95.46004 29.75322)"
"HARRIS","6041680","NORTHWEST HARRIS COUNTY MUD 28","Municipal Utility District","Active","RESPONSIBLE PARTY","WADE","HARDIE","PRESIDENT","NORTHWEST HARRIS COUNTY MUD 28","1330 POST OAK BLVD STE 2650",,"HOUSTON","TX","77056","3072","(713)850-9000",,"1330 POST OAK BLVD","STE 2650",,"HOUSTON","TX","77056","3072","POINT (-95.46125 29.75313)"
"HARRIS","3737154","HARRIS COUNTY MUD 53","Municipal Utility District","Active","RESPONSIBLE PARTY","JUDY","GRANT","PRESIDENT","HARRIS COUNTY MUD 53","1330 POST OAK BLVD STE 2650",,"HOUSTON","TX","77056","3970","(713)850-9000",,"1330 POST OAK BLVD","STE 2650","SANFORD KUHL HAGAN KUGLE PARKER KAHN LLP","HOUSTON","TX","77056","3970","POINT (-95.46125 29.75313)"
"HARRIS","5983900","NORTHGATE CROSSING ROAD UTILITY DISTRICT","Other","Active","RESPONSIBLE PARTY","PETRINA","DIPAOLO","PRESIDENT","NORTHGATE CROSSING ROAD UTILITY DISTRICT","1330 POST OAK BLVD STE 2650",,"HOUSTON","TX","77056","3072","(713)850-9000",,"1330 POST OAK BLVD","STE 2650","SANFORD KUHL HAGAN KUGLE PARKER KAHN LLP","HOUSTON","TX","77056","3072","POINT (-95.46125 29.75313)"
"HARRIS","3737408","HARRIS COUNTY MUD 170","Municipal Utility District","Active","RESPONSIBLE PARTY","C","BROESCHE","PRESIDENT","HARRIS COUNTY MUD 170","1330 Post Oak Blvd Ste 2650",,"HOUSTON","TX","77056","3072","(713)850-9000",,"1330 POST OAK BLVD STE 2650",,"SANFORD KUHL HAGAN KUGLE PARKER KAHN LLP","HOUSTON","TX","77056","3072","POINT (-95.46125 29.75313)"
"HARRIS","3737450","HARRIS COUNTY MUD 191","Municipal Utility District","Active","RESPONSIBLE PARTY","VAUGHAN","MILLER","PRESIDENT","HARRIS COUNTY MUD 191","7103 Centre Oaks Dr.",,"HOUSTON","TX","77069","2333","(281)537-6264",,"PO BOX 11890",,"CLAUDIA REDDEN & ASSOCIATES","SPRING","TX","77391","1890",
"HARRIS","3059721","FOREST HILLS MUD","Municipal Utility District","Active","RESPONSIBLE PARTY","DAVID","VALENTINE","PRESIDENT","FOREST HILLS MUD","3807 TRAPPERS FOREST DRIVE",,"HOUSTON","TX","77088","7441","212-6026",,"6363 WOODWAY DR","STE 800",,"HOUSTON","TX","77057","1762","POINT (-95.49651 29.75601)"
"HARRIS","9000028","HARRIS COUNTY MUD 580","Municipal Utility District","Active","RESPONSIBLE PARTY","MARIA","RAMIREZ","BOARD PRESIDENT","HARRIS COUNTY MUD 580","1330 POST OAK BLVD STE 2650",,"HOUSTON","TX","77056","3970","(713)850-9000",,"1330 POST OAK BLVD","STE 2650",,"HOUSTON","TX","77056","3970","POINT (-95.46125 29.75313)"
"HARRIS","4715000","INVERNESS FOREST IMPROVEMENT DISTRICT","Water Control and Improvement District","Active","RESPONSIBLE PARTY","GARY","PORTZLINE","PRESIDENT","INVERNESS FOREST IMPROVEMENT DISTRICT","1401 Enclave Parkway, Suite 625",,"HOUSTON","TX","77077","0010","(346)440-1147",,"PO BOX 66568",,"C/O POLLEY GARZA PLLC","HOUSTON","TX","77266","6568",
"HARRIS","3639000","HARRIS COUNTY FWSD 1-A","Fresh Water Supply District","Active","RESPONSIBLE PARTY","SUZETTE","FRETTY","PRESIDENT","HARRIS COUNTY FWSD 1-A","1550 LAMAR ST STE 2000",,"HOUSTON","TX","77010","4106","(713)651-5151",,"1550 LAMAR ST","STE 2000",,"HOUSTON","TX","77010","4106","POINT (-95.361 29.75294)"
"HARRIS","4785000","JACKRABBIT ROAD PUBLIC UTILITY DISTRICT","Municipal Utility District","Active","RESPONSIBLE PARTY","CHARLES","FALKNOR","PRESIDENT","JACKRABBIT ROAD PUBLIC UTILITY DISTRICT","1300 POST OAK BLVD STE 2400",,"HOUSTON","TX","77056","3044","(713)623-4531",,"1300 POST OAK BOULEVARD",,"STE 2400","HOUSTON","TX","77056","3044","POINT (-95.46004 29.75322)"
"HARRIS","3737063","HARRIS COUNTY MUD 599","Municipal Utility District","Inactive",,,,,,,,,,,,,,,,,,,,,
"HARRIS","3035250","FENSKE ROAD MUD OF HARRIS COUNTY","Municipal Utility District","Active",,,,,,,,,,,,,,,,,,,,,
"HARRIS","3737100","HARRIS COUNTY MUD 26","Municipal Utility District","Active","RESPONSIBLE PARTY","HARLAN","FERGUSON","BOARD PRESIDENT","HARRIS COUNTY MUD 26","1300 POST OAK BLVD STE 2400",,"HOUSTON","TX","77056","3078","(713)623-4531",,"1300 POST OAK BLVD","STE 2400",,"HOUSTON","TX","77056","3078","POINT (-95.46004 29.75322)"
"HARRIS","3737478","HARRIS COUNTY MUD 205","Municipal Utility District","Active","RESPONSIBLE PARTY","DAVID","CARPENTER","PRESIDENT","HARRIS COUNTY MUD 205","1300 POST OAK BOULEVARD","STE 2400","HOUSTON","TX","77056","3044","(713)623-4531",,"1300 POST OAK BOULEVARD","STE 2400","SCHWARTZ PAGE & HARDING LLP","HOUSTON","TX","77056","3044","POINT (-95.46004 29.75322)"
"HARRIS","8472970","WEST HARRIS COUNTY MUD 14","Municipal Utility District","Active","RESPONSIBLE PARTY","OSCAR","DOMINGUEZ","BOARD PRESIDENT","WEST HARRIS COUNTY MUD 14","8818 ABERDEEN OAKS DR",,"HOUSTON","TX","77095","5706","(281)245-9705",,"5120 BAYARD LN",,"MICHAEL A. COLE PC","HOUSTON","TX","77006","0111","POINT (-95.3919 29.72713)"
"HARRIS","3737096","HARRIS COUNTY MUD 24","Municipal Utility District","Active","RESPONSIBLE PARTY","DENNIS","CORMIER","PRESIDENT","HARRIS COUNTY MUD 24","1155 DAIRY ASHFORD RD","STE 875","HOUSTON","TX","77079","3034","(713)864-5466",,"1155 DAIRY ASHFORD RD",,"STE 875","HOUSTON","TX","77079","3034","POINT (-95.60716 29.78143)"
"HARRIS","2412000","CROSBY MUD","Municipal Utility District","Active","RESPONSIBLE PARTY","WESLEY","ZARSKY","PRESIDENT","CROSBY MUD","919 CHURCH ST",,"CROSBY","TX","77532","5894","328-4242",,"PO BOX 249",,,"CROSBY","TX","77532","8700",
"HARRIS","7404000","SAGEMEADOW UTILITY DISTRICT","Municipal Utility District","Active","RESPONSIBLE PARTY","GLENN","WILLIAMS","BOARD PRESIDENT","SAGEMEADOW UTILITY DISTRICT","1330 POST OAK BLVD STE 2650",,"HOUSTON","TX","77056","3970","(713)850-9000",,"1330 POST OAK BLVD",,"STE 2650","HOUSTON","TX","77056","3970","POINT (-95.46125 29.75313)"
"HARRIS","3737085","HARRIS COUNTY MUD 582","Municipal Utility District","Active","RESPONSIBLE PARTY","KEVIN","STUTTS","PRESIDENT","HARRIS COUNTY MUD 582","1330 POST OAK BLVD STE 2650",,"HOUSTON","TX","77056","3970","(713)850-9000",,"1330 POST OAK BLVD","STE 2650",,"HOUSTON","TX","77056",,"POINT (-95.46125 29.75313)"
"HARRIS","5196500","KIRKMONT MUD","Municipal Utility District","Active","RESPONSIBLE PARTY","MICHAEL","GRIZZAFFI","PRESIDENT","KIRKMONT MUD","1330 POST OAK BOULEVARD","STE 2650","HOUSTON","TX","77056","3970","(713)850-9000",,"1330 POST OAK BLVD","STE 2650","SANFORD KUHL HAGAN KUGLE PARKER KAHN LLP","HOUSTON","TX","77056","3970","POINT (-95.46125 29.75313)"
"HARRIS","2799500","EAST DOWNTOWN MGMT DISTRICT","Municipal Management District","Active","RESPONSIBLE PARTY","SHAHIN","NAGHAVI","CHAIRMAN","EAST DOWNTOWN MGMT DISTRICT","1330 POST OAK BLVD STE 2650",,"HOUSTON","TX","77056","3072","(713)850-9000",,"1330 POST OAK BLVD","STE 2650",,"HOUSTON","TX","77056","3072","POINT (-95.46125 29.75313)"
"HARRIS","3737142","HARRIS COUNTY MUD 460","Municipal Utility District","Active","RESPONSIBLE PARTY","DONALD","MIDDLETON","PRESIDENT","HARRIS COUNTY MUD 460","1330 Post Oak Blvd Ste 2650",,"HOUSTON","TX","77056","3072","(713)850-9000",,"1330 POST OAK BLVD STE 2650",,"SANFORD KUHL HAGAN KUGLE PARKER KAHN LLP","HOUSTON","TX","77056","3072","POINT (-95.46125 29.75313)"
"HARRIS","6368588","HARRIS COUNTY MUD 575","Municipal Utility District","Active","RESPONSIBLE PARTY","MICHAEL","WARDROUP","BOARD PRESIDENT","HARRIS COUNTY MUD 575","1330 POST OAK BLVD STE 2650",,"HOUSTON","TX","77056","3970","(713)850-9000",,"1330 POST OAK BLVD","STE 2650",,"HOUSTON","TX","77056","3970","POINT (-95.46125 29.75313)"
"HARRIS","3413150","GREATER NORTHSIDE MANAGEMENT DISTRICT","Municipal Management District","Active","RESPONSIBLE PARTY","JEANETTE","RASH","CHAIRMAN","GREATER NORTHSIDE MANAGEMENT DISTRICT","1330 Post Oak Blvd Ste 2650",,"HOUSTON","TX","77056","3072","(713)850-9000",,"1330 POST OAK BLVD STE 2650",,"C/O LAURA C DAVIS","HOUSTON","TX","77056","3072","POINT (-95.46125 29.75313)"
"HARRIS","3737135","HARRIS COUNTY MUD 404","Municipal Utility District","Active","RESPONSIBLE PARTY","XOCHYTL","GREER","PRESIDENT","HARRIS COUNTY MUD 404","1330 Post Oak Blvd Ste 2650",,"HOUSTON","TX","77056","3072","(713)850-9000",,"1330 POST OAK BLVD STE 2650",,"SANFORD KUHL HAGAN KUGLE PARKER KAHN LLP","HOUSTON","TX","77056","3072","POINT (-95.46125 29.75313)"
"HARRIS","9000054","HARRIS COUNTY MUD 570B1","Municipal Utility District","Active",,,,,,,,,,,,,,,,,,,,,
"HARRIS","7122000","PONDEROSA FOREST UTILITY DISTRICT","Municipal Utility District","Active","RESPONSIBLE PARTY","KENNETH","BECKMAN","PRESIDENT","PONDEROSA FOREST UTILITY DISTRICT","19102 TIMBERLAKE OAKS DRIVE",,"TOMBALL","TX","77377","4004","(713)962-3982",,"10000 MEMORIAL DR","STE 260",,"HOUSTON","TX","77024","3430","POINT (-95.48183 29.77837)"
"HARRIS","4713000","INTERSTATE MUD","Municipal Utility District","Active","RESPONSIBLE PARTY","JAMES","ELLIS","PRESIDENT","INTERSTATE MUD","3200 SOUTHWEST FREEWAY","SUITE 2600","HOUSTON","TX","77027","7537","(713)860-6400",,"3200 SOUTHWEST FWY","STE 2600","ALLEN BOONE HUMPHRIES ROBINSON LLP","HOUSTON","TX","77027","7597","POINT (-95.4288 29.73021)"
"HARRIS","7776000","TERRANOVA WEST MUNICIPAL UTILITY DISTRICT","Municipal Utility District","Active","RESPONSIBLE PARTY","TOM","LOVELL","PRESIDENT","TERRANOVA WEST MUNICIPAL UTILITY DISTRICT","9 GREENWAY PLAZA","STE 1100","HOUSTON","TX","77046","0900","(713)651-0111",,"9 GREENWAY PLAZA",,"STE 1000","HOUSTON","TX","77046","0900","POINT (-95.43381 29.7318)"
"HARRIS","1702500","BRIDGELAND MANAGEMENT DISTRICT","Municipal Management District","Active","RESPONSIBLE PARTY","L","COX","PRESIDENT","BRIDGELAND MANAGEMENT DISTRICT","1300 POST OAK BOULEVARD","SUITE 2400","HOUSTON","TX","77056","3044","(713)623-4531",,"1300 POST OAK BOULEVARD",,"STE 1400","HOUSTON","TX","77056","3078","POINT (-95.46004 29.75322)"
"HARRIS","7281270","RENN ROAD MUD","Municipal Utility District","Active","RESPONSIBLE PARTY","KATHLEEN","FARRIS","PRESIDENT","RENN ROAD MUD","3200 SOUTHWEST FREEWAY","STE 2600","HOUSTON","TX","77027","7537","(713)860-6400",,"3200 SOUTHWEST FREEWAY","STE 2600","ALLEN BOONE HUMPHRIES ROBINSON LLP","HOUSTON","TX","77027","7597","POINT (-95.4288 29.73021)"
"HARRIS","5196250","KINGS MANOR MUD","Municipal Utility District","Active","RESPONSIBLE PARTY","BOB","SMITH","PRESIDENT","KINGS MANOR MUD","6363 WOODWAY DR STE 800",,"HOUSTON","TX","77057","1762","(713)739-1060",,"6363 WOODWAY DRIVE","STE 800","BACON WALLACE & PHILBIN","HOUSTON","TX","77057","1762","POINT (-95.49644 29.75603)"
"HARRIS","5448900","LOUETTA NORTH PUD","Municipal Utility District","Active","RESPONSIBLE PARTY","ALBERT","WETZEL","VICE PRESIDENT","LOUETTA NORTH PUD","8919 TWEEDBROOK DRIVE",,"SPRING","TX","77379","6368","(281)986-3664",,"6363 WOODWAY DR","STE 800","C/O BACON, WALLACE & PHILBIN LLP","HOUSTON","TX","77057","1762","POINT (-95.49644 29.75603)"
"HARRIS","3737528","HARRIS COUNTY MUD 230","Municipal Utility District","Active","RESPONSIBLE PARTY","LUKE","GRAINGE","PRESIDENT","HARRIS COUNTY MUD 230","3200 SOUTHWEST FWY STE 2600",,"HOUSTON","TX","77027","7537","(713)860-6400",,"3200 SOUTHWEST FWY","STE 2600","ALLEN BOONE HUMPHRIES ROBINSON LLP","HOUSTON","TX","77027","7597","POINT (-95.42861 29.730405)"
"HARRIS","4057916","HARRIS-WALLER COUNTIES MUD 5","Municipal Utility District","Active","RESPONSIBLE PARTY","CHELSEA","TAYLOR","PRESIDENT","HARRIS-WALLER COUNTIES MUD 5","3200 SOUTHWEST FWY STE 2600",,"HOUSTON","TX","77027","7537","(713)860-6400",,"3200 SOUTHWEST FWY","STE 2600",,"HOUSTON","TX","77027","7537","POINT (-95.42861 29.730405)"
"HARRIS","4036617","HARRIS-WALLER COUNTIES MUD 4","Municipal Utility District","Active","RESPONSIBLE PARTY","RHONDA","PATTERSON","PRESIDENT","HARRIS-WALLER COUNTIES MUD 4","3200 SOUTHWEST FWY STE 2600",,"HOUSTON","TX","77027","7537","(713)860-6400",,"3200 SOUTHWEST FWY","STE 2600",,"HOUSTON","TX","77027","7537","POINT (-95.42861 29.730405)"
"HARRIS","5197600","KLEINWOOD MUD","Municipal Utility District","Active","RESPONSIBLE PARTY","SHERRY","ALLARD","BOARD PRESIDENT","KLEINWOOD MUD","9 GREENWAY PLAZA","STE 1000","HOUSTON","TX","77046","0900","(713)651-0111",,"9 GREENWAY PLZ","STE 1100","COATS ROSE YALE RYMAN AND LEE PC","HOUSTON","TX","77046","0905","POINT (-95.4185 29.7199)"
"HARRIS","5449000","LOUETTA ROAD UTILITY DISTRICT","Municipal Utility District","Active","RESPONSIBLE PARTY","JOSEPH","BENNETT","PRESIDENT","LOUETTA ROAD UTILITY DISTRICT","5311 BRYANHURST LN",,"SPRING","TX","77379","8010","370-9654",,"6363 WOODWAY DRIVE","STE 800","BACON & WALLACE LLP","HOUSTON","TX","77057","1762","POINT (-95.49651 29.75601)"
"HARRIS","3736313","HARRIS COUNTY IMPROVEMENT DISTRICT 14","Municipal Management District","Active","RESPONSIBLE PARTY","CAROL","MATHER","PRESIDENT","HARRIS COUNTY IMPROVEMENT DISTRICT 14","3200 SOUTHWEST FWY STE 2600",,"HOUSTON","TX","77027","7537","(713)860-6400",,"3200 SOUTHWEST FWY","STE 2600","ALLEN BOONE HUMPHRIES ROBINSON LLP","HOUSTON","TX","77027","7537","POINT (-95.42861 29.730405)"
"HARRIS","3737133","HARRIS COUNTY MUD 410","Municipal Utility District","Active","RESPONSIBLE PARTY","TIMOTHY","BAYLES","PRESIDENT","HARRIS COUNTY MUD 410","2727 ALLEN PKWY STE 1100",,"HOUSTON","TX","77019","2191","(713)652-6500",,"2727 ALLEN PKWY","STE 1100","SMITH MURDAUGH LITTLE BONHAM LLP","HOUSTON","TX","77019","2191","POINT (-95.39588 29.75926)"
"HARRIS","7796500","TOMBALL BUSINESS IMPROVEMENT DISTRICT 1","Other","Active","RESPONSIBLE PARTY","MICHAEL","HARNEY","BOARD PRESIDENT","TOMBALL BUSINESS IMPROVEMENT DISTRICT 1","3200 SOUTHWEST FREEWAY","STE 2600","HOUSTON","TX","77027","7537","(713)860-6400",,"3200 SOUTHWEST FWY","STE 2600",,"HOUSTON","TX","77027","7537","POINT (-95.42861 29.730405)"
"HARRIS","9000042","HARRIS COUNTY MUD 591A","Municipal Utility District","Active",,,,,,,,,,,,,,,,,,,,,
"HARRIS","9000043","HARRIS COUNTY MUD 591B","Municipal Utility District","Active",,,,,,,,,,,,,,,,,,,,,
"HARRIS","3737596","HARRIS COUNTY MUD 547","Municipal Utility District","Active","RESPONSIBLE PARTY","JOETTA","BOWIE","PRESIDENT","HARRIS COUNTY MUD 547","3200 SOUTHWEST FWY STE 2600",,"HOUSTON","TX","77027","7537","(713)860-6491",,"3200 SOUTHWEST FREEWAY","STE 2600",,"HOUSTON","TX","77027","7537","POINT (-95.42861 29.730405)"
"HARRIS","5540000","LUCE BAYOU PUD","Municipal Utility District","Active","RESPONSIBLE PARTY","DAVID","WASSELL","BOARD PRESIDENT","LUCE BAYOU PUD","9 GREENWAY PLZ","STE 1000","HOUSTON","TX","77046","0900",,,"9 GREENWAY PLZ","STE 1100","COATS ROSE, PC","HOUSTON","TX","77046","0307","POINT (-95.4185 29.7199)"
"HARRIS","5310200","LAKE HOUSTON DREDGING AND MAINTENANCE DISTRICT","Other","Inactive",,,,,,,,,,,,,,,,,,,,,
"HARRIS","3823003","HARRIS-WALLER COUNTIES MUD 13","Municipal Utility District","Active","RESPONSIBLE PARTY","TAYLOR","RASKA","BOARD PRESIDENT","HARRIS-WALLER COUNTIES MUD 13","3200 SOUTHWEST FWY STE 2600",,"HOUSTON","TX","77027","7537","(713)860-6400",,"3200 SOUTHWEST FWY","STE 2600",,"HOUSTON","TX","77027","7537","POINT (-95.42861 29.730405)"
